﻿{
  "矶井实光的记录": [ "白蔷薇十字架", "旅者丢失的行李", "佐伯视澄的名片", "一只捡回来的鞋", "打火机", "绘本", "前往东京的车票", "从书中掉出来的合照", "还没写完的原稿", "还剩下一半的咖喱", "青虫玩偶", "关于EFC1B257445C1BE7的调查报告", "经常被翻阅的自然图鉴", "忘记带走的资料", "塔罗牌【审判】", "一截长出了新芽的枯枝", "被染红的实验器具", "一颗单独包装的柠檬糖", "一把黑色的伞", "贴着纸条的布丁", "《保有因子论》", "《想象乡》", "刚做好的蛋包饭", "一根绳索", "第九交响曲的唱片", "一袋被丢弃的肉块", "苹果派", "游乐园的门票", "飞走的白鸽", "蜜蜂玩偶", "黑白曲奇饼干", "万年笔", "《道连格雷的肖像》", "大天使的外套", "贤者之石" ],
  "coe角色": [ "初鸟创", "宇津木德幸", "原田实", "西奥多·里德尔", "矶井实光", "矶井来", "矶井丽慈", "矶井晴己", "阿藤春树", "信浓荣治", "原田无谛", "宇津木蓝桐", "榎本诺亚", "榎本一惠", "榎本让二", "矶井来", "矶井丽慈", "idu", "六鹿视澄", "丽君", "嘉纳扇", "神" ],
  "作业list2": [ "想做什么", "想要什么", "在担心什么", "曾做过什么", "为何做了那件事", "为何没有做那件事", "现在怎样了", "未来将会怎样", "过去曾经怎样" ],
  "作业list3": [ "至高细胞", "贤者之石", "保有因子论", "船难事故", "神", "绑架事件", "西奥多的使命", "“玩家”" ],
  "作业list4": [ "是什么关系", "互相是怎么看对方的", "可能会交流些什么" ],
  "作业1": [ "\n今天布置给你的作业是：\n{coe角色}与{coe角色}{作业list4}？" ],
  "作业2": [ "\n今天布置给你的作业是：\n{coe角色}{作业list2}？" ],
  "作业3": [ "\n今天布置给你的作业是：\n{作业list3}是什么？" ],
  "今天的作业": [ "{%作业1}", "{%作业2}", "{%作业3}" ],
    "六星":[
        "★6[葡萄藤中的雲上夢境]初鳥創",
        "★6[花盆中的生命]ORIGIN ALPHA",
        "★6[連著我的份活下去]嘉納扇",
        "★6[溺水深處的記憶]磯井晴己",
        "★6[逝去的往昔夢境]中庭的花盆",
        "★6[獻予你的樂園]磯井麗慈",
        "★6[屬於你的故事]阿藤春樹",
        "★6[紫苑於暴雨中凋零]原田実",
        "★6[向著未來]磯井実光",
        "★6[冰封湖底的白色蔷薇]宇津木德幸",
        "★6[救濟]初鳥創"
    ],
    "五星":[
        "★5[師匠]阿尼",
        "★5[歎息之川]宇津木德幸",
        "★5[诅咒]嘉納扇",
        "★5[面向未來的決意]信濃榮治",
        "★5[友人]音羽塁",
        "★5[被埋藏起的過去]青柳奏生",
        "★5[空無一物的雙手]磯井実光",
        "★5[平穩夢境]阿藤春樹",
        "★5[暴走]ORIGIN BETA",
        "★5[想象鄉]原田無諦",
        "★5[藥之魔術師]宇津木藍桐",
        "★5[無法實現的約定]れいくん",
        "★5[神之子]初鳥創",
        "★5[諦観]磯井麗慈",
        "★5[悔意]磯井來",
        "★4[父親]榎本讓二",
        "★4[母親]榎本一惠",
        "★5[未來]阿藤春樹",
        "★5[災厄]阿藤春樹?",
        "★5[ひかり]陽？",
        "★5[悪夢]柳仁奈",
        "★5[再誕]榎本のあ",
        "★5[增殖]熊崎花蓮",
        "★5[業火]蛇淵陽"
    ],
    "四星":[
        "★4[回憶]遠藤あかね",
        "★4[中学教師?]麻生浩二",
        "★4[少女]熊崎花蓮",
        "★4[警察官]倉知輝美",
        "★4[所長]音羽塁",
        "★4[教師]柳仁奈",
        "★4[後輩]信濃栄治",
        "★4[研究員]嘉納扇",
        "★4[自由職業者]磯井麗慈",
        "★4[司教]蛇淵陽",
        "★4[信者]熊崎理久",
        "★4[大学生]相場伊吹",
        "★4[歐派]榎本のあ",
        "★4[冷蔵庫]宇津木徳幸"
    ],
    "三星":[
        "★3[亡妻]熊崎菫",
        "★3[奶奶]阿藤知子",
        "★3[汪]波奇",
        "★3[beta?]古杜哲也",
        "★3[研究員]設楽啓介",
        "★3[研究員]下田徹",
        "★3[研究員]須藤恒明",
        "★3[研究員]木下昇平",
        "★3[研究員]羽柴照信",
        "★3[偵探社]日置あたる",
        "★3[偵探社]松井育子",
        "★3[偵探社]勝谷誉",
        "★3[偵探社]虎鉄近臣",
        "★3[信者]今村洋史",
        "★3[zzZ]寺島晋",
        "★3[司教]相場雄介",
        "★3[研究員]田中有希",
        "★3[研究員]新見和也",
        "★3[CREATURE]足",
        "★3[CREATURE]圓陣",
        "★3[CREATURE]背",
        "★3[CREATURE]腦"
    ],
    "阿卡夏记录":[
        "::1::★?[???]セオドア リドル",
        "::19::{六星}",
        "::80::{五星}",
        "::400::{四星}",
        "::500::{三星}"
    ]
}