﻿{
	"_魔杖内芯":[
		"::30::独角兽毛，将会是最稳定，最忠诚的，同时也最难使用黑魔法。",
		"::30::龙心弦，强大的力量，能够施展出最璀璨华美的魔法，学习魔法会更加迅速，也会是最不稳定的那种。",
		"::10::凤凰羽毛，这种魔杖内芯通常是最主动也最挑剔的存在，是世界上最有独立性和超然性的创造物。这种魔杖最难驯服和个人化，通常也很难赢得它的忠心。",
		"蛇的神经，这种魔杖内芯通常拥有强大的魔力，对于所持有者的身份和精神十分敏感，对于拥有坚定信念的人会更加愿意表现自己，但意志不坚定者使用容易误入歧途。",
		"人鱼的头发，十分稀少，通常会展现出极端性，部分人鱼的头发所做出来的魔杖十分温和，甚至有着好运的传说，但有部分魔杖则会显示出十分暴虐以及不稳定的一面。",
		"狮鹫的羽毛，这种魔杖擅长守护类魔咒，通常较内敛，非常喜欢潜力强大的。",
		"飞马的马尾，相传使用飞马的马尾所做的魔杖会让人拥有好运，拥有者通常善于创新，同时有对持有者安抚的能力。",
		"亚拉克妮的蛛丝，传说中亚拉克妮的蛛丝所做成的魔杖会吞噬持有者的意志，目前性能不明。",
		"夜骐的尾羽，据说只有能够掌控死亡的的巫师才能控制这种魔杖。",
		"猫豹毛发，这种魔杖通常古灵精怪，很难捉摸透，非常灵巧。",
		"媚娃的头发，很少有人会得到这种魔杖，通常拥有着蛊惑人心的力量，如果使用了别的魔杖，存在着反噬巫师的例子。",
		"雷鸟尾羽，使用这种杖芯的魔杖虽然难以掌控，但它们通常都具有非常强大的力量，对于变形师尤其珍贵。",
		"长角水蛇角。",
		"巨怪胡须。",
		"怀特河怪背脊刺，它为杖芯的魔杖所施展的法术强力且优雅。",
		"鹿角兔的鹿角。",
		"马型水怪鬃毛。",
		"山暴龙心弦。",
		"蛇怪角。",
		"湿地狼人毛发。",
		"麒麟羽毛。",
		"龙的神经。"
	],
	"_魔杖长度整数":[
		"::10::九",
		"::10::十",
		"::10::十一",
		"::10::十二",
		"::10::十三",
		"::10::十四",
		"十五",
		"八"
	],
	"_魔杖长度分数":[
		"::5::又四分之一英寸",
		"::5::又三分之一英寸",
		"::5::英寸半",
		"::5::又四分之三英寸",
		"::5::又三分之二英寸",
		"::10::英寸"
	],
	"_魔杖特性":[
		"不易弯曲，",
		"柔韧，",
		"非常坚硬，",
		"弹性不错，",
		"弹性尚可，",
		"坚脆，",
		"挥起来飕飕响，",
		"易弯曲，",
		"刚硬，",
		"坚硬，",
		"有点弯，",
		"弹性很强，",
		"不可弯曲，",
		"弹性优良，",
		"非常刚硬，",
		"有弹性，",
		"",
		"",
		""
	],
	"_魔杖木质":[
		"梣木（Ash）魔杖。这种魔杖与主人之间的关系紧密，由其他人使用或赠与其他人都会使它会失去魔法力量。",
		"白杨木（Poplar）魔杖。这是一种可以信赖，包容性强，强大且有着始终如一的力量的魔杖，与具备清晰道德观的男女巫师最为契合。",
		"柏木（Cypress）魔杖。柏木魔杖和勇气相关。柏木魔杖的灵魂伴侣是勇敢无畏、坚定不移、具有自我牺牲精神的人——无惧自身与他人天性中以阴暗的人。",
		"冬青木（Holly）魔杖。传统观念认为它具备防御属性，它适合可能需要帮助来克服易怒和情感冲动的人。同时，冬青木魔杖经常选择可能经历危险的人、精神上有追求的人。",
		"鹅耳枥木（Hornbeam）魔杖。鹅耳枥木魔杖通常选择有才华的男女巫师，他们有着专一且纯粹的激情，有人形容这种行为是“痴迷”。鹅耳枥木魔杖适应它们主人的魔法比任何魔杖都要快，可以迅速的个性化，速度快到其他人使用它的话哪怕是最简单的魔咒都施展不了。鹅耳枥木魔杖是一种极有原则和自我意识的魔杖。",
		"黑刺李木（Blackthorn）魔杖。黑刺李木魔杖要同主人一起经历危险和困境之后才能与主人真正的融为一体。这一点一旦达成，黑刺李木魔杖就会成为其拥有者最忠实的仆人。",
		"黑胡桃木（Black Walnut）魔杖。黑胡桃木魔杖通常会选择一个直觉敏锐和洞察力强悍的主人。它有个很显著的问题，不能自行调节内部冲突，这要求它的主人必须诚实的面对自己的内心，如果它的主人表现出任何自我欺瞒的情况，它是不能发挥出应有的力量的。",
		"黑檀木（Ebony）魔杖。黑檀木魔杖通常会选择那些有勇气做自己的人，他们不随大流，特立独行，喜欢沉浸在局外人的状态。黑檀木魔杖的完美搭档是那些能够无视外部压力、坚守信仰的人。",
		"红衫木（Redwood）魔杖。红衫木魔杖有能给主人带来好运的名声，所以总是供不应求。但红衫木其实并不能带来幸运，他们只是会受到具备逃脱险境的能力的人的吸引，红衫木魔杖的主人可以做出正确的选择在危机中寻找突破口。",
		"红橡木（Red Oak）魔杖。红橡木魔杖真正会选择的是应变速度非同寻常的人，这使它称得上是完美的决斗魔杖。",
		"胡桃木（Walnut）魔杖。胡桃木魔杖通常会选择魔咒创新者或魔咒发明家，极具聪明才智的男女巫师应该首先试一试胡桃木魔杖。",
		"接骨木（Elder）魔杖。接骨木魔杖比任何一种魔杖都更加难以掌控。它拥有强大的施展魔法的能力，但是不愿意与不如它优秀的巫师合作。无论一个巫师拥有一支接骨木魔杖多久，这个巫师一定是举世瞩目的。只有特别的不寻常的人才能与接骨木魔杖完美适配，这种稀有情况一旦发生，这位巫师注定会有一段波澜壮阔的命运。",
		"金合欢（Acacia）魔杖。金合欢魔杖只为最具天赋的人完全施展自身的性能，这样的特殊性使得金合欢魔杖很难适配多数人，它的主人需要足够细致敏锐。",
		"冷杉木（Fir）魔杖。冷杉木魔杖尤其适合变形术，它们喜欢精力集中、心智强大、行为偶尔比较强势的主人。",
		"梨木（Pear）魔杖。梨木魔杖通常会选择心地善良、慷慨大方、充满智慧的人。",
		"栗木（Chestnut）魔杖。栗木魔杖通常会选择经验丰富的魔法生物的驯养师、具有草药学天赋的巫师，或技巧高超的飞行家。",
		"柳木（Willow）魔杖。柳木魔杖的纹理非常美，而且非常适合施展高级无声咒。不过柳木魔杖通常会选择那些潜能极大的巫师，而不是那些自我感觉良好的人。",
		"落叶松木（Larch）魔杖。落叶松木魔杖能将勇气和信心缓缓注入他们的主人体内，这样的名声使这种魔杖一直供不应求。但是掌握落叶松木魔杖的难度也比许多人所想像的要大的多，被落叶松魔杖选中的男女巫师也许在得到这种魔杖以前从未充分意识到他们身上潜藏着重要的才能，但是他们在遇到落叶松魔杖后，便会与魔杖产生超乎寻常的默契。",
		"苹果木（Apple）魔杖。苹果木魔杖的力量很强大，尤其是适合有着崇高目标和远大理想的人。拥有苹果木魔杖的人通常拥有着极高的个人魅力。",
		"葡萄藤木（Vine）魔杖。葡萄藤木魔杖很少见，其通常会选择那些有着崇高追求、具有远见卓识、会做出让自以为了解他们的朋友感到震惊的事情的人。",
		"桤木（Alder）魔杖。桤木魔杖的理想主人却不是固执的人，而是乐于助人、体贴周到、被大多数人喜爱的人。",
		"槭木（Maple）魔杖。槭木魔杖通常选择天生的旅行家和探险家。槭木魔杖不是用于日常居家的魔杖，更倾向于选择有野心和抱负的男女巫师。",
		"山梨木（Rowan）魔杖。山梨木魔杖和头脑清楚、内心纯净的人最为适配，同时这种魔杖在决斗的时候也非常犀利，远超由其他木材制作的魔杖。",
		"山毛榉木（Beech）魔杖。山毛榉木魔杖的主人是个年轻人，那他或她的智慧与心胸一定远胜同侪。如果其主人是成年人，那他或她一定有着超群的认识和丰富的经历。",
		"山杨木（Aspen）魔杖。山杨木魔杖的合适主人通常是技术娴熟或命中注定的决斗者。",
		"山楂木（Hawthorn）魔杖。山楂木魔杖可能特别适合医疗魔法，但是它们也擅长诅咒，山楂木魔杖最为适配有着矛盾个性或正在经历内心特别纠结的巫师。",
		"山茱萸木（Dogwood）魔杖。山茱萸木魔杖坚持选择能提供给他们乐趣的搭档。大多数山茱萸木魔杖有个很有趣的缺点：他们拒绝施展无声咒，且施展魔法的时候相当吵闹。",
		"蛇木（Snakewood）魔杖。蛇木具有一定的魔法特性，可以作为魔杖木材。知名的蛇木魔杖的使用者是霍格沃茨魔法学校的创办者之一萨拉查.斯莱特林。",
		"松木（Pine）魔杖。松木魔杖一般会选择一个特立独行的主人，该主人可能会被看作独行侠，非常有趣，且有些神秘。松木魔杖享受具有创意的魔法，对无声咒非常敏感。",
		"桃花心木（Mahogany）魔杖。桃花心木魔杖用于变形术是最好不过了。",
		"悬铃木（Sycamore）魔杖。悬铃木魔杖乐于探索，渴望获得新的体验。如果一直做平凡的事情，它便会失去光彩。如果让它做一些“无聊”的事情，它可能会自燃。",
		"雪松木（Cedar）魔杖。雪松木魔杖的男女巫师拥有着变成很可怕的对手的潜质。这种潜质会让不经过大脑就对他们下战书的人非常后悔。",
		"银毛椴木（Silver Lime）魔杖。银毛椴木魔杖具有吸引力的原因不仅因为它具有独特美观的外表，还因为它非常适合先知和摄神取念。",
		"英国橡木（English Oak）魔杖。英国橡木魔杖是一种无论在顺境还是在逆境都陪着主人度过的魔杖，对巫师无比忠诚。英国橡木魔杖通常选择的对象是具备力量、勇气与忠诚的人。",
		"樱桃木（Cherry）魔杖。樱桃木魔杖也是日本魔法学校——魔法所中的学生中最为推崇的一种木材。在魔法所，拥有樱桃木魔杖的人享有极高的威望。",
		"榆木（Elm）魔杖。榆木魔杖通常选择的有风度、魔法天赋，还有与生俱来高贵气质的主人。",
		"月桂木（Laurel）魔杖。月桂木魔杖所展现出的力量非常强大，达到可以致命的程度。月桂木魔杖不能忍受懒惰的主人，若主人懒惰，它宁愿自己被别人拿走。它会在其他巫师试图将其偷走的时候自行发出闪电攻击。",
		"云杉木（Spruce）魔杖。云杉木魔杖只需要一只坚定不移的手来控制，因为魔杖本身似乎对于自己即将施展的魔法有它自己的想法。",
		"榛木（Hazel）魔杖。榛木魔杖是一种非常敏感的魔杖，可以映射出其拥有者的情绪状态，与那些理解并且能够掌握自己情感的主人配合最为默契。",
		"紫衫木（Yew）魔杖。紫衫木魔杖会赋予持有者掌控生死的力量，它在决斗和所有诅咒领域都保有着特别黑暗和可怕的声誉。"
	],
"魔杖制作":["魔杖在选择它的巫师，来看看你被哪只魔杖选中了吧，嗯……{_魔杖木质}内芯是{_魔杖内芯}长度{_魔杖长度整数}{_魔杖长度分数}，{_魔杖特性}这就是属于你的魔杖了。"]
}