﻿{
    "碧蓝牌堆介绍":[
        "1.本牌堆仅包括常驻建造。\n2.六艘收藏解锁建造视为已解锁。\n3.指令包括：\n【.draw 轻型舰建造】\n【.draw 重型舰建造】\n【.draw 特型舰建造】\n【.draw 轻型舰建造十次】\n【.draw 重型舰建造十次】\n【.draw 特型舰建造十次】\n4.牌堆作者：安语Anrry\n5.大家记得理性消费，抽卡不要上头。"
    ],
    "轻型舰建造十次":[
        "{%轻型舰建造}\n{%轻型舰建造}\n{%轻型舰建造}\n{%轻型舰建造}\n{%轻型舰建造}\n{%轻型舰建造}\n{%轻型舰建造}\n{%轻型舰建造}\n{%轻型舰建造}\n{%轻型舰建造}"
    ],
    "重型舰建造十次":[
        "{%重型舰建造}\n{%重型舰建造}\n{%重型舰建造}\n{%重型舰建造}\n{%重型舰建造}\n{%重型舰建造}\n{%重型舰建造}\n{%重型舰建造}\n{%重型舰建造}\n{%重型舰建造}"
    ],
    "特型舰建造十次":[
        "{%特型舰建造}\n{%特型舰建造}\n{%特型舰建造}\n{%特型舰建造}\n{%特型舰建造}\n{%特型舰建造}\n{%特型舰建造}\n{%特型舰建造}\n{%特型舰建造}\n{%特型舰建造}"
    ],
    "轻型舰建造":[
        "::55::{%_轻N}","::26::{%_轻R}","::12::{%_轻SR}","::7::{%_轻SSR}"
    ],
    "重型舰建造":[
        "::30::{%_轻N}","::51::{%_轻R}","::12::{%_轻SR}","::7::{%_轻SSR}"
    ],
    "特型舰建造":[
        "::30::{%_轻N}","::51::{%_轻R}","::12::{%_轻SR}","::7::{%_轻SSR}"
    ],
    "_轻N":[
        "普通N.卡辛","普通N.唐斯","普通N.克雷文","普通N.麦考尔","普通N.富特","普通N.斯彭斯","普通N.奥利克","普通N.奥马哈","普通N.罗利","普通N.小猎兔犬","普通N.大斗犬","普通N.彗星","普通N.新月","普通N.小天鹅","普通N.狐提","普通N.利安得","普通N.松","普通N.樟","普通N.楙","普通N.貊","普通N.柯尼斯堡","普通N.卡尔斯鲁厄","普通N.科隆"
    ],
    "_轻R":[
        "稀有R.哈曼","稀有R.本森","稀有R.贝利","稀有R.弗莱彻","稀有R.贝奇","稀有R.斯坦利","稀有R.布什","稀有R.斯莫利","稀有R.霍比","稀有R.科尔克","稀有R.康克德","稀有R.孟菲斯","稀有R.布鲁克林","稀有R.菲尼克斯","稀有R.亚特兰大","稀有R.朱诺","稀有R.女将","稀有R.阿卡司塔","稀有R.热心","稀有R.丘比特","稀有R.泽西","稀有R.库拉索","稀有R.杓鹬","稀有R.阿基里斯","稀有R.阿贾克斯","稀有R.南安普顿","稀有R.格拉斯哥","稀有R.牙买加","稀有R.榊","稀有R.棡","稀有R.枨","稀有R.梅","稀有R.楉","稀有R.檨","稀有R.榎","稀有R.棭","稀有R.荙","稀有R.槆","稀有R.柉","稀有R.栭","稀有R.Z18","稀有R.Z19","稀有R.棈","稀有R.莱比锡","稀有R.福尔班","稀有R.勒马尔","稀有R.橗","稀有R.棹"
    ],
    "_轻SR":[
        "精锐SR.莫里","精锐SR.拉菲","精锐SR.圣路易斯","精锐SR.海伦娜","精锐SR.小海伦娜","精锐SR.克利夫兰","精锐SR.丹佛","精锐SR.小克利夫兰","精锐SR.标枪","精锐SR.无敌","精锐SR.欧若拉","精锐SR.谢菲尔德","精锐SR.小贝法","精锐SR.黑太子","精锐SR.桐","精锐SR.柚","精锐SR.苓","精锐SR.狐","精锐SR.猨","精锐SR.狻","精锐SR.Z23","精锐SR.Z25","精锐SR.Z35","精锐SR.长春","精锐SR.太原","精锐SR.逸仙","精锐SR.宁海","精锐SR.平海","精锐SR.鲁莽","精锐SR.倔强","精锐SR.桸","精锐SR.楛"
    ],
    "_轻SSR":[
        "超稀有SSR.圣地亚哥","超稀有SSR.蒙彼利埃","超稀有SSR.贝尔法斯特","超稀有SSR.天狼星","超稀有SSR.确捷","超稀有SSR.莲","超稀有SSR.茗","超稀有SSR.Z46","超稀有SSR.阿芙乐尔","超稀有SSR.凯旋","超稀有SSR.恶毒","超稀有SSR.茳"
    ],
    "_重N":[
        "普通N.彭萨科拉","普通N.内华达","普通N.俄克拉荷马","普通N.犹","普通N.猅"
    ],
    "_重R":[
        "稀有R.北安普敦","稀有R.芝加哥","稀有R.波特兰","稀有R.宾夕法尼亚","稀有R.田纳西","稀有R.加利福尼亚","稀有R.什罗普郡","稀有R.苏塞克斯","稀有R.肯特","稀有R.萨福克","稀有R.诺福克","稀有R.反击","稀有R.鳌","稀有R.螯"
    ],
    "_重SR":[
        "精锐SR.纳尔逊","精锐SR.罗德尼","精锐SR.黑暗界","精锐SR.恐怖","精锐SR.阿贝克隆比","精锐SR.鳗","精锐SR.德意志","精锐SR.斯佩伯爵海军上将","精锐SR.希佩尔海军上将","精锐SR.小鲟","精锐SR.敦刻尔克","精锐SR.狺","精锐SR.休斯敦","精锐SR.印第安纳波利斯","精锐SR.威奇塔","精锐SR.亚利桑那","精锐SR.科罗拉多","精锐SR.马里兰","精锐SR.伦敦","精锐SR.多塞特郡","精锐SR.约克","精锐SR.埃克塞特","精锐SR.声望","精锐SR.伊丽莎白女王"
    ],
    "_重SSR":[
        "超稀有SSR.明尼阿波利斯","超稀有SSR.北卡罗来纳","超稀有SSR.华盛顿","超稀有SSR.胡德","超稀有SSR.厌战","超稀有SSR.威尔士亲王","超稀有SSR.约克公爵","超稀有SSR.獒","超稀有SSR.犬","超稀有SSR.欧根亲王","超稀有SSR.提尔比茨","超稀有SSR.让.巴尔","超稀有SSR.马萨诸塞","超稀有SSR.鲨"
    ],
    "_特N":[
        "普通N.彭萨科拉","普通N.博格","普通N.兰利","普通N.突击者","普通N.竞技神"
    ],
    "_特R":[
        "稀有R.北安普敦","稀有R.芝加哥","稀有R.波特兰","稀有R.长岛","稀有R.什罗普郡","稀有R.肯特","稀有R.萨福克","稀有R.诺福克"
    ],
    "_特SR":[
        "精锐SR.皇家方舟","精锐SR.光荣","精锐SR.伊26","精锐SR.伊58","精锐SR.U-557","精锐SR.小凰","精锐SR.小齐柏林","精锐SR.絮库夫","精锐SR.伊25","精锐SR.U-522","精锐SR.伊56","精锐SR.休斯敦","精锐SR.印第安纳波利斯","精锐SR.威奇塔","精锐SR.列克星敦","精锐SR.萨拉托加","精锐SR.约克城","精锐SR.大黄蜂","精锐SR.鲦鱼","精锐SR.女灶神","精锐SR.伦敦","精锐SR.多塞特郡","精锐SR.独角兽","精锐SR.追赶者"
    ],
    "_特SSR":[
        "超稀有SSR.企业","超稀有SSR.埃塞克斯","超稀有SSR.半人马","超稀有SSR.胜利","超稀有SSR.光辉","超稀有SSR.鹬","超稀有SSR.鹤","超稀有SSR.鹩","超稀有SSR.伊19","超稀有SSR.茗","超稀有SSR.U-81","超稀有SSR.齐柏林伯爵","超稀有SSR.U-47","超稀有SSR.U-101","超稀有SSR.伊168","超稀有SSR.香格里拉","超稀有SSR.伊13"
    ]
}