﻿{
	"欧式正餐": [
"昨天贝娅做的切片巧克力蛋糕，在冰箱里过了一夜之后，用作于早餐也很不错呢。",
"胡萝卜蛋糕，上面放着很多奶油奶酪，咬一口会尝到很浓重的胡萝卜和核桃的味道",
"两根培根与煎蛋,配着一个烤的刚刚好的面包",
"两根被蜂蜜淋在用椰子油煎的香蕉",
"肉桂卷，热热的，软软的、透着一股肉桂香气的卷卷的小面包。上面还涂着糖衣。",
"烤面包，馅是用黄油炒的洋葱以及玉米和鲜虾做的，还带着些胡椒的味道。被充满奶香味的面糊包裹着。最上面是一片焦焦的芝士，会拉丝哦！",
"烤土司上抹上一层牛油果，再叠上一片番茄，加上一个溏心蛋",
"7分熟的牛排配上花椰菜和圣女果。",
"黑面包，还有两根德式香肠",
"肉酱意面，刀叉都给你摆好了哦！",
"牛角面包，还冒着热气，似乎是刚刚出炉的",
"黄油面包",
"很厚实的汉堡，天啊这个肉饼的厚度，这个芝士的量，也太大了吧！难道这两个女孩子天天在家里都吃这么高热量的东西吗？",
"碗装的麦片，里面还有些蓝莓和草莓，上面还挤了一些奶油。看起来很好吃！",
"司康饼，说起来这玩意是英国的吧，真的好吃吗？",
"煮豆子，看起来烂乎乎的。"],
"欧式配餐": [
"旁边的小碟子上放着几个草莓和一小块奶油芝士",
"旁边的小碟子上放着一小碟蜜饯核桃，炒熟的核桃上面满满的蜂蜜，甜味中带了一丝苦苦的坚果回香。",
"旁边的小碟子上放着蜂蜜松饼，软软弹弹的松饼上淋了一些蜂蜜，最顶端放着一小块奶油芝士，盘子里还有一些嫩滑的鸡蛋和烤榛子。",
"旁边的小碟子上放着香蕉松饼，最上面的巧克力都被烤化了啊啊啊啊！！",
"旁边的小碟子上放着奶油奶酪配煮鸡蛋，压碎了拌着吃也很好吃呢",
"旁边有一小碟煎鸡蛋",
"旁边有一碗蔬菜沙拉，用的似乎是凯撒酱呢",
"旁边有一小碟坚果碎和切好的奇异果",
"旁边有一小碟薯条,只是用盐来沾也很好吃啊"
 ],
"欧式饮品": [
"夏威夷坚果咖啡",
"倒在玻璃杯里的樱花拿铁，有着漂亮的樱粉色。贝娅又往里面放了两片盐渍樱花，樱花在杯子中绽放了！",
"焦糖拿铁，玻璃杯上面还有淋着焦糖酱的奶油冰淇淋",
"抹茶拉铁。加些冰之后再倒入，抹茶与牛奶白绿相间的颜色缓慢向下沉去。",
"草莓果子露，用草莓果子露加上些许冰块，再倒入牛奶。有着令人感动的甜味",
"热红茶",
"意式浓缩，唔，唔！！怎么这么苦！！"
],
"日式正餐":[
"薄而透明的春卷，带着些笋片和肉的香味。炸的酥脆。",
"竹笋蒸饭，带着浓郁的春季气息呢！",
"味增饭团，慢点咬，不然会烫到舌头的！不过用这玩意做茶泡饭也不错吧？",
"茶泡饭，用昨天剩饭做的，汤头不只是茶，还有股柴油高汤的味道，又清爽又温暖。",
"大阪烧，每次看到这么一大坨浆糊糊变得好吃起来后，都会有种奇怪的感觉。",
"猪肉生姜烧，一整天的能量！","白米饭，旁边有一个生鸡蛋，和一碟酱油",
"白米饭，旁边有一个生鸡蛋，和一碟酱油",
"白米饭，旁边有一个生鸡蛋，和一碟酱油",
"白米饭，旁边有一个生鸡蛋，和一碟酱油",
"白米饭，旁边有一个生鸡蛋，和一碟酱油",
"白米饭，旁边有一个生鸡蛋，和一碟酱油",
"散着香味的白米饭",
"散着香味的白米饭",
"散着香味的白米饭",
"散着香味的白米饭",
"散着香味的白米饭"
],

"日式配餐":[
"旁边的碗里盛着甜白豆汤，用红薯、甜米粉搓成的小圆子，红豆馅和软糯的苹果混着amazake煮熟。酒精都挥发掉了，甜丝丝的！吃这个对皮肤也很好哦！",
"旁边的碗里盛着味增汤，昆布的味道好重哦。",
"旁边的碗里盛着味增汤，昆布的味道好重哦。",
"旁边的碗里盛着味增汤，昆布的味道好重哦。",
"旁边的碗里盛着味增汤，昆布的味道好重哦。",
"旁边的碗里盛着味增汤，昆布的味道好重哦。",
"旁边的碗里盛着味增汤，昆布的味道好重哦。",
"旁边的碟子里盛着几块卷了一大块蟹棒的寿司卷，沾着芥末和酱油很好吃",
"旁边的碟子里盛着几块卷了一大块蟹棒的寿司卷，沾着芥末和酱油很好吃",
"旁边的碗里盛着海藻麦麸味增汤",
"旁边的碗里盛着海藻麦麸味增汤",
"旁边的碗里盛着海藻麦麸味增汤",
"旁边的碟子里盛着昨天剩下的肉丸子",
"旁边的碟子里盛着熏三文鱼片",
"旁边的碟子里盛着柔软蓬松的玉子烧",
"旁边有一小碟纳豆，看上去很好吃",
"旁边有一小碟纳豆，看上去很好吃",
"旁边有一小碟纳豆，看上去很好吃",
"旁边有一条烤鳗鱼，啊啊，好香啊！",
"旁边有一条烤鳗鱼，啊啊，好香啊！",
"旁边有一条烤鳗鱼，啊啊，好香啊！",
"旁边有一条烤鳗鱼，啊啊，好香啊！",
"旁边有一条烤鳗鱼，啊啊，好香啊！",
"旁边的碟子上有两个水信玄饼，透明的椭圆形中开着一朵漂亮的樱花。",
"旁边的碟子上有两个水信玄饼，透明的椭圆形中开着一朵漂亮的樱花。",
"旁边的碟子上有两个水信玄饼，透明的椭圆形中开着一朵漂亮的樱花。",
"旁边的小碟子里有着白萝卜泥、紫菜、鲣鱼干、菠菜、腌萝卜，看起来很脆呢。",
"旁边的小碟子里有着白萝卜泥、紫菜、鲣鱼干、菠菜、腌萝卜，看起来很脆呢。",
"旁边的小碟子里有着白萝卜泥、紫菜、鲣鱼干、菠菜、腌萝卜，看起来很脆呢。",
"旁边的小碟子里有着白萝卜泥、紫菜、鲣鱼干、菠菜、腌萝卜，看起来很脆呢。",
"旁边的小碟子里有着白萝卜泥、紫菜、鲣鱼干、菠菜、腌萝卜，看起来很脆呢。",
"旁边的碟子里盛着熏三文鱼片",
"旁边的碟子里盛着熏三文鱼片",
"旁边的碟子里盛着柔软蓬松的玉子烧",
"旁边的碟子里盛着柔软蓬松的玉子烧"],
"日式饮品":[
"简单的速溶咖啡，上面冒了很多小泡泡！",
"一茶杯海酸奶，并没有海的味道啦！酸味也很少哦。",
"橘子清酒，带着浓郁的橘子清香~甜丝丝的！",
"amazake！又甜又温和的清酒，冬天的早上喝也会有些晕乎乎的呢！",
"牛奶咖啡，慢慢渐变着的咖啡色真是好看啊…",
"蜂蜜香蕉豆乳，粘稠又漂亮的豆乳上面加些巧克力碎也不错吧？",
"无糖可乐，啊，早上喝这个，也不错嘛！",
"热红茶",
"冰冰的大麦茶",
"大麦茶",
"柠檬水，被蜂蜜腌过的柠檬有些甜甜的呢",
"清茶，淡淡的茶叶味道~",
"很好喝的茶，暖暖的",
"芹菜汁，哎？喝这么健康的东西吗....看起来太绿了吧？",
"抹茶，好香哦，有点点苦",
"香香的热牛奶"
],
"随机包子":[
"包子",
" 饺子",
" 煎饺",
" 小笼包",
" 水煎包"
],
"包子馅":[
"蘑菇",
" 三鲜",
" 牛肉胡萝卜",
" 鸡汁",
" 芹菜猪肉",
" 白菜猪肉"
],
"灌汤包馅":[
"蟹黄",
"虾仁",
"鸡汁"
],
"中式正餐":[
"薄而透明的春卷，带着些笋片和肉的香味。炸的酥脆。",
"竹笋蒸饭，带着浓郁的春季气息呢！"
,"冒着热气的{随机包子}，面非常柔软蓬松，咬下去之后你发现这是{包子馅}馅的",
"皮薄得几乎透明的灌汤包，你轻轻地咬破了皮，一股浓郁的肉汤充斥到你的口腔中，是{灌汤包馅}馅",
"油条，看起来很好吃",
"肠粉，嫩滑又透明，上面还淋着酱油，肠粉里面还有生菜鸡蛋和虾",
"手抓饼。起酥的饼皮里夹着生菜和 鸡蛋，看起来还有一根肠，闻着很香，没有那么重的油腻味道。",
"米粉，里面还有些牛肉卷和青菜，汤底似乎是用的骨头熬出来的高汤，加了些许辣椒与麻油还有醋，轻而易举的勾取了你的食欲",
"有着葱香的清汤面",
"西红柿打卤面",
"非常香的牛肉肠粉",
"几乎透明的虾饺，天啊，你隔着皮就可以看到一只虾，好鲜哦。",
"虾肉馄饨，一口就可以吃下去一颗，唔，好烫！！",
"冒着热气的南瓜粥，甜甜的www",
"夹着火腿的三明治，看起来刚从冰箱里拿出来呢，不过也很好吃",
"煎饼，似乎是从外面买来的，毕竟这个家里怎么看也没有摊煎饼的地方。",
"黑黑的紫米粥，一眼看过去还以为是一碗醋…啊啊，真的好甜",
"皮蛋瘦肉粥",
"青菜瘦肉粥，没有那么腻，很清淡",
"海鲜粥，里面有着虾仁和扇贝",
"白米粥，散发着最淳朴的香气"
],
"中式配餐":[
"豆腐脑，是咸卤的呢。豆腐好滑…就算是再配着一碗大米饭吃也没问题吧？",
"甜豆腐脑，冰冰甜甜的！夏季美味！再让落清河去拿点红糖加进来如何？",
"土豆饼，底部煎的略微有些糊，口感非常棒",
"一卷鸡蛋饼，上面还撒着黑芝麻，非常香",
"豆腐脑，是咸卤的呢。豆腐好滑…就算是再配着一碗大米饭吃也没问题吧？",
"甜豆腐脑，冰冰甜甜的！夏季美味！再让落清河去拿点红糖加进来如何？",
"土豆饼，底部煎的略微有些糊，口感非常棒",
"一卷鸡蛋饼，上面还撒着黑芝麻，非常香",
"豆腐脑，是咸卤的呢。豆腐好滑…就算是再配着一碗大米饭吃也没问题吧？",
"甜豆腐脑，冰冰甜甜的！夏季美味！再让落清河去拿点红糖加进来如何？",
"土豆饼，底部煎的略微有些糊，口感非常棒",
"一卷鸡蛋饼，上面还撒着黑芝麻，非常香",
"一些腌好的萝卜，又脆又甜",
"一些榨菜",
"两个茶叶蛋，这鸡蛋上到底是怎么印上三叶草的绿色花纹的....",
"一头糖蒜",
"一些腐乳，红红的方块，看起来很好吃！"
],
"中式饮品":[
"飘着香味的豆浆，喝了一定很暖和吧",
"热牛奶，有点甜！",
"水果麦片，用牛奶冲泡的，不过也有很多人把这个当做主食吧？",
"核桃牛奶，温暖的冬日最适合喝这个了！",
"橙汁，早上喝这个很健康的哦！",
"牛奶咖啡，慢慢渐变着的咖啡色真是好看啊…",
"西瓜汁，刚从冰箱中拿出来相当冰爽！",
"豆奶，冲泡的豆奶好好喝w",
"大麦茶，有着奇异的香味呢",
"冰红茶，甜甜的喵~",
"热咖啡，喝了之后也还有点迷迷糊糊的啦",
"黑芝麻糊，香醇的味道萦绕着整个屋子，有些粘稠"
],
"魔物正餐":[
"一盘卷蛋饼，贝娅和你说，这个卷蛋饼取人面妖鸟卵和食人花果实磨成的面，入魔晶石粉末，加大量鬼牙藤丝，于平整的火晶石上煎熟。\n而且里面放了很多的混合兽油，蛋饼两面浮现出术式符文，散发着格外诱人的香气",
"一碟腐尸肉，贝娅说这个可是不死族的名菜，做法被她偷学了来。要把奇怪的肉放到缸中腐烂六七成，在用腐烂的汁液入锅，加入黑蜘毒液、暴风烈酒，然后一直用小火焖\n这肉嫩如脑膏，颜色红亮，就饭吃一定很好吃。",
"大盘震桨城狮鹫腿，贝娅和你讲了一下制作过程：\n毒龙酸液渍，加魔晶石粉尘，放大盆中，以魔封阵石板压，至肥瘦肉都已板实，取出，放置炼金炉煮熟，晾去强酸脓液，切厚片，装盘。\n瘦肉颜色似红龙鳞甲殷红，肥肉白如精灵女王肌肤，入口不腻。",
"一盘混着海妖奶的面包，一个大概有半斤。落清河又给你倒了一杯酒，这酒是曼陀罗根、风茄还有冰晶草一块蒸的，味道不咋的，但是度数不低，很有劲。",
"一大碗奇怪的东西，你吃完后，落清河憋着笑告诉你，这是炒毒龙O液\n炒毒龙O液这东西实在说不上有什么好吃，却是暗影魅魔的名贵食材，烹饪前用煮沸的史莱姆体液一泡，待O液开始凝固，马上就可以放入锅中翻炒。\n浑身剧毒的毒龙，只有O液是无毒，并且能够提供远超常人的魔力","一盘巨大的肉丸，这肉丸松而不散，入口即化。贝娅和你解释说，这是独角兽大肉丸\n摄魂草切碎，与肉末同拌，用手抟成拳头大的肉球，入一指深的混合油略炸，至外结薄壳，捞出，放进炼金炉中，加冰霜史莱姆汁液、龙蛇血，慢火煮，煮至透味，收汤放入深腹大盘。",
"一碟软软弹弹的奶糕。奶香味十足，吃到嘴里似乎是糕而近乎杏仁豆腐，跟糕又似是而非。\n贝娅说，这是北延城的奶糕，那是阿兰迪亚人日常吃的一种冷饮小甜食。做糕所用原料，主要是加入魔素的牛奶，再加上适量的酒酿和糖，一碗一碗的用火精灵来烤，到了某种程度，再用魔法来凝结。真是莹润如脂，入口甘沁，不但冷香绕舌，而且融澈心脾，饭后喝上一碗，真能化食解腻，更是醒酒的无上妙品。只可惜这东西不能隔夜，不然魔力就全没啦。",
"一碟发着奇异光芒的生鱼片，和一碗浓香的泡饭。你吃了几口，就被这股奇异的味道俘获了，刚一入口有些许腥味，还有些扎舌的苦麻，但后来又变成了熏香。那泡饭也鲜甜无比\n落清河说，这是底栖蛇鱼肉，本含剧毒，非常难做，那泡饭是用剩下的脊骨、蛇鱼头熬汤，加长粒米的饭和巴西利克斯蛋滚成的"
],
"欧式茶杯":[
"有着精细花纹的玻璃杯",
"小玻璃杯",
"英式小茶杯"
],
"日式茶杯":[
"矮矮的玻璃杯",
"陶瓷的日式茶杯",
"磨砂的日式茶杯"
],
"中式茶杯":[
"玻璃杯",
"马克杯",
"大瓷杯"
],
"早餐":[
"你运气很好的在落清河家蹭了早饭\n你看到小茶几上的有留给你的{欧式正餐}\n {欧式配餐}\n碟子旁边有一个精致的{欧式茶杯}，里面是满满的一杯{欧式饮品}\n呼姆，吃些早点，开始新的一天吧！",
"你运气很好的在落清河家蹭了早饭\n你看到小茶几上的有留给你的一碗{日式正餐}\n{日式配餐}\n碟子旁边有一个{日式茶杯}里面是满满的一杯{日式饮品}\n拿起筷子来开动吧！ いただきますi ta da ki ma su",
"你运气很好的在落清河家蹭了早饭\n你看到小茶几上的有留给你的一碗{中式正餐}\n还有{中式配餐}\n旁边有一个{中式茶杯}，里面是满满的一杯{中式饮品}\n果然美好的一天要从早饭开始呢，来开动吧！",
"你运气很好的在落清河家蹭了早饭\n你看到小茶几上的有留给你的一碗{中式正餐}\n还有{中式配餐}\n旁边有一个{中式茶杯}，里面是满满的一杯{中式饮品}\n果然美好的一天要从早饭开始呢，来开动吧！",
"你运气很好的在落清河家蹭了早饭\n你看到小茶几上的有留给你的{欧式正餐}\n {欧式配餐}\n碟子旁边有一个精致的{欧式茶杯}，里面是满满的一杯{欧式饮品}\n呼姆，吃些早点，开始新的一天吧！",
"你运气很好的在落清河家蹭了早饭\n你看到小茶几上的有留给你的一碗{日式正餐}\n{日式配餐}\n碟子旁边有一个{日式茶杯}里面是满满的一杯{日式饮品}\n拿起筷子来开动吧！ いただきますi ta da ki ma su",
"你运气很好的在落清河家蹭了早饭\n你看到小茶几上的有留给你的一碗{中式正餐}\n还有{中式配餐}\n果然美好的一天要从早饭开始呢，来开动吧！",
"你运气很好的在落清河家蹭了早饭\n你看到小茶几上的有留给你的{欧式正餐}\n碟子旁边有一个精致的{欧式茶杯}，里面是满满的一杯{欧式饮品}\n呼姆，吃些早点，开始新的一天吧！",
"你运气很好的在落清河家蹭了早饭\n你看到小茶几上的有留给你的一碗{日式正餐}\n{日式配餐}\n拿起筷子来开动吧！ いただきますi ta da ki ma su",
"你运气很好的在落清河家蹭了早饭\n你看到小茶几上的有留给你的一碗{中式正餐}\n还有{中式配餐}\n果然美好的一天要从早饭开始呢，来开动吧！",
"你运气很好的在落清河家蹭了早饭\n你看到小茶几上的有留给你的一碗{中式正餐}\n还有{中式配餐}\n果然美好的一天要从早饭开始呢，来开动吧！",
"你运气很好的在落清河家蹭了早饭\n你看到小茶几上的有留给你的{魔物正餐}\n【魔改于A岛】"
]
}	


