﻿{
        "皇室卡组抽取说明":[
                "作者：Suomi_KP31\n版本：V1.0.0\n共享协议：署名-非商业性使用-相同方式共享CC BY-NC-SA\n指令：.draw CR卡组"],
	"卡牌":[
		"三个火枪手",
		"戈仑石人",
		"皮卡超人",
		"熔岩猎犬",
		"皇家卫队",
		"野蛮人小屋",
		"超级骑士",
		"野蛮人精锐",
		"骷髅巨人",
		"火箭",
		"雷电法术",
		"皇家巨人",
		"哥布林巨人",
		"电磁炮",
		"圣水收集器",
		"野蛮人",
		"亡灵大军",
		"绿林团伙",
		"气球兵",
		"女巫",
		"王子",
		"巨石投手",
		"飞斧屠夫",
		"加农炮战车",
		"雷电飞龙",
		"蛮羊骑士",
		"巨人",
		"法师",
		"皇家野猪",
		"骷髅飞龙",
		"飞龙宝宝",
		"X连弩",
		"哥布林小屋",
		"地狱之塔",
		"骷髅召唤",
		"迫击炮",
		"特斯拉电磁塔",
		"炸弹塔",
		"烈焰熔炉",
		"哥布林牢笼",
		"加农炮",
		"骷髅墓碑",
		"冰冻法术",
		"毒药法术",
		"火球",
		"万箭齐发",
		"皇家速递",
		"哥布林飞桶",
		"飓风法术",
		"克隆法术",
		"地震法术",
		"电击法术",
		"大雪球",
		"狂暴法术",
		"野蛮人滚筒",
		"复仇滚木",
		"镜像法术",
		"治疗精灵",
		"黑暗王子",
		"猎人",
		"狂暴樵夫",		
		"地狱飞龙",
		"闪电法师",
		"暗夜女巫",
		"神箭游侠",
		"瓦基丽武神",
		"火枪手",
		"迷你皮卡",
		"野猪骑士",
		"野蛮人攻城锤",
		"电击车小队",
		"飞行器",
		"战斗天使",
		"骑士",
		"弓箭手",
		"亡灵",
		"炸弹兵",
		"哥布林团伙",
		"骷髅气球",
		"烟花炮手",
		"骷髅军团",
		"骷髅守卫",
		"寒冰法师",
		"公主",
		"掘地矿工",
		"幻影刺客",
		"皇家幽灵",
		"渔夫",
		"重甲亡灵",
		"吹箭哥布林",
		"圣水戈仑",
		"哥布林",
		"哥布林投矛手",
		"烈焰精灵",
		"蝙蝠",
		"攻城炸弹人",
		"戈仑冰人",
		"小骷髅",
		"冰雪精灵"
    ],
	"核心卡牌":[
	    "三个火枪手",
		"戈仑石人",
		"皮卡超人",
		"熔岩猎犬",
		"超级骑士",
		"野蛮人精锐",
		"骷髅巨人",
		"皇家巨人",
		"哥布林巨人",
		"电磁炮",
		"气球兵",
		"王子",
		"巨石投手",
		"蛮羊骑士",
		"巨人",
		"皇家野猪",
		"X连弩",
		"骷髅召唤",
		"迫击炮",
		"哥布林飞桶",
		"野猪骑士",
		"野蛮人攻城锤",
		"战斗天使",
		"骷髅气球",
		"圣水戈仑",
		"掘地矿工",
		"攻城炸弹人"
    ],
	"远程卡牌":[
		"女巫",
		"飞斧屠夫",
		"加农炮战车",
		"法师",
		"猎人",
		"闪电法师",
		"神箭游侠",
		"火枪手",
		"电击车小队",
		"飞行器",
		"弓箭手",
		"炸弹兵",
		"烟花炮手",
		"寒冰法师",
		"公主"
    ],
	"防守卡牌":[	
		"骷髅墓碑",
		"戈仑冰人",
		"烈焰熔炉",
		"哥布林小屋",
		"皇家卫队",
		"野蛮人小屋",
		"野蛮人",
		"亡灵大军",
		"绿林团伙",
		"地狱飞龙",
		"瓦基丽武神",
		"亡灵",
		"哥布林团伙",
		"烟花炮手",
		"烈焰精灵",
		"骷髅军团",
		"骷髅守卫",
		"渔夫"
    ],
	"过牌卡牌":[
		"治疗精灵",
		"骑士",
		"哥布林",
		"哥布林投矛手",
		"蝙蝠",
		"小骷髅",
		"冰雪精灵"
    ],
	"进攻辅助卡牌":[
		"雷电飞龙",
		"骷髅飞龙",
		"飞龙宝宝",
		"镜像法术",
		"黑暗王子",
		"狂暴樵夫",		
		"地狱飞龙",
		"暗夜女巫",
		"迷你皮卡",
		"幻影刺客",
		"皇家幽灵",
		"重甲亡灵"
    ],
	"建筑卡牌":[
		"地狱之塔",
		"特斯拉电磁塔",
		"炸弹塔",
		"哥布林牢笼",
		"加农炮"
    ],
	"法术卡牌":[
		"火箭",
		"雷电法术",
		"冰冻法术",
		"毒药法术",
		"火球",
		"万箭齐发",
		"飓风法术",
		"克隆法术",
		"地震法术",
		"电击法术",
		"大雪球",
		"狂暴法术",
		"野蛮人滚筒",
		"复仇滚木"
    ],
	"进攻搭配":[
		"戈仑石人，暗夜女巫",
		"加农炮战车，骷髅召唤",
		"哥布林巨人，电磁炮",
		"野猪骑士，戈仑冰人",
		"王子，黑暗王子",
		"熔岩猎犬，气球兵",
		"X连弩，特斯拉电磁塔",
		"皮卡超人，野蛮人攻城锤",
		"皇家野猪，飞行器",
		"火箭，哥布林飞桶",
		"渔夫，猎人",
		"野蛮人精锐，烈焰精灵",
		"蛮羊骑士，幻影刺客",
		"三个火枪手，皇家野猪"
    ],
	"CR卡组":[
	"::15::要打皇室吗？{self}选出的卡牌有：{核心卡牌},{核心卡牌},{远程卡牌},{防守卡牌},{建筑卡牌},{法术卡牌},{法术卡牌},{进攻辅助卡牌}",
	"::15::要打皇室吗？{self}选出的卡牌有：{核心卡牌},{核心卡牌},{远程卡牌},{过牌卡牌},{建筑卡牌},{进攻辅助卡牌},{法术卡牌},{进攻辅助卡牌}",
	"::15::要打皇室吗？{self}选出的卡牌有：{核心卡牌},{过牌卡牌},{防守卡牌},{防守卡牌},{建筑卡牌},{进攻辅助卡牌},{法术卡牌},{进攻辅助卡牌}",
	"::5::要打皇室吗？{self}选出的卡牌有：{卡牌},{卡牌},{卡牌},{卡牌},{卡牌},{卡牌},{卡牌},{卡牌}",
	"::40::要打皇室吗？{self}选出的卡牌有：{进攻搭配},{防守卡牌},{防守卡牌},{建筑卡牌},{法术卡牌},{法术卡牌},{过牌卡牌}",
	"::10::要打皇室吗？{self}选出的卡牌有：{建筑卡牌},{建筑卡牌},{建筑卡牌},{防守卡牌},{建筑卡牌},{过牌卡牌},{法术卡牌},{核心卡牌}"
	]
}