﻿{
"简历帮助":[
    "1.本牌堆灵感来源于https://en.shindanmaker.com/897114?ivk_sa=1023231z，但有所修改，增添\n2.使用.draw 我的简历 抽取本牌堆\n3.本牌堆所用干员代号为骰娘记录的对用户称呼，请使用.nn 修改\n4.本牌堆干员各项数值概率不尽相同不公开也不透明，请用户酌情使用\n5.如有性别需求请用.draw 男性简历 或.draw 女性简历 抽取"
],
"_方舟简历牌堆by月人的master":[
    "若用户有问题或建议可添加QQ好友2393878245(语隼)或在dice论坛本牌堆帖子下留言，作者会不定期查看"
],
"我的简历":[
    "::9999::{%_正常简历}","::1::{%_彩蛋简历}"
],
"男性简历":[
    "::9999::{%_正常男性简历}","::1::{%_彩蛋简历}"
],
"女性简历":[
    "::9999::{%_正常女性简历}","::1::{%_彩蛋简历}"
],
"_正常简历":[
    "::30::{%_除萨科塔干员数值}","::1::{%_萨科塔干员数值}"
],
"_正常男性简历":[
    "::30::{%_除萨科塔男性干员数值}","::1::{%_萨科塔男性干员数值}"
],
"_正常女性简历":[
    "::30::{%_除萨科塔女性干员数值}","::1::{%_萨科塔女性干员数值}"
],
"_除萨科塔干员数值":[
    "{%_近卫干员数值}","{%_狙击干员数值}","{%_先锋干员数值}","{%_重装干员数值}","{%_医疗干员数值}","{%_辅助干员数值}","{%_术师干员数值}","{%_特种干员数值}"
],
"_除萨科塔男性干员数值":[
    "{%_近卫男性干员数值}","{%_狙击男性干员数值}","{%_先锋男性干员数值}","{%_重装男性干员数值}","{%_医疗男性干员数值}","{%_辅助男性干员数值}","{%_术师男性干员数值}","{%_特种男性干员数值}"
],
"_除萨科塔女性干员数值":[
    "{%_近卫女性干员数值}","{%_狙击女性干员数值}","{%_先锋女性干员数值}","{%_重装女性干员数值}","{%_医疗女性干员数值}","{%_辅助女性干员数值}","{%_术师女性干员数值}","{%_特种女性干员数值}"
],
"_萨科塔干员数值":[
    "::9::{%_萨科塔狙击干员数值}","::1::{%_萨科塔非狙击干员数值}"
],
"_萨科塔男性干员数值":[
    "::9::{%_萨科塔男性狙击干员数值}","::1::{%_萨科塔男性非狙击干员数值}"
],
"_萨科塔女性干员数值":[
    "::9::{%_萨科塔女性狙击干员数值}","::1::{%_萨科塔女性非狙击干员数值}"
],
"_近卫干员数值":[
    "【代号】{pc}\n【职业】近卫\n【性别】{%_性别}\n【战斗经验】{%_战斗经验}\n{%_出身种族}\n【矿石病感染情况】\n{%_矿石病感染情况}\n【标签】{%_近卫干员标签}\n\n【物理强度】{%_近卫物理强度}\n【战场机动】{%_近卫战场机动}\n【生理耐受】{%_近卫生理耐受}\n【战术规划】{%_近卫战术规划}\n【战斗技巧】{%_近卫战斗技巧}\n【源石技艺适应性】{%_近卫源石技艺适应性}"
],
"_狙击干员数值":[
    "【代号】{pc}\n【职业】狙击\n【性别】{%_性别}\n【战斗经验】{%_战斗经验}\n{%_出身种族}\n【矿石病感染情况】\n{%_矿石病感染情况}\n【标签】{%_狙击干员标签}\n\n【物理强度】{%_狙击物理强度}\n【战场机动】{%_狙击战场机动}\n【生理耐受】{%_狙击生理耐受}\n【战术规划】{%_狙击战术规划}\n【战斗技巧】{%_狙击战斗技巧}\n【源石技艺适应性】{%_狙击源石技艺适应性}"
],
"_先锋干员数值":[
    "【代号】{pc}\n【职业】先锋\n【性别】{%_性别}\n【战斗经验】{%_战斗经验}\n{%_出身种族}\n【矿石病感染情况】\n{%_矿石病感染情况}\n【标签】{%_先锋干员标签}\n\n【物理强度】{%_先锋物理强度}\n【战场机动】{%_先锋战场机动}\n【生理耐受】{%_先锋生理耐受}\n【战术规划】{%_先锋战术规划}\n【战斗技巧】{%_先锋战斗技巧}\n【源石技艺适应性】{%_先锋源石技艺适应性}"
],
"_重装干员数值":[
    "【代号】{pc}\n【职业】重装\n【性别】{%_性别}\n【战斗经验】{%_战斗经验}\n{%_出身种族}\n【矿石病感染情况】\n{%_矿石病感染情况}\n【标签】{%_重装干员标签}\n\n【物理强度】{%_重装物理强度}\n【战场机动】{%_重装战场机动}\n【生理耐受】{%_重装生理耐受}\n【战术规划】{%_重装战术规划}\n【战斗技巧】{%_重装战斗技巧}\n【源石技艺适应性】{%_重装源石技艺适应性}"
],
"_医疗干员数值":[
    "【代号】{pc}\n【职业】医疗\n【性别】{%_性别}\n【战斗经验】{%_战斗经验}\n{%_出身种族}\n【矿石病感染情况】\n{%_矿石病感染情况}\n【标签】{%_医疗干员标签}\n\n【物理强度】{%_医疗物理强度}\n【战场机动】{%_医疗战场机动}\n【生理耐受】{%_医疗生理耐受}\n【战术规划】{%_医疗战术规划}\n【战斗技巧】{%_医疗战斗技巧}\n【源石技艺适应性】{%_医疗源石技艺适应性}"
],
"_辅助干员数值":[
    "【代号】{pc}\n【职业】辅助\n【性别】{%_性别}\n【战斗经验】{%_战斗经验}\n{%_出身种族}\n【矿石病感染情况】\n{%_矿石病感染情况}\n【标签】{%_辅助干员标签}\n\n【物理强度】{%_辅助物理强度}\n【战场机动】{%_辅助战场机动}\n【生理耐受】{%_辅助生理耐受}\n【战术规划】{%_辅助战术规划}\n【战斗技巧】{%_辅助战斗技巧}\n【源石技艺适应性】{%_辅助源石技艺适应性}"
],
"_术师干员数值":[
    "【代号】{pc}\n【职业】术师\n【性别】{%_性别}\n【战斗经验】{%_战斗经验}\n{%_出身种族}\n【矿石病感染情况】\n{%_矿石病感染情况}\n【标签】{%_术师干员标签}\n\n【物理强度】{%_术师物理强度}\n【战场机动】{%_术师战场机动}\n【生理耐受】{%_术师生理耐受}\n【战术规划】{%_术师战术规划}\n【战斗技巧】{%_术师战斗技巧}\n【源石技艺适应性】{%_术师源石技艺适应性}"
],
"_特种干员数值":[
    "【代号】{pc}\n【职业】特种\n【性别】{%_性别}\n【战斗经验】{%_战斗经验}\n{%_出身种族}\n【矿石病感染情况】\n{%_矿石病感染情况}\n【标签】{%_特种干员标签}\n\n【物理强度】{%_特种物理强度}\n【战场机动】{%_特种战场机动}\n【生理耐受】{%_特种生理耐受}\n【战术规划】{%_特种战术规划}\n【战斗技巧】{%_特种战斗技巧}\n【源石技艺适应性】{%_特种源石技艺适应性}"
],
"_萨科塔狙击干员数值":[
    "【代号】{pc}\n【职业】狙击\n【性别】{%_性别}\n【战斗经验】{%_战斗经验}\n【出身地】拉特兰\n【种族】萨科塔\n【矿石病感染情况】\n{%_萨科塔狙击干员矿石病感染情况}\n【标签】{%_狙击干员标签}\n\n【物理强度】{%_狙击物理强度}\n【战场机动】{%_狙击战场机动}\n【生理耐受】{%_狙击生理耐受}\n【战术规划】{%_狙击战术规划}\n【战斗技巧】{%_狙击战斗技巧}\n【源石技艺适应性】{%_狙击源石技艺适应性}"
],
"_萨科塔非狙击干员数值":[
    "{%_萨科塔近卫干员数值}","{%_萨科塔先锋干员数值}","{%_萨科塔重装干员数值}","{%_萨科塔医疗干员数值}","{%_萨科塔辅助干员数值}","{%_萨科塔术师干员数值}","{%_萨科塔特种干员数值}"
],
"_萨科塔近卫干员数值":[
    "【代号】{pc}\n【职业】近卫\n【性别】{%_性别}\n【战斗经验】{%_战斗经验}\n【出身地】拉特兰\n【种族】萨科塔\n【矿石病感染情况】\n{%_矿石病感染情况}\n【标签】{%_近卫干员标签}\n\n【物理强度】{%_近卫物理强度}\n【战场机动】{%_近卫战场机动}\n【生理耐受】{%_近卫生理耐受}\n【战术规划】{%_近卫战术规划}\n【战斗技巧】{%_近卫战斗技巧}\n【源石技艺适应性】{%_近卫源石技艺适应性}"
],
"_萨科塔先锋干员数值":[
    "【代号】{pc}\n【职业】先锋\n【性别】{%_性别}\n【战斗经验】{%_战斗经验}\n【出身地】拉特兰\n【种族】萨科塔\n【矿石病感染情况】\n{%_矿石病感染情况}\n【标签】{%_先锋干员标签}\n\n【物理强度】{%_先锋物理强度}\n【战场机动】{%_先锋战场机动}\n【生理耐受】{%_先锋生理耐受}\n【战术规划】{%_先锋战术规划}\n【战斗技巧】{%_先锋战斗技巧}\n【源石技艺适应性】{%_先锋源石技艺适应性}"
],
"_萨科塔重装干员数值":[
    "【代号】{pc}\n【职业】重装\n【性别】{%_性别}\n【战斗经验】{%_战斗经验}\n【出身地】拉特兰\n【种族】萨科塔\n【矿石病感染情况】\n{%_矿石病感染情况}\n【标签】{%_重装干员标签}\n\n【物理强度】{%_重装物理强度}\n【战场机动】{%_重装战场机动}\n【生理耐受】{%_重装生理耐受}\n【战术规划】{%_重装战术规划}\n【战斗技巧】{%_重装战斗技巧}\n【源石技艺适应性】{%_重装源石技艺适应性}"
],
"_萨科塔医疗干员数值":[
    "【代号】{pc}\n【职业】医疗\n【性别】{%_性别}\n【战斗经验】{%_战斗经验}\n【出身地】拉特兰\n【种族】萨科塔\n【矿石病感染情况】\n{%_矿石病感染情况}\n【标签】{%_医疗干员标签}\n\n【物理强度】{%_医疗物理强度}\n【战场机动】{%_医疗战场机动}\n【生理耐受】{%_医疗生理耐受}\n【战术规划】{%_医疗战术规划}\n【战斗技巧】{%_医疗战斗技巧}\n【源石技艺适应性】{%_医疗源石技艺适应性}"
],
"_萨科塔辅助干员数值":[
    "【代号】{pc}\n【职业】辅助\n【性别】{%_性别}\n【战斗经验】{%_战斗经验}\n【出身地】拉特兰\n【种族】萨科塔\n【矿石病感染情况】\n{%_矿石病感染情况}\n【标签】{%_辅助干员标签}\n\n【物理强度】{%_辅助物理强度}\n【战场机动】{%_辅助战场机动}\n【生理耐受】{%_辅助生理耐受}\n【战术规划】{%_辅助战术规划}\n【战斗技巧】{%_辅助战斗技巧}\n【源石技艺适应性】{%_辅助源石技艺适应性}"
],
"_萨科塔术师干员数值":[
    "【代号】{pc}\n【职业】术师\n【性别】{%_性别}\n【战斗经验】{%_战斗经验}\n【出身地】拉特兰\n【种族】萨科塔\n【矿石病感染情况】\n{%_矿石病感染情况}\n【标签】{%_术师干员标签}\n\n【物理强度】{%_术师物理强度}\n【战场机动】{%_术师战场机动}\n【生理耐受】{%_术师生理耐受}\n【战术规划】{%_术师战术规划}\n【战斗技巧】{%_术师战斗技巧}\n【源石技艺适应性】{%_术师源石技艺适应性}"
],
"_萨科塔特种干员数值":[
    "【代号】{pc}\n【职业】特种\n【性别】{%_性别}\n【战斗经验】{%_战斗经验}\n【出身地】拉特兰\n【种族】萨科塔\n【矿石病感染情况】\n{%_矿石病感染情况}\n【标签】{%_特种干员标签}\n\n【物理强度】{%_特种物理强度}\n【战场机动】{%_特种战场机动}\n【生理耐受】{%_特种生理耐受}\n【战术规划】{%_特种战术规划}\n【战斗技巧】{%_特种战斗技巧}\n【源石技艺适应性】{%_特种源石技艺适应性}"
],
"_近卫男性干员数值":[
    "【代号】{pc}\n【职业】近卫\n【性别】男\n【战斗经验】{%_战斗经验}\n{%_出身种族}\n【矿石病感染情况】\n{%_矿石病感染情况}\n【标签】{%_近卫干员标签}\n\n【物理强度】{%_近卫物理强度}\n【战场机动】{%_近卫战场机动}\n【生理耐受】{%_近卫生理耐受}\n【战术规划】{%_近卫战术规划}\n【战斗技巧】{%_近卫战斗技巧}\n【源石技艺适应性】{%_近卫源石技艺适应性}"
],
"_狙击男性干员数值":[
    "【代号】{pc}\n【职业】狙击\n【性别】男\n【战斗经验】{%_战斗经验}\n{%_出身种族}\n【矿石病感染情况】\n{%_矿石病感染情况}\n【标签】{%_狙击干员标签}\n\n【物理强度】{%_狙击物理强度}\n【战场机动】{%_狙击战场机动}\n【生理耐受】{%_狙击生理耐受}\n【战术规划】{%_狙击战术规划}\n【战斗技巧】{%_狙击战斗技巧}\n【源石技艺适应性】{%_狙击源石技艺适应性}"
],
"_先锋男性干员数值":[
    "【代号】{pc}\n【职业】先锋\n【性别】男\n【战斗经验】{%_战斗经验}\n{%_出身种族}\n【矿石病感染情况】\n{%_矿石病感染情况}\n【标签】{%_先锋干员标签}\n\n【物理强度】{%_先锋物理强度}\n【战场机动】{%_先锋战场机动}\n【生理耐受】{%_先锋生理耐受}\n【战术规划】{%_先锋战术规划}\n【战斗技巧】{%_先锋战斗技巧}\n【源石技艺适应性】{%_先锋源石技艺适应性}"
],
"_重装男性干员数值":[
    "【代号】{pc}\n【职业】重装\n【性别】男\n【战斗经验】{%_战斗经验}\n{%_出身种族}\n【矿石病感染情况】\n{%_矿石病感染情况}\n【标签】{%_重装干员标签}\n\n【物理强度】{%_重装物理强度}\n【战场机动】{%_重装战场机动}\n【生理耐受】{%_重装生理耐受}\n【战术规划】{%_重装战术规划}\n【战斗技巧】{%_重装战斗技巧}\n【源石技艺适应性】{%_重装源石技艺适应性}"
],
"_医疗男性干员数值":[
    "【代号】{pc}\n【职业】医疗\n【性别】男\n【战斗经验】{%_战斗经验}\n{%_出身种族}\n【矿石病感染情况】\n{%_矿石病感染情况}\n【标签】{%_医疗干员标签}\n\n【物理强度】{%_医疗物理强度}\n【战场机动】{%_医疗战场机动}\n【生理耐受】{%_医疗生理耐受}\n【战术规划】{%_医疗战术规划}\n【战斗技巧】{%_医疗战斗技巧}\n【源石技艺适应性】{%_医疗源石技艺适应性}"
],
"_辅助男性干员数值":[
    "【代号】{pc}\n【职业】辅助\n【性别】男\n【战斗经验】{%_战斗经验}\n{%_出身种族}\n【矿石病感染情况】\n{%_矿石病感染情况}\n【标签】{%_辅助干员标签}\n\n【物理强度】{%_辅助物理强度}\n【战场机动】{%_辅助战场机动}\n【生理耐受】{%_辅助生理耐受}\n【战术规划】{%_辅助战术规划}\n【战斗技巧】{%_辅助战斗技巧}\n【源石技艺适应性】{%_辅助源石技艺适应性}"
],
"_术师男性干员数值":[
    "【代号】{pc}\n【职业】术师\n【性别】男\n【战斗经验】{%_战斗经验}\n{%_出身种族}\n【矿石病感染情况】\n{%_矿石病感染情况}\n【标签】{%_术师干员标签}\n\n【物理强度】{%_术师物理强度}\n【战场机动】{%_术师战场机动}\n【生理耐受】{%_术师生理耐受}\n【战术规划】{%_术师战术规划}\n【战斗技巧】{%_术师战斗技巧}\n【源石技艺适应性】{%_术师源石技艺适应性}"
],
"_特种男性干员数值":[
    "【代号】{pc}\n【职业】特种\n【性别】男\n【战斗经验】{%_战斗经验}\n{%_出身种族}\n【矿石病感染情况】\n{%_矿石病感染情况}\n【标签】{%_特种干员标签}\n\n【物理强度】{%_特种物理强度}\n【战场机动】{%_特种战场机动}\n【生理耐受】{%_特种生理耐受}\n【战术规划】{%_特种战术规划}\n【战斗技巧】{%_特种战斗技巧}\n【源石技艺适应性】{%_特种源石技艺适应性}"
],
"_萨科塔男性狙击干员数值":[
    "【代号】{pc}\n【职业】狙击\n【性别】男\n【战斗经验】{%_战斗经验}\n【出身地】拉特兰\n【种族】萨科塔\n【矿石病感染情况】\n{%_萨科塔狙击干员矿石病感染情况}\n【标签】{%_狙击干员标签}\n\n【物理强度】{%_狙击物理强度}\n【战场机动】{%_狙击战场机动}\n【生理耐受】{%_狙击生理耐受}\n【战术规划】{%_狙击战术规划}\n【战斗技巧】{%_狙击战斗技巧}\n【源石技艺适应性】{%_狙击源石技艺适应性}"
],
"_萨科塔男性非狙击干员数值":[
    "{%_萨科塔男性近卫干员数值}","{%_萨科塔男性先锋干员数值}","{%_萨科塔男性重装干员数值}","{%_萨科塔男性医疗干员数值}","{%_萨科塔男性辅助干员数值}","{%_萨科塔男性术师干员数值}","{%_萨科塔男性特种干员数值}"
],
"_萨科塔男性近卫干员数值":[
    "【代号】{pc}\n【职业】近卫\n【性别】男\n【战斗经验】{%_战斗经验}\n【出身地】拉特兰\n【种族】萨科塔\n【矿石病感染情况】\n{%_矿石病感染情况}\n【标签】{%_近卫干员标签}\n\n【物理强度】{%_近卫物理强度}\n【战场机动】{%_近卫战场机动}\n【生理耐受】{%_近卫生理耐受}\n【战术规划】{%_近卫战术规划}\n【战斗技巧】{%_近卫战斗技巧}\n【源石技艺适应性】{%_近卫源石技艺适应性}"
],
"_萨科塔男性先锋干员数值":[
    "【代号】{pc}\n【职业】先锋\n【性别】男\n【战斗经验】{%_战斗经验}\n【出身地】拉特兰\n【种族】萨科塔\n【矿石病感染情况】\n{%_矿石病感染情况}\n【标签】{%_先锋干员标签}\n\n【物理强度】{%_先锋物理强度}\n【战场机动】{%_先锋战场机动}\n【生理耐受】{%_先锋生理耐受}\n【战术规划】{%_先锋战术规划}\n【战斗技巧】{%_先锋战斗技巧}\n【源石技艺适应性】{%_先锋源石技艺适应性}"
],
"_萨科塔男性重装干员数值":[
    "【代号】{pc}\n【职业】重装\n【性别】男\n【战斗经验】{%_战斗经验}\n【出身地】拉特兰\n【种族】萨科塔\n【矿石病感染情况】\n{%_矿石病感染情况}\n【标签】{%_重装干员标签}\n\n【物理强度】{%_重装物理强度}\n【战场机动】{%_重装战场机动}\n【生理耐受】{%_重装生理耐受}\n【战术规划】{%_重装战术规划}\n【战斗技巧】{%_重装战斗技巧}\n【源石技艺适应性】{%_重装源石技艺适应性}"
],
"_萨科塔男性医疗干员数值":[
    "【代号】{pc}\n【职业】医疗\n【性别】男\n【战斗经验】{%_战斗经验}\n【出身地】拉特兰\n【种族】萨科塔\n【矿石病感染情况】\n{%_矿石病感染情况}\n【标签】{%_医疗干员标签}\n\n【物理强度】{%_医疗物理强度}\n【战场机动】{%_医疗战场机动}\n【生理耐受】{%_医疗生理耐受}\n【战术规划】{%_医疗战术规划}\n【战斗技巧】{%_医疗战斗技巧}\n【源石技艺适应性】{%_医疗源石技艺适应性}"
],
"_萨科塔男性辅助干员数值":[
    "【代号】{pc}\n【职业】辅助\n【性别】男\n【战斗经验】{%_战斗经验}\n【出身地】拉特兰\n【种族】萨科塔\n【矿石病感染情况】\n{%_矿石病感染情况}\n【标签】{%_辅助干员标签}\n\n【物理强度】{%_辅助物理强度}\n【战场机动】{%_辅助战场机动}\n【生理耐受】{%_辅助生理耐受}\n【战术规划】{%_辅助战术规划}\n【战斗技巧】{%_辅助战斗技巧}\n【源石技艺适应性】{%_辅助源石技艺适应性}"
],
"_萨科塔男性术师干员数值":[
    "【代号】{pc}\n【职业】术师\n【性别】男\n【战斗经验】{%_战斗经验}\n【出身地】拉特兰\n【种族】萨科塔\n【矿石病感染情况】\n{%_矿石病感染情况}\n【标签】{%_术师干员标签}\n\n【物理强度】{%_术师物理强度}\n【战场机动】{%_术师战场机动}\n【生理耐受】{%_术师生理耐受}\n【战术规划】{%_术师战术规划}\n【战斗技巧】{%_术师战斗技巧}\n【源石技艺适应性】{%_术师源石技艺适应性}"
],
"_近卫女性干员数值":[
    "【代号】{pc}\n【职业】近卫\n【性别】女\n【战斗经验】{%_战斗经验}\n{%_出身种族}\n【矿石病感染情况】\n{%_矿石病感染情况}\n【标签】{%_近卫干员标签}\n\n【物理强度】{%_近卫物理强度}\n【战场机动】{%_近卫战场机动}\n【生理耐受】{%_近卫生理耐受}\n【战术规划】{%_近卫战术规划}\n【战斗技巧】{%_近卫战斗技巧}\n【源石技艺适应性】{%_近卫源石技艺适应性}"
],
"_狙击女性干员数值":[
    "【代号】{pc}\n【职业】狙击\n【性别】女\n【战斗经验】{%_战斗经验}\n{%_出身种族}\n【矿石病感染情况】\n{%_矿石病感染情况}\n【标签】{%_狙击干员标签}\n\n【物理强度】{%_狙击物理强度}\n【战场机动】{%_狙击战场机动}\n【生理耐受】{%_狙击生理耐受}\n【战术规划】{%_狙击战术规划}\n【战斗技巧】{%_狙击战斗技巧}\n【源石技艺适应性】{%_狙击源石技艺适应性}"
],
"_先锋女性干员数值":[
    "【代号】{pc}\n【职业】先锋\n【性别】女\n【战斗经验】{%_战斗经验}\n{%_出身种族}\n【矿石病感染情况】\n{%_矿石病感染情况}\n【标签】{%_先锋干员标签}\n\n【物理强度】{%_先锋物理强度}\n【战场机动】{%_先锋战场机动}\n【生理耐受】{%_先锋生理耐受}\n【战术规划】{%_先锋战术规划}\n【战斗技巧】{%_先锋战斗技巧}\n【源石技艺适应性】{%_先锋源石技艺适应性}"
],
"_重装女性干员数值":[
    "【代号】{pc}\n【职业】重装\n【性别】女\n【战斗经验】{%_战斗经验}\n{%_出身种族}\n【矿石病感染情况】\n{%_矿石病感染情况}\n【标签】{%_重装干员标签}\n\n【物理强度】{%_重装物理强度}\n【战场机动】{%_重装战场机动}\n【生理耐受】{%_重装生理耐受}\n【战术规划】{%_重装战术规划}\n【战斗技巧】{%_重装战斗技巧}\n【源石技艺适应性】{%_重装源石技艺适应性}"
],
"_医疗女性干员数值":[
    "【代号】{pc}\n【职业】医疗\n【性别】女\n【战斗经验】{%_战斗经验}\n{%_出身种族}\n【矿石病感染情况】\n{%_矿石病感染情况}\n【标签】{%_医疗干员标签}\n\n【物理强度】{%_医疗物理强度}\n【战场机动】{%_医疗战场机动}\n【生理耐受】{%_医疗生理耐受}\n【战术规划】{%_医疗战术规划}\n【战斗技巧】{%_医疗战斗技巧}\n【源石技艺适应性】{%_医疗源石技艺适应性}"
],
"_辅助女性干员数值":[
    "【代号】{pc}\n【职业】辅助\n【性别】女\n【战斗经验】{%_战斗经验}\n{%_出身种族}\n【矿石病感染情况】\n{%_矿石病感染情况}\n【标签】{%_辅助干员标签}\n\n【物理强度】{%_辅助物理强度}\n【战场机动】{%_辅助战场机动}\n【生理耐受】{%_辅助生理耐受}\n【战术规划】{%_辅助战术规划}\n【战斗技巧】{%_辅助战斗技巧}\n【源石技艺适应性】{%_辅助源石技艺适应性}"
],
"_术师女性干员数值":[
    "【代号】{pc}\n【职业】术师\n【性别】女\n【战斗经验】{%_战斗经验}\n{%_出身种族}\n【矿石病感染情况】\n{%_矿石病感染情况}\n【标签】{%_术师干员标签}\n\n【物理强度】{%_术师物理强度}\n【战场机动】{%_术师战场机动}\n【生理耐受】{%_术师生理耐受}\n【战术规划】{%_术师战术规划}\n【战斗技巧】{%_术师战斗技巧}\n【源石技艺适应性】{%_术师源石技艺适应性}"
],
"_特种女性干员数值":[
    "【代号】{pc}\n【职业】特种\n【性别】女\n【战斗经验】{%_战斗经验}\n{%_出身种族}\n【矿石病感染情况】\n{%_矿石病感染情况}\n【标签】{%_特种干员标签}\n\n【物理强度】{%_特种物理强度}\n【战场机动】{%_特种战场机动}\n【生理耐受】{%_特种生理耐受}\n【战术规划】{%_特种战术规划}\n【战斗技巧】{%_特种战斗技巧}\n【源石技艺适应性】{%_特种源石技艺适应性}"
],
"_萨科塔女性狙击干员数值":[
    "【代号】{pc}\n【职业】狙击\n【性别】女\n【战斗经验】{%_战斗经验}\n【出身地】拉特兰\n【种族】萨科塔\n【矿石病感染情况】\n{%_萨科塔狙击干员矿石病感染情况}\n【标签】{%_狙击干员标签}\n\n【物理强度】{%_狙击物理强度}\n【战场机动】{%_狙击战场机动}\n【生理耐受】{%_狙击生理耐受}\n【战术规划】{%_狙击战术规划}\n【战斗技巧】{%_狙击战斗技巧}\n【源石技艺适应性】{%_狙击源石技艺适应性}"
],
"_萨科塔女性非狙击干员数值":[
    "{%_萨科塔女性近卫干员数值}","{%_萨科塔女性先锋干员数值}","{%_萨科塔女性重装干员数值}","{%_萨科塔女性医疗干员数值}","{%_萨科塔女性辅助干员数值}","{%_萨科塔女性术师干员数值}","{%_萨科塔女性特种干员数值}"
],
"_萨科塔女性近卫干员数值":[
    "【代号】{pc}\n【职业】近卫\n【性别】女\n【战斗经验】{%_战斗经验}\n【出身地】拉特兰\n【种族】萨科塔\n【矿石病感染情况】\n{%_矿石病感染情况}\n【标签】{%_近卫干员标签}\n\n【物理强度】{%_近卫物理强度}\n【战场机动】{%_近卫战场机动}\n【生理耐受】{%_近卫生理耐受}\n【战术规划】{%_近卫战术规划}\n【战斗技巧】{%_近卫战斗技巧}\n【源石技艺适应性】{%_近卫源石技艺适应性}"
],
"_萨科塔女性先锋干员数值":[
    "【代号】{pc}\n【职业】先锋\n【性别】女\n【战斗经验】{%_战斗经验}\n【出身地】拉特兰\n【种族】萨科塔\n【矿石病感染情况】\n{%_矿石病感染情况}\n【标签】{%_先锋干员标签}\n\n【物理强度】{%_先锋物理强度}\n【战场机动】{%_先锋战场机动}\n【生理耐受】{%_先锋生理耐受}\n【战术规划】{%_先锋战术规划}\n【战斗技巧】{%_先锋战斗技巧}\n【源石技艺适应性】{%_先锋源石技艺适应性}"
],
"_萨科塔女性重装干员数值":[
    "【代号】{pc}\n【职业】重装\n【性别】女\n【战斗经验】{%_战斗经验}\n【出身地】拉特兰\n【种族】萨科塔\n【矿石病感染情况】\n{%_矿石病感染情况}\n【标签】{%_重装干员标签}\n\n【物理强度】{%_重装物理强度}\n【战场机动】{%_重装战场机动}\n【生理耐受】{%_重装生理耐受}\n【战术规划】{%_重装战术规划}\n【战斗技巧】{%_重装战斗技巧}\n【源石技艺适应性】{%_重装源石技艺适应性}"
],
"_萨科塔女性医疗干员数值":[
    "【代号】{pc}\n【职业】医疗\n【性别】女\n【战斗经验】{%_战斗经验}\n【出身地】拉特兰\n【种族】萨科塔\n【矿石病感染情况】\n{%_矿石病感染情况}\n【标签】{%_医疗干员标签}\n\n【物理强度】{%_医疗物理强度}\n【战场机动】{%_医疗战场机动}\n【生理耐受】{%_医疗生理耐受}\n【战术规划】{%_医疗战术规划}\n【战斗技巧】{%_医疗战斗技巧}\n【源石技艺适应性】{%_医疗源石技艺适应性}"
],
"_萨科塔女性辅助干员数值":[
    "【代号】{pc}\n【职业】辅助\n【性别】女\n【战斗经验】{%_战斗经验}\n【出身地】拉特兰\n【种族】萨科塔\n【矿石病感染情况】\n{%_矿石病感染情况}\n【标签】{%_辅助干员标签}\n\n【物理强度】{%_辅助物理强度}\n【战场机动】{%_辅助战场机动}\n【生理耐受】{%_辅助生理耐受}\n【战术规划】{%_辅助战术规划}\n【战斗技巧】{%_辅助战斗技巧}\n【源石技艺适应性】{%_辅助源石技艺适应性}"
],
"_萨科塔女性术师干员数值":[
    "【代号】{pc}\n【职业】术师\n【性别】女\n【战斗经验】{%_战斗经验}\n【出身地】拉特兰\n【种族】萨科塔\n【矿石病感染情况】\n{%_矿石病感染情况}\n【标签】{%_术师干员标签}\n\n【物理强度】{%_术师物理强度}\n【战场机动】{%_术师战场机动}\n【生理耐受】{%_术师生理耐受}\n【战术规划】{%_术师战术规划}\n【战斗技巧】{%_术师战斗技巧}\n【源石技艺适应性】{%_术师源石技艺适应性}"
],
"_性别":[
    "男","女"
],
"_战斗经验":[
    "::2::{%_不知道怎么说到十年}","::10::{%_零到十年}","::10::{%_一到十年}","::10::{%_十一到二十年}","::4::{%_二十一到三十年}","::2::{%_三十一到四十年}","::1::{%_四十一到四十五年}"
],
"_不知道怎么说到十年":[
    "未知","一年","两年","三年","四年","五年","六年","七年","八年","九年","十年"
],
"_零到十年":[
    "没有战斗经验","一年","两年","三年","四年","五年","六年","七年","八年","九年","十年"
],
"_一到十年":[
    "一年","两年","三年","四年","五年","六年","七年","八年","九年","十年"
],
"_十一到二十年":[
    "十一年","十二年","十三年","十四年","十五年","十六年","十七年","十八年","十九年","二十年"
],
"_二十一到三十年":[
    "二十一年","二十二年","二十三年","二十四年","二十五年","二十六年","二十七年","二十八年","二十九年","三十年"
],
"_三十一到四十年":[
    "三十一年","三十二年","三十三年","三十四年","三十五年","三十六年","三十七年","三十八年","三十九年","四十年"
],
"_四十一到四十五年":[
    "四十一年","四十二年","四十三年","四十四年","四十五年"
],
"_出身种族":[
    "::22::【出身地】{%_出身组一}\n【种族】{%_种族组一}","::2::【出身地】{%_出身组二}\n【种族】{%_种族组二}","::1::【出身地】东\n【种族】鬼","::1::【出身地】{%_出身组三}\n【种族】卡特斯","::1::【出身地】{%_出身组四}\n【种族】埃拉菲亚","::1::【出身地】{%_出身组五}\n【种族】卡普里尼","::1::【出身地】{%_出身组六}\n【种族】库兰塔","::1::【出身地】{%_出身组七}\n【种族】萨卡兹"
],
"_出身组一":[
    "::5::哥伦比亚","::5::维多利亚","::5::汐斯塔","::5::谢拉格","::5::卡西米尔","::5::乌萨斯","::5::叙拉古","::5::莱塔尼亚","::5::沃伦姆德","::5::雷姆必拓","::5::东","::5::米诺斯","::5::玻利瓦尔","::5::萨米","::5::龙门","::5::萨尔贡","::5::炎","::5::卡兹戴尔","::5::拉特兰","::5::瓦伊凡","::5::阿戈尔","::5::伊比利亚","::5::玻利瓦尔","::1::未知","::1::未公开"
],
"_出身组二":[
    "::5::炎","::2::龙门"
],
"_出身组三":[
    "::9::雷姆必拓","::1::{%_出身组一}"
],
"_出身组四":[
    "::5::萨米","::2::乌萨斯","::2::卡西米尔","::1::{%_出身组一}"
],
"_出身组五":[
    "::9::莱塔尼亚","::1::{%_出身组一}"
],
"_出身组六":[
    "::9::卡西米尔","::1::{%_出身组一}"
],
"_出身组七":[
    "::9::卡兹戴尔","::1::{%_出身组一}"
],
"_种族组一":[
    "::5::阿达克利斯","::5::阿纳缇","::5::阿戈尔","::5::安努拉","::5::阿斯兰","::5::瑞柏巴","::5::杜林","::5::菲林","::5::丰蹄","::5::黎博利","::5::鲁珀","::5::曼提柯","::5::佩洛","::5::匹特拉姆","::5::萨弗拉","::5::瓦伊凡","::5::沃尔珀","::5::乌萨斯","::5::依特拉","::5::札拉克","::5::德拉克","::1::奇美拉","::2::未公开","::2::未知"
],
"_种族组二":[
    "::5::龙","::5::麒麟"
],
"_矿石病感染情况":[
    "::4::参照医学检测报告，确认为非感染者。",
    "::4::体表无源石结晶分布，且参考临床诊断分析，确认为非感染者。",
    "::3::参照医学检测报告，确认为非感染者。身体状况良好，十分健康。",
    "::4::参考医学检测报告，确认为感染者。",
    "::3::体表无源石结晶分布，但参照医学检测报告，确认为感染者。",
    "::4::体表有源石结晶分布，确认为感染者。",
    "::3::体表有源石结晶分布，参照医学检测报告，确认为感染者。",
    "::2::体表无源石结晶分布，体内有可见阴影，参照医学检测报告，确认为感染者。",
    "::2::体内脏器有可见源石结晶阴影，确认为感染者。",
    "::1::未公开"
],
"_萨科塔狙击干员矿石病感染情况":[
    "::11::参照医学检测报告，确认为非感染者。",
    "::9::体表无源石结晶分布，且参考临床诊断分析，确认为非感染者。",
    "::6::参照医学检测报告，确认为非感染者。身体状况良好，十分健康。",
    "::3::{%_萨科塔特殊狙击干员矿石病感染情况}",
    "::1::未公开"
],
"_萨科塔特殊狙击干员矿石病感染情况":[
    "::4::参考医学检测报告，确认为感染者。",
    "::3::体表无源石结晶分布，但参照医学检测报告，确认为感染者。",
    "::4::体表有源石结晶分布，确认为感染者。",
    "::3::体表有源石结晶分布，参照医学检测报告，确认为感染者。",
    "::2::体表无源石结晶分布，体内有可见阴影，参照医学检测报告，确认为感染者。",
    "::2::体内脏器有可见源石结晶阴影，确认为感染者。"
],
"_攻击标签":[
    "::2::输出","::1::群攻"
],
"_近卫标签组":[
    "防护","减速","削弱","爆发","控场","生存","支援"
],
"_近卫干员标签":[
    "::1::{%_近卫标签一}","::4::{%_近卫标签二}","::1::{%_近卫标签三}"
],
"_近卫标签一":[
    "{%_攻击标签}"
],
"_近卫标签二":[
    "{%_攻击标签} {_近卫标签组}"
],
"_近卫标签三":[
    "{%_攻击标签} {_近卫标签组} {_近卫标签组}"
],
"_近卫物理强度":[
    "::10::卓越","::45::优良","::25::标准","::19::普通","::1::■■"
],
"_近卫战场机动":[
    "::1::卓越","::4::优良","::12::标准","::4::普通","::1::缺陷"
],
"_近卫生理耐受":[
    "::2::卓越","::5::优良","::10::标准","::3::普通"
],
"_近卫战术规划":[
    "::1::卓越","::4::优良","::6::标准","::8::普通","::1::缺陷"
],
"_近卫战斗技巧":[
    "::1::卓越","::4::优良","::4::标准","::1::普通"
],
"_近卫源石技艺适应性":[
    "::1::卓越","::5::优良","::10::标准","::3::普通","::2::缺陷"
],
"_狙击标签组":[
    "减速","削弱","爆发","控场","生存"
],
"_狙击干员标签":[
    "::2::{%_狙击标签一}","::4::{%_狙击标签二}","::1::{%_狙击标签三}"
],
"_狙击标签一":[
    "{%_攻击标签}"
],
"_狙击标签二":[
    "{%_攻击标签} {_狙击标签组}"
],
"_狙击标签三":[
    "{%_攻击标签} {_狙击标签组} {_狙击标签组}"
],
"_狙击物理强度":[
    "::1::卓越","::3::优良","::21::标准","::12::普通"
],
"_狙击战场机动":[
    "::1::卓越","::10::优良","::12::标准","::2::普通","::1::缺陷"
],
"_狙击生理耐受":[
    "::2::优良","::6::标准","::14::普通","::1::缺陷"
],
"_狙击战术规划":[
    "::1::卓越","::5::优良","::7::标准","::9::普通"
],
"_狙击战斗技巧":[
    "::1::卓越","::14::优良","::10::普通","::10::标准"
],
"_狙击源石技艺适应性":[
    "::1::卓越","::4::优良","::20::标准","::10::普通","::1::缺陷"
],
"_先锋标签组":[
    "输出","治疗","防护","控场","支援"
],
"_先锋干员标签":[
    "::1::{%_先锋标签一}","::5::{%_先锋标签二}"
],
"_先锋标签一":[
    "费用回复"
],
"_先锋标签二":[
    "费用回复 {_先锋标签组}"
],
"_先锋物理强度":[
    "::1::卓越","::14::优良","::14::标准","::3::普通"
],
"_先锋战场机动":[
    "::1::卓越","::27::优良","::15::标准","::3::普通"
],
"_先锋生理耐受":[
    "::2::优良","::2::标准","::1::普通"
],
"_先锋战术规划":[
    "::8::优良","::12::标准","::10::普通","::1::缺陷"
],
"_先锋战斗技巧":[
    "::1::卓越","::12::优良","::9::标准","::5::普通"
],
"_先锋源石技艺适应性":[
    "::1::卓越","::3::优良","::8::标准","::5::普通"
],
"_重装标签组一":[
    "输出","治疗"
],
"_重装标签组二":[
    "生存","支援","位移"
],
"_重装干员标签":[
    "::2::{%_重装标签一}","::6::{%_重装标签二}","::1::{%_重装标签三}"
],
"_重装标签一":[
    "防护"
],
"_重装标签二":[
    "::2::防护 {_重装标签组一}","::1::防护 {_重装标签组二}"
],
"_重装标签三":[
    "防护 {_重装标签组一} {_重装标签组二}"
],
"_重装物理强度":[
    "::1::卓越","::18::优良","::14::标准","::6::普通"
],
"_重装战场机动":[
    "::6::优良","::12::标准","::18::普通","::1::缺陷"
],
"_重装生理耐受":[
    "::1::卓越","::13::优良","::4::标准"
],
"_重装战术规划":[
    "::1::卓越","::3::优良","::12::标准","::24::普通"
],
"_重装战斗技巧":[
    "::1::卓越","::12::优良","::14::标准","::10::普通"
],
"_重装源石技艺适应性":[
    "::1::卓越","::2::优良","::7::标准","::6::普通","::2::缺陷"
],
"_医疗干员标签":[
    "::5::治疗","::2::治疗 支援"
],
"_医疗物理强度":[
    "::1::优良","::2::标准","::10::普通","::1::缺陷"
],
"_医疗战场机动":[
    "::1::优良","::8::标准","::5::普通","::1::缺陷"
],
"_医疗生理耐受":[
    "::1::优良","::2::标准","::10::普通","::1::缺陷"
],
"_医疗战术规划":[
    "::1::卓越","::3::优良","::16::标准","::10::普通"
],
"_医疗战斗技巧":[
    "::3::优良","::5::标准","::5::普通","::1::缺陷"
],
"_医疗源石技艺适应性":[
    "::2::卓越","::7::优良","::5::标准"
],
"_辅助标签组一":[
    "::4::减速","::2::削弱","::4::召唤","::1::控场","::1::支援"
],
"_辅助标签组二":[
    "减速","召唤"
],
"_辅助标签组三":[
    "输出","治疗","削弱","控场","生存","支援"
],
"_辅助标签组四":[
    "减速","召唤","削弱","控场","生存","支援"
],
"_辅助干员标签":[
    "::1::{%_辅助标签一}","::4::{%_辅助标签二}","::2::{%_辅助标签三}"
],
"_辅助标签一":[
    "{_辅助标签组一}"
],
"_辅助标签二":[
    "::3::{_辅助标签组二} {_辅助标签组三}","::1::{_辅助标签组四} {_辅助标签组四}"
],
"_辅助标签三":[
    "::1::输出 {_辅助标签组四} {_辅助标签组四}","::1::治疗 {_辅助标签组四} {_辅助标签组四}","::3::{_辅助标签组四} {_辅助标签组四} {_辅助标签组四}"
],
"_辅助物理强度":[
    "::3::优良","::6::标准","::12::普通"
],
"_辅助战场机动":[
    "::1::卓越","::4::优良","::10::标准","::6::普通"
],
"_辅助生理耐受":[
    "::4::优良","::6::标准","::16::普通","::1::缺陷"
],
"_辅助战术规划":[
    "::1::卓越","::10::优良","::12::标准","::4::普通"
],
"_辅助战斗技巧":[
    "::1::优良","::7::标准","::5::普通"
],
"_辅助源石技艺适应性":[
    "::1::卓越","::8::优良","::1::标准","::3::普通"
],
"_术师攻击标签":[
    "::2::输出","::3::群攻"
],
"_术师标签组":[
    "::1::治疗","::2::减速","::2::削弱","::2::爆发","::2::控场","::2::支援"
],
"_术师干员标签":[
    "::1::{%_术师标签一}","::4::{%_术师标签二}","::1::{%_术师标签三}"
],
"_术师标签一":[
    "{%_术师攻击标签}"
],
"_术师标签二":[
    "{%_术师攻击标签} {_术师标签组}"
],
"_术师标签三":[
    "{%_术师攻击标签} {_术师标签组} {_术师标签组}"
],
"_术师物理强度":[
    "::1::卓越","::4::标准","::12::普通","::1::缺陷"
],
"_术师战场机动":[
    "::1::卓越","::6::优良","::14::标准","::14::普通","::1::缺陷"
],
"_术师生理耐受":[
    "::3::优良","::8::标准","::22::普通","::2::缺陷"
],
"_术师战术规划":[
    "::1::卓越","::6::优良","::8::标准","::18::普通","::2::缺陷"
],
"_术师战斗技巧":[
    "::1::卓越","::3::优良","::7::标准","::7::普通"
],
"_术师源石技艺适应性":[
    "::14::卓越","::55::优良","::30::标准","::1::■■"
],
"_特种标签组一":[
    "::4::位移","::1::快速复活"
],
"_特种标签组二":[
    "位移","快速复活"
],
"_特种标签组三":[
    "::2::输出","::1::防护","::2::削弱","::1::减速","::2::控场","::1::生存","::1::支援"
],
"_特种标签组四":[
    "减速","召唤","削弱","控场","生存","支援"
],
"_特种干员标签":[
    "::1::{%_特种标签一}","::4::{%_特种标签二}","::2::{%_特种标签三}"
],
"_特种标签一":[
    "{_特种标签组一}"
],
"_特种标签二":[
    "::3::{_特种标签组二} {_特种标签组三}","::1::{_特种标签组三} {_特种标签组三}"
],
"_特种标签三":[
    "::3::{_特种标签组二} {_特种标签组四} {_特种标签组四}","::1::{_特种标签组四} {_特种标签组四} {_特种标签组四}"
],
"_特种物理强度":[
    "::3::优良","::6::标准","::4::普通"
],
"_特种战场机动":[
    "::2::卓越","::5::优良","::6::标准"
],
"_特种生理耐受":[
    "::4::优良","::18::标准","::8::普通","::1::缺陷"
],
"_特种战术规划":[
    "::1::卓越","::4::优良","::18::标准","::4::普通"
],
"_特种战斗技巧":[
    "::1::卓越","::6::优良","::5::标准","::1::普通"
],
"_特种源石技艺适应性":[
    "::1::卓越","::6::优良","::21::标准","::12::普通"
],
"彩蛋简历":[
    "【代号】{nick}\n【职业】博士\n【性别】■■\n【战斗经验】未公开\n【出身地】未公开\n【种族】未公开\n【矿石病感染情况】\n日啖源石三百颗\n【标签】未知\n\n【物理强度】■■\n【战场机动】■■\n【生理耐受】■■\n【战术规划】■■\n【战斗技巧】■■\n【源石技艺适应性】■■"
]
}