{
    "诡秘之主调查员生草版": [
        "人物名称：{%first_name}·{%family_name}\n居住地：{%adrress} \n年龄：[1d75+15]\n发型：{%hair_color}的{%hair_style}\n眼睛：{%eyes_color}的{%eyes_style}\n力量[3D6*5]，体质[3D6*5]，体型[2D6*5+30]，敏捷[3D6*5]，外貌[3D6*5]，智力[2D6*5+30]，意志[3D6*5]，教育[2D6*5+30]，灵性[2D6*5+30]，消化度[1D5*25-25]，幸运[3D6*5] \n职业：{%职业}\n魔药：{%魔药}\n思想与信念：{%信念}\n难言之隐：{%难言之隐}\n优点：{%优点}\n缺点：{%缺点}\n经历：{%经历} "
    ],
    "诡秘之主调查员": [
        "人物名称：{%first_name}·{%family_name}\n居住地：{%adrress} \n年龄：[1d75+15]\n发型：{%hair_color}的{%hair_style}\n眼睛：{%eyes_color}的{%eyes_style}\n力量[3D6*5]，体质[3D6*5]，体型[2D6*5+30]，敏捷[3D6*5]，外貌[3D6*5]，智力[2D6*5+30]，意志[3D6*5]，教育[2D6*5+30]，灵性[2D6*5+30]，消化度[1D5*25-25]，幸运[3D6*5] \n职业：{%职业}\n{%职业以后的部分}"
    ],
    "first_name": [
        "哈利",
        "罗恩",
        "赫敏",
        "阿不思",
        "吉德罗",
        "卢平",
        "西弗勒斯",
        "弗朗西斯",
        "阿比盖尔",
        "路易",
        "汤姆",
        "比尔",
        "巴蒂",
        "鲁铎",
        "查理",
        "弗雷德",
        "乔治",
        "金妮",
        "亚瑟",
        "茉莉",
        "费农",
        "佩妮",
        "海莉",
        "达利",
        "拉文德",
        "帕瓦蒂",
        "纳威",
        "莉莉",
        "柯林",
        "詹姆",
        "汉娜",
        "特雷斯",
        "特蕾西",
        "格瑞",
        "金",
        "沙林",
        "凯文",
        "赫伯",
        "格瑞塔",
        "劳伦特",
        "克洛伊",
        "瑞秋",
        "布莱恩",
        "索菲亚",
        "道格拉斯",
        "迪莉娅",
        "安琪",
        "利兹",
        "莉亚",
        "斯考特",
        "安琪",
        "雷纳德",
        "贝娅",
        "爱丽丝",
        "雪莉",
        "罗伯特",
        "凯尔西",
        "萨尼",
        "阿尔弗雷德",
        "塞尔玛",
        "维达",
        "保罗",
        "菲利克斯",
        "弗兰克斯",
        "弗兰克",
        "约翰",
        "约翰尼",
        "露丝",
        "罗斯玛丽",
        "埃尔维",
        "格兰蒂斯",
        "埃尔维",
        "安德鲁",
        "安德烈",
        "戴夫",
        "尤兰达",
        "亚",
        "肯尼斯",
        "埃德蒙",
        "艾德蒙",
        "贾斯丁",
        "菲比",
        "梅维斯",
        "露西",
        "露西妮",
        "多拉",
        "格洛瑞亚",
        "安东尼",
        "玛姬",
        "玛丽",
        "德洛瑞丝",
        "薇尔利特",
        "安娜",
        "伊莎贝拉",
        "伊丽莎白",
        "艾莉西亚",
        "西蒙",
        "西蒙妮",
        "汉娜",
        "雷格西",
        "蕾西",
        "维吉尼亚",
        "詹姆",
        "吉米",
        "萨布里娜",
        "诺曼",
        "布莱安娜",
        "莱安娜",
        "艾丹",
        "克莱恩",
        "海柔儿",
        "莉亚纳",
        "道恩",
        "塞尼奥尔",
        "埃德萨克",
        "休",
        "佛尔斯",
        "本森",
        "鲍勃",
        "布兰德",
        "卡尔",
        "克里斯蒂安",
        "爱德华",
        "陶德",
        "雨果",
        "伊凡",
        "杰克",
        "雅各布",
        "杰弗瑞",
        "乔",
        "约书亚",
        "凯斯",
        "肯",
        "肯尼斯",
        "兰斯",
        "莱纳德",
        "劳瑞",
        "马尔斯",
        "艾丽莎",
        "安吉拉",
        "阿普丽尔",
        "芭芭拉",
        "卡门",
        "凯罗尔",
        "凯莉",
        "卡桑德拉",
        "夏洛特",
        "多利安",
        "格尔曼",
        "克里斯丁",
        "康妮",
        "伊莱恩",
        "海伦娜"
    ],
    "family_name": [
        "威廉",
        "冯",
        "罗素",
        "卡文迪许",
        "卡佩",
        "坎贝尔",
        "霍德华",
        "贝克 ",
        "亨特",
        "卡特",
        "史密斯",
        "库克",
        "米勒",
        "沃尔",
        "霍尔",
        "肯特",
        "米尔",
        "布鲁克",
        "布莱克",
        "丘吉尔",
        "希尔",
        "怀特",
        "伍德",
        "威尔",
        "格林",
        "布朗",
        "肖特",
        "夏普",
        "哈代",
        "杨",
        "李",
        "波特",
        "斯特林",
        "巴克",
        "汉德",
        "布莱恩",
        "伯德",
        "福克斯",
        "霍克",
        "布什",
        "斯塔克",
        "克顿",
        "里德",
        "乔治",
        "亨利",
        "大卫",
        "克林顿",
        "里格",
        "戴维斯",
        "巴尔巴尔克尔",
        "休斯",
        "加兰",
        "米切尔",
        "斯图尔特",
        "金",
        "鲍威尔",
        "戴维斯",
        "哈里斯",
        "埃斯佩尔",
        "阿尔巴尔",
        "巴尔",
        "艾伦",
        "尤努尔",
        "库伯",
        "伍德",
        "思特鲁姆",
        "海斯",
        "特拉维斯",
        "兰德",
        "艾尔",
        "卡尔兰",
        "路易",
        "坦德尔",
        "里楚尔",
        "罗伯特",
        "比特尔利夫",
        "夏洛克",
        "莫里亚蒂",
        "麦格",
        "斯内普",
        "海格",
        "德斯礼",
        "马尔福",
        "乔丹",
        "托马斯",
        "迪戈里",
        "胡德",
        "威尔逊",
        "威利斯",
        "唐泰斯",
        "莫蒙特",
        "马赫特",
        "阿罗德斯",
        "艾莱科特拉",
        "格林希尔特"
    ],
    "adrress":[
        "廷根",
        "贝克兰德",
        "第利斯",
        "倍芒",
        "特里尔",
        "诺西埃镇",
        "赛加尔",
        "艾萨拉",
        "库克瓦",
        "古拉因",
        "特特尼克",
        "阿勒瑟",
        "贝尔特克",
        "拜亚姆",
        "拿斯",
        "伦堡",
        "费内波特城",
        "塞维亚",
        "康纳特",
        "马锡",
        "康斯顿",
        "利蒙",
        "贝尔丹",
        "白崖镇",
        "斯托恩",
        "圣密隆"        
    ],
    "hair_color": [
        "深蓝",
        "天蓝",
        "浅蓝",
        "湖蓝",
        "粉蓝",
        "深粉",
        "浅粉",
        "樱粉",
        "粉色",
        "暗红",
        "红色",
        "森绿",
        "深绿",
        "深紫",
        "雾霾蓝",
        "灰色",
        "黑色",
        "黑色",
        "黑色",
        "黑色",
        "黑色",
        "黑色",
        "黑色",
        "黑色",
        "黑色",
        "黑色",
        "黑色",
        "黑色",
        "黑色",
        "黑色",
        "黑色",
        "黑色",
        "黑色",
        "黑色",
        "黑色",
        "黑色",
        "银色",
        "白色",
        "金色",
        "深棕",
        "浅棕",
        "棕褐色"
    ],
    "eyes_color": [
        "碧蓝色",
        "祖母绿",
        "浅蓝色",
        "黑色",
        "金黄色",
        "深棕",
        "碧绿色",
        "碧蓝色",
        "棕褐色"
    ],
    "hair_style": [
        "长卷发",
        "短短的乱糟糟的卷发",
        "长直发",
        "短短的直发",
        "齐耳短发",
        "三七分的短发",
        "齐刘海短发",
        "齐刘海长发",
        "一丝不苟的背头",
        "披肩长卷发",
        "短发，脑后还有一根细细的小辫子",
        "双马尾",
        "板寸",
        "盘发",
        "飞机头",
        "学生头",
        "短发",
        "长卷发",
        "短卷发",
        "齐腰长发",
        "短发",
        "长卷发",
        "短卷发",
        "学生头",
        "短发",
        "长发",
        "短发",
        "长发",
        "短发",
        "长发",
        "短发",
        "长发",
        "短发",
        "蘑菇头"
    ],
    "eyes_style": [
        "桃花眼",
        "柳叶眼",
        "杏眼",
        "单眼皮的大眼睛",
        "双眼皮的大眼睛",
        "丹凤眼",
        "很古板又正经的眼睛",
        "眯眯眼",
        "单眼皮小眼睛",
        "眼睛",
        "眼睛",
        "眼睛",
        "眼睛",
        "眼睛",
        "眼睛",
        "眼睛",
        "眼睛",
        "眼睛",
        "眼睛",
        "眼睛",
        "眼睛",
        "眼睛",
        "眼睛",
        "眼睛",
        "眼睛",
        "眼睛",
        "眼睛",
        "眼睛",
        "眼睛",
        "眼睛",
        "眼睛",
        "内双的眼睛"
    ],
    "职业": [
        "会计师",
        "杂技演员",
        "演员-戏剧演员",
        "演员-电影演员",
        "中介调查员",
        "精神病医生（古典）",
        "动物训练师",
        "文物学家（原作向）",
        "古董商",
        "考古学家（原作向）",
        "建筑师",
        "艺术家",
        "精神病院护工",
        "运动员",
        "作家（原作向）",
        "酒保",
        "猎人",
        "书商",
        "赏金猎人",
        "拳击手、摔跤手",
        "管家、男仆、女仆",
        "神职人员",
        "程序员、电子工程师",
        "黑客/骇客",
        "牛仔",
        "工匠",
        "罪犯-刺客",
        "罪犯-银行劫匪",
        "罪犯-打手、暴徒",
        "罪犯-窃贼",
        "罪犯-欺诈师",
        "罪犯-独行罪犯",
        "罪犯-女飞贼（古典）",
        "罪犯-赃物贩子",
        "罪犯-赝造者",
        "罪犯-走私者",
        "罪犯-混混",
        "教团首领",
        "除魅师（现代）",
        "设计师",
        "业余艺术爱好者（原作向）",
        "潜水员",
        "医生（原作向）",
        "流浪者",
        "司机-私人司机",
        "司机-司机",
        "司机-出租车司机",
        "编辑",
        "政府官员",
        "工程师",
        "艺人",
        "探险家（古典）",
        "农民",
        "司法人员",
        "消防员",
        "驻外记者",
        "法医",
        "赌徒",
        "黑帮-黑帮老大",
        "黑帮-马仔",
        "绅士、淑女",
        "游民",
        "勤杂护工",
        "记者(原作向)-调查记者",
        "记者(原作向)-通讯记者",
        "法官",
        "实验室助理",
        "工人-伐木工",
        "工人-矿工",
        "律师",
        "图书馆管理员（原作向）",
        "技师",
        "军官",
        "传教士",
        "登山家",
        "博物馆管理员",
        "音乐家",
        "护士",
        "神秘学家",
        "旅行家",
        "超心理学家",
        "药剂师",
        "摄影师-摄影师",
        "摄影师-摄影记者",
        "飞行员-飞行员",
        "飞行员-特技飞行员（古典）",
        "警方(原作向)-警探",
        "警方(原作向)-巡警",
        "私家侦探",
        "教授（原作向）",
        "淘金客",
        "性工作者",
        "精神病学家",
        "心理学家、精神分析学家",
        "研究员",
        "海员-军舰海员",
        "海员-民船海员",
        "推销员",
        "科学家",
        "秘书",
        "店老板",
        "士兵、海军陆战队士兵",
        "间谍",
        "学生、实习生",
        "替身演员",
        "部落成员",
        "殡葬师",
        "工会活动家",
        "服务生",
        "白领工人-职员、主管",
        "白领工人-中高层管理人员",
        "狂热者",
        "饲养员"
    ],
    "魔药":[
        "普通人","观众","水手","收尸人","秘祈人","不眠者","囚犯","罪犯","窥秘人","占卜家","学徒","偷盗者","歌颂者","战士","阅读者","耕种者","药师","仲裁人","律师","刺客","猎人","通识者","怪物",
        "普通人","读心者","暴怒之民","掘墓人","倾听者","午夜诗人","疯子","折翼天使","格斗学者","小丑","戏法大师","诈骗师","祈光人","格斗家","推理学员","医师","驯兽师","治安官","野蛮人","教唆者","挑衅者","考古学家","机器",
        "普通人","心理医生","航海家","通灵者","隐修士","梦魇","狼人","连环杀手","巫师","魔术师","占星人","解密学者","太阳神官","武器大师","侦探","丰收祭司","吸血鬼","审讯者","贿赂者","女巫","纵火家","鉴定师","幸运者"
    ],
    "黑夜":["收尸人","掘墓人","通灵者","不眠者","午夜诗人","梦魇","窥秘人","格斗学者","巫师","占卜家","小丑","魔术师"],
    "风暴":["水手","暴怒之民","航海家"],
    "烈阳":["歌颂者","祈光人","太阳神官"],
    "智慧":["阅读者","推理学员","侦探"],
    "蒸汽":["窥秘人","格斗学者","巫师","通识者","考古学家","鉴定师"],
    "战神":["不眠者","午夜诗人","梦魇","战士","格斗家","武器大师"],
    "大地":["耕种者","医师","丰收祭司","药师","驯兽师","吸血鬼"],
    "炼金会":["观众","读心者","心理医生"],
    "军方":["仲裁人","治安官","审讯者","猎人","挑衅者","纵火家"],
    "灵教团":["收尸人","掘墓人","通灵者","学徒","戏法大师","占星人"],
    "玫瑰学派":["囚犯","疯子","狼人"],
    "极光会":["秘祈人","倾听者","隐修士","学徒","戏法大师","占星人"],
    "魔女教":["刺客","教唆者","女巫"],
    "摩斯苦修":["窥秘人","格斗学者","巫师","通识者","考古学家","鉴定师"],
    "拜血教":["罪犯","折翼天使","连环杀手"],
    "密修会":["占卜家","小丑","魔术师"],
    "铁血十字":["猎人","挑衅者","纵火家"],
    "生命学派":["药师","驯兽师","吸血鬼","怪物","机器","幸运者"],
    "信念": ["{%信仰}"],
    "难言之隐": [
        "有异食癖",
        "身体某处有疤痕",
        "性器官较弱",
        "有奇怪的性癖",
        "性冷淡",
        "曾经杀死过人",
        "有不太明显但非常严重的心理疾病",
        "被自己的亲人所排斥",
        "更喜欢非人类",
        "有一个不能告诉任何人的秘密",
        "无法向自己爱的人告白",
        "无",
        "无",
        "无",
        "无",
        "无",
        "无",
        "无",
        "无",
        "无",
        "无",
        "无",
        "无",
        "无",
        "无",
        "无",
        "无",
        "无",
        "无",
        "无",
        "无",
        "无",
        "无",
        "无",
        "无",
        "无",
        "无",
        "无",
        "无",
        "无",
        "无",
        "无"
    ],
    "优点": [
        "善良",
        "诚实",
        "热情",
        "人缘好，会说话",
        "热爱生活",
        "有钱",
        "双手灵活",
        "善于夜视",
        "具有领导气势",
        "家里有很多收藏",
        "善于喝酒",
        "鹰眼：眼睛非常好使",
        "擅长做饭",
        "善于洞察人心",
        "乐观主义者",
        "花花公子",
        "善于学习语言",
        "忠诚",
        "有学习魔法的潜质",
        "地位较高",
        "会一项很少有人会的技能",
        "具有同情心",
        "有一笔自己不知道的财产",
        "彬彬有礼",
        "无",
        "被人深爱着",
        "非常温柔体贴",
        "喜欢小动物，并且养了一只自己最喜欢的动物",
        "做事情非常果断麻利",
        "对未来从不迷茫",
        "有着奇怪的吸引人的魅力，或许这就是内在美吧",
        "讨厌吃青椒和茄子",
        "被人当做很强大的人",
        "明明很强大却过分谨慎",
        "在危机时刻同样能保持冷静",
        "可以用奇妙的方式在短时间内迅速记住特定的一串信息，比如图形联想，最久能记一星期",
        "待人接物很细心，能记住别人的优势劣势",
        "很会在别人难过的时候安慰对方",
        "是情绪管理大师",
        "是时间管理大师",
        "擅长多人运动",
        "非常有责任心",
        "无",
        "无",
        "无",
        "无",
        "无",
        "无",
        "无",
        "无",
        "无",
        "无",
        "无",
        "无",
        "无"
    ],
    "缺点": [
        "酒精过敏，根本喝不了酒",
        "有奇怪的强迫症",
        "对身边的所有人都带有警惕，哪怕是家人",
        "讨厌动物",
        "达不到家人的期望，成为了累赘",
        "有很严重的拖延症",
        "手很笨",
        "听力不太好",
        "喜欢赌博",
        "情商很低，看不透人心",
        "对金钱非常贪婪",
        "喜欢欺骗和隐瞒他人，并以此为乐",
        "过于冲动",
        "对外观的美丽非常固执，并且在此花费大量金钱",
        "大手大脚，花钱没有节制",
        "容易迷失方向",
        "缺乏爱人的能力",
        "戴眼镜，视力不好",
        "讨厌吃海鲜",
        "骰运8太好",
        "头发中间有点秃了",
        "畏惧黑暗",
        "怕带毛的动物",
        "鲜花过敏",
        "有肠胃病，总喜欢放屁",
        "谈到喜欢的东西会过分兴奋，没办法好好听别人讲话",
        "在面对未知事物的时候会过分紧张",
        "自己陷入难过的时候怎么也走不出来",
        "只有闻着钞票的味道才能冷静思考",
        "思考的时候会下意识把手上的东西放到嘴里嚼",
        "有洁癖，一天要洗三遍床单",
        "严重的拖延症",
        "是一只不知悔改的鸽子",
        "难以抑制住自己的杀意",
        "无",
        "无",
        "无",
        "无",
        "无",
        "无",
        "无",
        "无",
        "无",
        "无",
        "无",
        "无",
        "无",
        "无",
        "无",
        "无"
    ],
    "经历": ["{%组织}"],
    "信仰":[
        "黑夜女神","黑夜女神","黑夜女神","黑夜女神","黑夜女神","黑夜女神","黑夜女神","黑夜女神","黑夜女神","黑夜女神",
        "风暴之主","风暴之主","风暴之主","风暴之主","风暴之主","风暴之主","风暴之主","风暴之主","风暴之主","风暴之主",
        "永恒烈阳","永恒烈阳","永恒烈阳","永恒烈阳","永恒烈阳","永恒烈阳","永恒烈阳","永恒烈阳","永恒烈阳","永恒烈阳",
        "知识与智慧之神","知识与智慧之神","知识与智慧之神","知识与智慧之神","知识与智慧之神","知识与智慧之神","知识与智慧之神","知识与智慧之神","知识与智慧之神","知识与智慧之神",
        "蒸汽与机械之神","蒸汽与机械之神","蒸汽与机械之神","蒸汽与机械之神","蒸汽与机械之神","蒸汽与机械之神","蒸汽与机械之神","蒸汽与机械之神","蒸汽与机械之神","蒸汽与机械之神",
        "战神","战神","战神","战神","战神","战神","战神","战神","战神","战神",
        "大地母神","大地母神","大地母神","大地母神","大地母神","大地母神","大地母神","大地母神","大地母神","大地母神",
        "无信者","无信者","无信者","无信者","无信者","无信者","无信者","无信者","无信者","无信者",
        "远古太阳神","远古太阳神","远古太阳神","远古太阳神","远古太阳神","死神","死神","死神","死神","死神",
        "欲望母树","欲望母树","真实造物主","真实造物主","原初魔女","原初魔女","隐匿贤者","隐匿贤者","原始月亮","原始月亮"
    ],
    "组织":[
        "黑夜女神教会","黑夜女神教会","黑夜女神教会","黑夜女神教会","黑夜女神教会","黑夜女神教会","黑夜女神教会","黑夜女神教会","黑夜女神教会","黑夜女神教会",
        "风暴之主教会","风暴之主教会","风暴之主教会","风暴之主教会","风暴之主教会","风暴之主教会","风暴之主教会","风暴之主教会","风暴之主教会","风暴之主教会",
        "永恒烈阳教会","永恒烈阳教会","永恒烈阳教会","永恒烈阳教会","永恒烈阳教会","永恒烈阳教会","永恒烈阳教会","永恒烈阳教会","永恒烈阳教会","永恒烈阳教会",
        "知识与智慧之神教会","知识与智慧之神教会","知识与智慧之神教会","知识与智慧之神教会","知识与智慧之神教会","知识与智慧之神教会","知识与智慧之神教会","知识与智慧之神教会","知识与智慧之神教会","知识与智慧之神教会",
        "蒸汽与机械之神教会","蒸汽与机械之神教会","蒸汽与机械之神教会","蒸汽与机械之神教会","蒸汽与机械之神教会","蒸汽与机械之神教会","蒸汽与机械之神教会","蒸汽与机械之神教会","蒸汽与机械之神教会","蒸汽与机械之神教会",
        "战神教会","战神教会","战神教会","战神教会","战神教会","战神教会","战神教会","战神教会","战神教会","战神教会",
        "大地母神教会","大地母神教会","大地母神教会","大地母神教会","大地母神教会","大地母神教会","大地母神教会","大地母神教会","大地母神教会","大地母神教会",
        "心理炼金会","心理炼金会","心理炼金会","心理炼金会","心理炼金会","心理炼金会","各国军方","各国军方","各国军方","各国军方","各国军方","各国军方",
        "灵教团/永生会","灵教团/永生会","玫瑰学派/天体教会","玫瑰学派/天体教会","极光会","极光会","魔女教派/灵知会","魔女教派/灵知会",
        "摩斯苦修会/要素黎明","摩斯苦修会/要素黎明","拜血教","拜血教","密修会","密修会","铁血十字会","铁血十字会","生命学派","生命学派"
    ],
    "职业以后的部分":[
       "魔药：{%黑夜}\n思想与信念：{%信念}\n难言之隐：{%难言之隐}\n优点：{%优点}\n缺点：{%缺点}\n经历：黑夜女神教会", 
       "魔药：{%黑夜}\n思想与信念：{%信念}\n难言之隐：{%难言之隐}\n优点：{%优点}\n缺点：{%缺点}\n经历：黑夜女神教会", 
       "魔药：{%黑夜}\n思想与信念：{%信念}\n难言之隐：{%难言之隐}\n优点：{%优点}\n缺点：{%缺点}\n经历：黑夜女神教会", 
       "魔药：{%黑夜}\n思想与信念：{%信念}\n难言之隐：{%难言之隐}\n优点：{%优点}\n缺点：{%缺点}\n经历：黑夜女神教会", 
       "魔药：{%黑夜}\n思想与信念：{%信念}\n难言之隐：{%难言之隐}\n优点：{%优点}\n缺点：{%缺点}\n经历：黑夜女神教会", 
       "魔药：{%黑夜}\n思想与信念：{%信念}\n难言之隐：{%难言之隐}\n优点：{%优点}\n缺点：{%缺点}\n经历：黑夜女神教会", 
       "魔药：{%黑夜}\n思想与信念：{%信念}\n难言之隐：{%难言之隐}\n优点：{%优点}\n缺点：{%缺点}\n经历：黑夜女神教会", 
       "魔药：{%黑夜}\n思想与信念：{%信念}\n难言之隐：{%难言之隐}\n优点：{%优点}\n缺点：{%缺点}\n经历：黑夜女神教会", 
       "魔药：{%黑夜}\n思想与信念：{%信念}\n难言之隐：{%难言之隐}\n优点：{%优点}\n缺点：{%缺点}\n经历：黑夜女神教会", 
       "魔药：{%黑夜}\n思想与信念：{%信念}\n难言之隐：{%难言之隐}\n优点：{%优点}\n缺点：{%缺点}\n经历：黑夜女神教会", 
       "魔药：{%风暴}\n思想与信念：{%信念}\n难言之隐：{%难言之隐}\n优点：{%优点}\n缺点：{%缺点}\n经历：风暴之主教会", 
       "魔药：{%风暴}\n思想与信念：{%信念}\n难言之隐：{%难言之隐}\n优点：{%优点}\n缺点：{%缺点}\n经历：风暴之主教会", 
       "魔药：{%风暴}\n思想与信念：{%信念}\n难言之隐：{%难言之隐}\n优点：{%优点}\n缺点：{%缺点}\n经历：风暴之主教会", 
       "魔药：{%风暴}\n思想与信念：{%信念}\n难言之隐：{%难言之隐}\n优点：{%优点}\n缺点：{%缺点}\n经历：风暴之主教会", 
       "魔药：{%风暴}\n思想与信念：{%信念}\n难言之隐：{%难言之隐}\n优点：{%优点}\n缺点：{%缺点}\n经历：风暴之主教会", 
       "魔药：{%风暴}\n思想与信念：{%信念}\n难言之隐：{%难言之隐}\n优点：{%优点}\n缺点：{%缺点}\n经历：风暴之主教会", 
       "魔药：{%风暴}\n思想与信念：{%信念}\n难言之隐：{%难言之隐}\n优点：{%优点}\n缺点：{%缺点}\n经历：风暴之主教会", 
       "魔药：{%风暴}\n思想与信念：{%信念}\n难言之隐：{%难言之隐}\n优点：{%优点}\n缺点：{%缺点}\n经历：风暴之主教会", 
       "魔药：{%风暴}\n思想与信念：{%信念}\n难言之隐：{%难言之隐}\n优点：{%优点}\n缺点：{%缺点}\n经历：风暴之主教会", 
       "魔药：{%风暴}\n思想与信念：{%信念}\n难言之隐：{%难言之隐}\n优点：{%优点}\n缺点：{%缺点}\n经历：风暴之主教会", 
       "魔药：{%烈阳}\n思想与信念：{%信念}\n难言之隐：{%难言之隐}\n优点：{%优点}\n缺点：{%缺点}\n经历：永恒烈阳教会", 
       "魔药：{%烈阳}\n思想与信念：{%信念}\n难言之隐：{%难言之隐}\n优点：{%优点}\n缺点：{%缺点}\n经历：永恒烈阳教会",
       "魔药：{%烈阳}\n思想与信念：{%信念}\n难言之隐：{%难言之隐}\n优点：{%优点}\n缺点：{%缺点}\n经历：永恒烈阳教会",
       "魔药：{%烈阳}\n思想与信念：{%信念}\n难言之隐：{%难言之隐}\n优点：{%优点}\n缺点：{%缺点}\n经历：永恒烈阳教会",
       "魔药：{%烈阳}\n思想与信念：{%信念}\n难言之隐：{%难言之隐}\n优点：{%优点}\n缺点：{%缺点}\n经历：永恒烈阳教会",
       "魔药：{%烈阳}\n思想与信念：{%信念}\n难言之隐：{%难言之隐}\n优点：{%优点}\n缺点：{%缺点}\n经历：永恒烈阳教会",
       "魔药：{%烈阳}\n思想与信念：{%信念}\n难言之隐：{%难言之隐}\n优点：{%优点}\n缺点：{%缺点}\n经历：永恒烈阳教会",
       "魔药：{%烈阳}\n思想与信念：{%信念}\n难言之隐：{%难言之隐}\n优点：{%优点}\n缺点：{%缺点}\n经历：永恒烈阳教会",
       "魔药：{%烈阳}\n思想与信念：{%信念}\n难言之隐：{%难言之隐}\n优点：{%优点}\n缺点：{%缺点}\n经历：永恒烈阳教会",
       "魔药：{%烈阳}\n思想与信念：{%信念}\n难言之隐：{%难言之隐}\n优点：{%优点}\n缺点：{%缺点}\n经历：永恒烈阳教会",
       "魔药：{%智慧}\n思想与信念：{%信念}\n难言之隐：{%难言之隐}\n优点：{%优点}\n缺点：{%缺点}\n经历：知识与智慧之神教会", 
       "魔药：{%智慧}\n思想与信念：{%信念}\n难言之隐：{%难言之隐}\n优点：{%优点}\n缺点：{%缺点}\n经历：知识与智慧之神教会", 
       "魔药：{%智慧}\n思想与信念：{%信念}\n难言之隐：{%难言之隐}\n优点：{%优点}\n缺点：{%缺点}\n经历：知识与智慧之神教会", 
       "魔药：{%智慧}\n思想与信念：{%信念}\n难言之隐：{%难言之隐}\n优点：{%优点}\n缺点：{%缺点}\n经历：知识与智慧之神教会", 
       "魔药：{%智慧}\n思想与信念：{%信念}\n难言之隐：{%难言之隐}\n优点：{%优点}\n缺点：{%缺点}\n经历：知识与智慧之神教会", 
       "魔药：{%智慧}\n思想与信念：{%信念}\n难言之隐：{%难言之隐}\n优点：{%优点}\n缺点：{%缺点}\n经历：知识与智慧之神教会", 
       "魔药：{%智慧}\n思想与信念：{%信念}\n难言之隐：{%难言之隐}\n优点：{%优点}\n缺点：{%缺点}\n经历：知识与智慧之神教会", 
       "魔药：{%智慧}\n思想与信念：{%信念}\n难言之隐：{%难言之隐}\n优点：{%优点}\n缺点：{%缺点}\n经历：知识与智慧之神教会", 
       "魔药：{%智慧}\n思想与信念：{%信念}\n难言之隐：{%难言之隐}\n优点：{%优点}\n缺点：{%缺点}\n经历：知识与智慧之神教会", 
       "魔药：{%智慧}\n思想与信念：{%信念}\n难言之隐：{%难言之隐}\n优点：{%优点}\n缺点：{%缺点}\n经历：知识与智慧之神教会", 
       "魔药：{%蒸汽}\n思想与信念：{%信念}\n难言之隐：{%难言之隐}\n优点：{%优点}\n缺点：{%缺点}\n经历：蒸汽与机械之神教会", 
       "魔药：{%蒸汽}\n思想与信念：{%信念}\n难言之隐：{%难言之隐}\n优点：{%优点}\n缺点：{%缺点}\n经历：蒸汽与机械之神教会",
       "魔药：{%蒸汽}\n思想与信念：{%信念}\n难言之隐：{%难言之隐}\n优点：{%优点}\n缺点：{%缺点}\n经历：蒸汽与机械之神教会",
       "魔药：{%蒸汽}\n思想与信念：{%信念}\n难言之隐：{%难言之隐}\n优点：{%优点}\n缺点：{%缺点}\n经历：蒸汽与机械之神教会",
       "魔药：{%蒸汽}\n思想与信念：{%信念}\n难言之隐：{%难言之隐}\n优点：{%优点}\n缺点：{%缺点}\n经历：蒸汽与机械之神教会",
       "魔药：{%蒸汽}\n思想与信念：{%信念}\n难言之隐：{%难言之隐}\n优点：{%优点}\n缺点：{%缺点}\n经历：蒸汽与机械之神教会",
       "魔药：{%蒸汽}\n思想与信念：{%信念}\n难言之隐：{%难言之隐}\n优点：{%优点}\n缺点：{%缺点}\n经历：蒸汽与机械之神教会",
       "魔药：{%蒸汽}\n思想与信念：{%信念}\n难言之隐：{%难言之隐}\n优点：{%优点}\n缺点：{%缺点}\n经历：蒸汽与机械之神教会",
       "魔药：{%蒸汽}\n思想与信念：{%信念}\n难言之隐：{%难言之隐}\n优点：{%优点}\n缺点：{%缺点}\n经历：蒸汽与机械之神教会",
       "魔药：{%蒸汽}\n思想与信念：{%信念}\n难言之隐：{%难言之隐}\n优点：{%优点}\n缺点：{%缺点}\n经历：蒸汽与机械之神教会",
       "魔药：{%战神}\n思想与信念：{%信念}\n难言之隐：{%难言之隐}\n优点：{%优点}\n缺点：{%缺点}\n经历：战神教会", 
       "魔药：{%战神}\n思想与信念：{%信念}\n难言之隐：{%难言之隐}\n优点：{%优点}\n缺点：{%缺点}\n经历：战神教会", 
       "魔药：{%战神}\n思想与信念：{%信念}\n难言之隐：{%难言之隐}\n优点：{%优点}\n缺点：{%缺点}\n经历：战神教会", 
       "魔药：{%战神}\n思想与信念：{%信念}\n难言之隐：{%难言之隐}\n优点：{%优点}\n缺点：{%缺点}\n经历：战神教会", 
       "魔药：{%战神}\n思想与信念：{%信念}\n难言之隐：{%难言之隐}\n优点：{%优点}\n缺点：{%缺点}\n经历：战神教会", 
       "魔药：{%战神}\n思想与信念：{%信念}\n难言之隐：{%难言之隐}\n优点：{%优点}\n缺点：{%缺点}\n经历：战神教会", 
       "魔药：{%战神}\n思想与信念：{%信念}\n难言之隐：{%难言之隐}\n优点：{%优点}\n缺点：{%缺点}\n经历：战神教会", 
       "魔药：{%战神}\n思想与信念：{%信念}\n难言之隐：{%难言之隐}\n优点：{%优点}\n缺点：{%缺点}\n经历：战神教会", 
       "魔药：{%战神}\n思想与信念：{%信念}\n难言之隐：{%难言之隐}\n优点：{%优点}\n缺点：{%缺点}\n经历：战神教会", 
       "魔药：{%战神}\n思想与信念：{%信念}\n难言之隐：{%难言之隐}\n优点：{%优点}\n缺点：{%缺点}\n经历：战神教会", 
       "魔药：{%大地}\n思想与信念：{%信念}\n难言之隐：{%难言之隐}\n优点：{%优点}\n缺点：{%缺点}\n经历：大地母神教会", 
       "魔药：{%大地}\n思想与信念：{%信念}\n难言之隐：{%难言之隐}\n优点：{%优点}\n缺点：{%缺点}\n经历：大地母神教会", 
       "魔药：{%大地}\n思想与信念：{%信念}\n难言之隐：{%难言之隐}\n优点：{%优点}\n缺点：{%缺点}\n经历：大地母神教会", 
       "魔药：{%大地}\n思想与信念：{%信念}\n难言之隐：{%难言之隐}\n优点：{%优点}\n缺点：{%缺点}\n经历：大地母神教会", 
       "魔药：{%大地}\n思想与信念：{%信念}\n难言之隐：{%难言之隐}\n优点：{%优点}\n缺点：{%缺点}\n经历：大地母神教会", 
       "魔药：{%大地}\n思想与信念：{%信念}\n难言之隐：{%难言之隐}\n优点：{%优点}\n缺点：{%缺点}\n经历：大地母神教会", 
       "魔药：{%大地}\n思想与信念：{%信念}\n难言之隐：{%难言之隐}\n优点：{%优点}\n缺点：{%缺点}\n经历：大地母神教会", 
       "魔药：{%大地}\n思想与信念：{%信念}\n难言之隐：{%难言之隐}\n优点：{%优点}\n缺点：{%缺点}\n经历：大地母神教会", 
       "魔药：{%大地}\n思想与信念：{%信念}\n难言之隐：{%难言之隐}\n优点：{%优点}\n缺点：{%缺点}\n经历：大地母神教会", 
       "魔药：{%大地}\n思想与信念：{%信念}\n难言之隐：{%难言之隐}\n优点：{%优点}\n缺点：{%缺点}\n经历：大地母神教会", 
       "魔药：{%炼金会}\n思想与信念：{%信念}\n难言之隐：{%难言之隐}\n优点：{%优点}\n缺点：{%缺点}\n经历：心理炼金会", 
       "魔药：{%炼金会}\n思想与信念：{%信念}\n难言之隐：{%难言之隐}\n优点：{%优点}\n缺点：{%缺点}\n经历：心理炼金会", 
       "魔药：{%炼金会}\n思想与信念：{%信念}\n难言之隐：{%难言之隐}\n优点：{%优点}\n缺点：{%缺点}\n经历：心理炼金会", 
       "魔药：{%炼金会}\n思想与信念：{%信念}\n难言之隐：{%难言之隐}\n优点：{%优点}\n缺点：{%缺点}\n经历：心理炼金会", 
       "魔药：{%炼金会}\n思想与信念：{%信念}\n难言之隐：{%难言之隐}\n优点：{%优点}\n缺点：{%缺点}\n经历：心理炼金会", 
       "魔药：{%炼金会}\n思想与信念：{%信念}\n难言之隐：{%难言之隐}\n优点：{%优点}\n缺点：{%缺点}\n经历：心理炼金会", 
       "魔药：{%军方}\n思想与信念：{%信念}\n难言之隐：{%难言之隐}\n优点：{%优点}\n缺点：{%缺点}\n经历：各国军方", 
       "魔药：{%军方}\n思想与信念：{%信念}\n难言之隐：{%难言之隐}\n优点：{%优点}\n缺点：{%缺点}\n经历：各国军方", 
       "魔药：{%军方}\n思想与信念：{%信念}\n难言之隐：{%难言之隐}\n优点：{%优点}\n缺点：{%缺点}\n经历：各国军方", 
       "魔药：{%军方}\n思想与信念：{%信念}\n难言之隐：{%难言之隐}\n优点：{%优点}\n缺点：{%缺点}\n经历：各国军方", 
       "魔药：{%军方}\n思想与信念：{%信念}\n难言之隐：{%难言之隐}\n优点：{%优点}\n缺点：{%缺点}\n经历：各国军方", 
       "魔药：{%军方}\n思想与信念：{%信念}\n难言之隐：{%难言之隐}\n优点：{%优点}\n缺点：{%缺点}\n经历：各国军方", 
       "魔药：{%灵教团}\n思想与信念：{%信念}\n难言之隐：{%难言之隐}\n优点：{%优点}\n缺点：{%缺点}\n经历：灵教团/永生会", 
       "魔药：{%灵教团}\n思想与信念：{%信念}\n难言之隐：{%难言之隐}\n优点：{%优点}\n缺点：{%缺点}\n经历：灵教团/永生会", 
       "魔药：{%玫瑰学派}\n思想与信念：{%信念}\n难言之隐：{%难言之隐}\n优点：{%优点}\n缺点：{%缺点}\n经历：玫瑰学派/天体教会", 
       "魔药：{%玫瑰学派}\n思想与信念：{%信念}\n难言之隐：{%难言之隐}\n优点：{%优点}\n缺点：{%缺点}\n经历：玫瑰学派/天体教会", 
       "魔药：{%极光会}\n思想与信念：{%信念}\n难言之隐：{%难言之隐}\n优点：{%优点}\n缺点：{%缺点}\n经历：极光会", 
       "魔药：{%极光会}\n思想与信念：{%信念}\n难言之隐：{%难言之隐}\n优点：{%优点}\n缺点：{%缺点}\n经历：极光会", 
       "魔药：{%魔女教}\n思想与信念：{%信念}\n难言之隐：{%难言之隐}\n优点：{%优点}\n缺点：{%缺点}\n经历：魔女教派/灵知会", 
       "魔药：{%魔女教}\n思想与信念：{%信念}\n难言之隐：{%难言之隐}\n优点：{%优点}\n缺点：{%缺点}\n经历：魔女教派/灵知会", 
       "魔药：{%摩斯苦修}\n思想与信念：{%信念}\n难言之隐：{%难言之隐}\n优点：{%优点}\n缺点：{%缺点}\n经历：摩斯苦修会/要素黎明", 
       "魔药：{%摩斯苦修}\n思想与信念：{%信念}\n难言之隐：{%难言之隐}\n优点：{%优点}\n缺点：{%缺点}\n经历：摩斯苦修会/要素黎明", 
       "魔药：{%拜血教}\n思想与信念：{%信念}\n难言之隐：{%难言之隐}\n优点：{%优点}\n缺点：{%缺点}\n经历：拜血教", 
       "魔药：{%拜血教}\n思想与信念：{%信念}\n难言之隐：{%难言之隐}\n优点：{%优点}\n缺点：{%缺点}\n经历：拜血教", 
       "魔药：{%密修会}\n思想与信念：{%信念}\n难言之隐：{%难言之隐}\n优点：{%优点}\n缺点：{%缺点}\n经历：密修会", 
       "魔药：{%密修会}\n思想与信念：{%信念}\n难言之隐：{%难言之隐}\n优点：{%优点}\n缺点：{%缺点}\n经历：密修会", 
       "魔药：{%铁血十字}\n思想与信念：{%信念}\n难言之隐：{%难言之隐}\n优点：{%优点}\n缺点：{%缺点}\n经历：铁血十字会",
       "魔药：{%铁血十字}\n思想与信念：{%信念}\n难言之隐：{%难言之隐}\n优点：{%优点}\n缺点：{%缺点}\n经历：铁血十字会",
       "魔药：{%生命学派}\n思想与信念：{%信念}\n难言之隐：{%难言之隐}\n优点：{%优点}\n缺点：{%缺点}\n经历：生命学派",
       "魔药：{%生命学派}\n思想与信念：{%信念}\n难言之隐：{%难言之隐}\n优点：{%优点}\n缺点：{%缺点}\n经历：生命学派"
       
    ]
}