﻿{
    "罗马预兆事件":[
        "神庙失火:-10幸运",
        "听到远处的猫头鹰叫:-5体质",
        "父母看到神祝福母亲:+5力量",
        "罗马军队取得大捷:+10战术,-10话术",
        "出生宣告是当天的第三个好消息:+10幸运",
        "雷电击中附近地面：+10魅惑,-10聆听",
        "母亲怀孕时遭遇蛇:+5智力",
        "城里发现杀牛案件:+5智力",
        "用作牺牲的公牛内脏显示吉利:+5体质",
        "狮子从父亲面前走过却没有攻击:-5力量"
    ],
    "罗马守护神":[
        "神王朱庇特",
        "神后朱诺",
        "海神尼普顿",
        "战神玛尔斯",
        "爱神维纳斯",
        "智慧女神密涅瓦",
        "酒神巴克斯",
        "时间之神萨图恩",
        "灶神维斯塔",
        "财神普路图斯"
    ],
    "罗马重要之人":[
        "（元老院）评议员",
        "配偶",
        "义兄妹",
        "父母",
        "交际花",
        "执政官",
        "旧友",
        "老冤家",
        "神官",
        "孩子",
        "奴隶"
    ],
    "罗马意义非凡之地":[
        "罗马万神庙",
        "马克西姆斯竞技场",
        "罗马广场(元老院)",
        "守护神神庙",
        "公共温泉",
        "出生地",
        "农场",
        "驻防地",
        "埃及",
        "你的别墅"
    ],
    "罗马宝贵之物":[
        "珠宝",
        "一件宗教物品",
        "一件战利品",
        "一件防具",
        "一件武器",
        "一只动物",
        "一尊小雕像",
        "一件乐器",
        "一件家乡纪念品",
        "一卷卷轴"
    ],
    "罗马职业":[
        "预言家",
        "交际花",
        "农民",
        "探子",
        "投石兵",
        "角斗士",
        "商人",
        "侦察兵",
        "军医",
        "军团士兵"
    ],
    "罗马范例职业":[
        "预言家\n你相信自己可以预知未来。不论你是通过解读鸟儿的飞行图案 羊牲的内脏 深思冥想还是古怪的算术得到的答案,人们都会相信你。尽管很多事情连你自己都没法解释。\n本职技能：艺术/工艺（药剂）,话术,察言观色,图书馆,医学,自然学,神秘学,科学（占卜）。如果玩家和 KP 均同意,建卡时可以用其中一项技能换得魔法“占卜术”。\n本职技能点数:意志X2+智力X2 地位30-60",
        "交际花\n你向那些出得起你开的价钱的男人提供亲密关系。你也可能是个为了信奉的女神出卖自己肉体的庙妓,或者一个出身中层社会在社交风月场上被赐予属于自己名字的名媛\n本职技能：艺术 / 工艺（演说）,魅惑,帝国知识,话术,察言观色,聆听,读写,任选一项个人专长。\n本职技能点数:智力X2+外貌X2,地位30-50",
        "农民\n帝国靠你填饱肚子。你也许在意大利拥有一亩三分地,也许在埃及拥有千顷良田。不论土地多寡,罗马都需要你田地里产出的一切东西,而你也能因此发家致富。\n本职技能：会计,艺术 / 手艺（耕作）,动物驯养或驱车,急救,自然学,修造,骑术,追踪。\n本职技能点数:意志X2+体质X2地位：20-40",
        "探子\n有些时候那些高高在上的执政者不愿意弄脏自己的手,又很想知道自己对手的方方面面——所以他们选择雇人干这事儿。这就是你们的赚钱之路,你们是半个间谍、半个私人调查员、半个恶棍,你们以在别人没察觉到的情况下偷走别人活计的秘密为事业。\n本职技能：魅惑,帝国,话术,察言观色,图书馆,聆听,说服,侦查。\n本职技能点数：意志X2+外貌X2。地位：0-50",
        "投石兵\n一个远程的战士。有伊比利亚血统的投石兵在罗马军队或者罗马的敌人的军队服役已经有数百年的传统了。你也许不能在一场近战中干掉你的敌人,但这并不代表你是个可以小看的角色。你经常携带三种投石索以便应付三种不同距离的敌人,而且还携带不同种类的投石索弹药来对付不同类型的敌人。\n本职技能：攀爬,艺术 / 工艺（制革）,闪避,格斗（斗殴）,射击（投石索）,修造,潜行,投掷。\n本职技能点数：智力X2+敏捷X2 地位：30-50",
        "角斗士\n你可能是个希望赢取自己自由的奴隶或者一个打算以此为生计的公民。无论如何,你的战斗都是为了取悦大众。每场战斗都可能是你最后一次出战,不过就算不幸降临,你也是带着你的荣耀离开的。如果你是奴隶或者战囚出身也许你需要在角斗场为了出赛接受为期两年的训练,如果你是个自愿成为角斗士的自由人,你不用经过任何特别训练就可以被扔进角斗场里去。\n本职技能：攀爬,急救,格斗（斗殴）,察言观色,潜行,投掷,任意两项格斗技能专项。\n本职技能点数：智力X2+力量或敏捷X2 地位：40-60",
        "商人\n在地大物博的帝国里,有众多能容纳任何商品的市场,所以你打算供客所求。你的船舶从不列颠行驶到埃及又从埃及行驶到高卢。你也可能是商船队中一个小小随行商人,跟从舰队操持点自己的买卖。\n本职技能：会计,估价,魅惑或说服,帝国知识,话术,外邦知识,外语,读写。\n本职技能点数：智力X4 地位：20-40",
        "侦察兵\n你在军队里的地位是斥候、游侠和谈判者。你为军队寻找最好的扎营地、最适合防御的土地和敌人的弱点。在路上你和当地人交涉以获取给养、安全通过,或者接受他们的投降。有时你几个月都见不到一张友善的罗马面孔。\n本职技能：攀爬,格斗（剑）,聆听,自然学,外语,读写,侦查,潜行。\n本职技能点数：体质X2+智力X2 地位：20-40",
        "军医\n自称军医的家伙实际上与屠户（往好处说）和行刑人（往坏处说）无异,你总是在尽可能保证来找你的人得到你尽最大努力的拯救。大多数人耻笑你的技巧,他们病了宁可听从那些聪明点的长舌妇的去找点杂草嚼巴了当做自我安慰。尽管如此,当人们真遇到一根弓箭穿出自己的后背,他们不会因为你在世间得到的批评犹豫。你很多次听见一个你不知道是谁的声音在你耳边告诉你,你能从眼镜蛇和蝮蛇身上找到滋补品,这些声音的出价你没法抗拒。\n本职技能：会计,艺术 / 工艺（药剂）,急救,察言观色,图书馆,医学,读写,侦查。\n本职技能点数：智力X2+意志X2 地位：0-20",    "军团士兵\n你是军团的脊柱,没有你壮臂执剑、竖盾为墙的话帝国早已陷落！你比你面对的任何敌人都要更训练有素,技乎其神……或者至少你的长官总是这么告诉你。你既可以是新兵蛋子,也可以是身经百战的老兵。\n本职技能：攀爬,帝国知识,格斗（短矛）,格斗（盾）,格斗（剑）,跳跃,急救或修造,侦查。\n本职技能点数：力量X2+体质X2 地位：30-50"
    ],
	  "罗马时代路人":["姓名:{罗马人名}\n性别:{性别}\n年龄:[8+7d6]\n职业:{罗马职业}\n个人描述:{个人描述情况}\n力量:[3d6*5] 体质:[3d6*5] 体型:[3d6*5] 敏捷:[3d6*5] 外貌:[3d6*5] 智力:[3d6*5] 意志:[3d6*5] 教育:[3d6*5] 幸运:[3d6*5]\n出生时:{罗马预兆事件}\n信仰:{罗马守护神}\n重要的人:{罗马重要之人}\n重要之人理由：{%重要之人理由}\n宝贵之物:{罗马宝贵之物}\n意义非凡之地:{罗马意义非凡之地}\n特质:{%调查员特点}"],
    "大事记表":[
	      "出生时带着胎膜:+10幸运",
	      "出过天花:-5体质",
	      "少年时做过奴隶:+5力量",
	      "体液不平衡,黏液质:+10察言观色,-10说服",
	      "体液不平衡,多血质:+10话术,-10察言观色",
	      "体液不平衡,黄胆汁质:+10说服-10聆听",
	      "体液不平衡,黑胆汁质/抑郁质:+10艺术/工艺,-10话术",
	      "被熊或者狗挠过脸:-5外貌",
	      "孩子时在精灵的山里失踪过:+5意志",
        "被精灵的射击伤到:-5体形"
    ],
	  "黑暗时代思想信念":[
	      "主是独一真神",
	      "迷信",
	      "忠于地上的主",
	      "本地的牧师都是蠢货",
	      "努力征服一切",
	      "这个社会应当铲除一切邪恶",
	      "崇尚旧的生活方式",
        "我的宗族就是一切",
        "金钱就是权力,我能赚多少就要赚多少",
        "卑鄙的外乡人（外乡人都不可信）"
	  ],
	  "黑暗时代意义非凡之地":[
        "你学习的地方(如:你小屋后面的田地 领主的庭院 学徒地)",
        "你的故乡(如:农村 集镇 繁忙的城市)",
        "你遇到初恋的地方(如:农场 教堂 湖畔)",
        "静思冥想的地方(如:森林里的树丛 堡垒 教堂的屋顶)",
        "社交场所(如:领主的大厅 酒馆 父亲的家)",
        "和你的思想信念相关的场所(如:教区堂 罗马 巨石阵)",
        "重要之人的坟墓",
        "你的宗族(如:农场 成长的修道院 领主的大厅)",
        "你生活最幸福的地方(如:河流 你的教堂 训练场)",
        "你的工作场所(如:商店 修道院 麦地)"
	  ],
	  "黑暗时代重要之人":[
        "执政官",
        "配偶",
        "义兄妹",
        "父母",
        "交际花",
        "老师",
        "旧友",
        "老冤家",
        "牧师",
        "孩子",
        "领民"
    ],
	  "黑暗时代宝贵之物":[
        "和你最高技能相关的一件物品",
        "你职业的必需品",
        "你儿时的纪念品(如 幸运投石 练习剑 汤勺)",
        "重要之人给你的礼物",
        "圣遗物",
        "你发现却叫不上来名字的东西,你在寻找答案(如:一张和你所有知道的动物都不相符的兽皮)",
        "一件更黑暗时代的东西(比如 一个皮克特人的被诅咒的枪尖)",
        "一件武器",
        "一只信得过的动物"
    ],
    "黑暗时代职业":[
        "乞丐",
        "牧师",
        "卫兵",
        "治疗师",
        "隐士",
        "异教徒",
        "商人",
        "樵夫",
        "渔民",
        "学者",
        "冒险家",
        "修女",
        "僧侣",
        "报丧人",
        "修道士"
    ],
    "黑暗时代范例职业":[
        "乞丐\n你是一名乞者,你的生命就是请求路人施舍食物和能售卖的物品。\n本职技能：艺术 / 工艺（表演）,妙手④,察言观色,聆听或侦查,两项社交技能（魅惑、话术、威胁或说服）,任意两项个人专长。\n本职技能点数：意志X2+外貌X2 地位：0-10",
        "牧师\n你是富裕人家的孩子,或者是被教会的人相中的聪颖的农家子弟。你在主教区或者修道院中受到过正规的宗教教育。现在你是为伯爵或主教工作的秘书、管理员、律师或者建筑师。\n本职技能：魅惑,图书馆,说服,外语（拉丁语）,本国知识,宗教,读写（拉丁语或本地语文）,任意一项个人专长。\n本职技能点数：教育X2+意志或外貌2 地位：9-99",
        "卫兵\n你在教会城市为主教和贵族工作。在和平时期,你没有什么事做,只有锻炼武器技巧和保持体形。\n本职技能：格斗（斗殴）,格斗（枪）,聆听,本国知识,骑术,侦查,投掷,任意一项个人专长。\n本职技能点数:力量X2+敏捷X2 地位：9-30",
        "治疗师\n你在外乡人眼中和一般村民没有什么两样。但是村民更加清楚：你的导师赋予你无形世界的力量。村民们到你的小屋寻求治疗或者药剂,或者寻求夫妻生活、生儿育女的建议,祈求降雨,或者用眼神诅咒。小心村里疑神疑鬼的牧师！\n本职技能：艺术 / 手艺（药剂）,急救,察言观色,聆听或侦查,自然学,神秘学,任意两项个人专长。\n本职技能点数:教育X4或意志X4 地位：9-45",
        "隐士&隐士\n你是一个弃儿、流浪汉,是一个受梦想和愿望驱使的人。你绝不放过奇怪的线索和令人迷惑的想法。你要么躲藏在深山老林之中,要么住在隐蔽的村庄里。\n本职技能：察言观色,聆听或侦查,自然学,神秘学,说服,宗教,潜行,任意一项个人专长。\n本职技能点数：意志X4 地位：0-30",
        "商人\n你居住在城市或教会城市郊外。你靠捣鼓账本和代理商务赚钱。你从蛮荒的国度进口酒品、异域香料和丝绸,把它们卖给臭架子贵族们。如果你不是基督徒,你可以做货币兑换和放贷的业务。\n本职技能：会计,魅惑,话术,外邦知识,外语,读写,任意两项个人专长。\n本职技能点数：教育X4 地位：9-65",
        "樵夫/渔民\n樵夫以森林为生；你可能是猎人、采蜜人或者是烧炭人。渔民则是居住在湖边或海边的渔村。\n本职技能：艺术 / 工艺（一种）,聆听或侦查,自然学,导航,行舟或追踪,游泳或潜行,投掷,任意一项个人专长。\n本职技能点数：教育X2+智力X2地位：0-25",
        "学者\n你来自修道院或者都教会学校。知识是神圣的,而你则是知识的收集者和传授者。你的时间都用来阅读经典著作、著书立说和教育他人。在教学活动之余,你还可能以充足的理由参与政治事务。\n本职技能：图书馆、神秘学,外语（拉丁语）,本国知识,说服,科学（任一）,读写（拉丁文）,任意一项个人专长。\n本职技能点数：教育X4 地位：9-45",
        "冒险家\n你是专业的战士,或是大胆的“自由职业”冒险者,或被军阀雇佣。你最为骄傲的财产是马匹、武器和锁子甲。\n本职技能：格斗（斗殴）,自然学,本国知识,骑术,追踪,任意两项格斗专项,任意一项个人专长。本职技能点数：教育X2+力量X2 地位：9-65",
        "报丧人\n你是来往于村镇之间的报丧人，通报死者逝世的消息，有时候你会知道一些不为人知的秘密。\n本职职业：格斗（斗殴）,闪避,跳跃,追踪,聆听,医学,任意一项个人专长。本职技能点数：教育X2+敏捷X2 地位：0-25",
        "修道士(僧侣&修女)\n你生活在修道院,在寂静和祈祷声中过着简单的生活。在祈祷和唱诗以外的时间,你要做家务,或者抄写修道院的图书馆中那些艰涩的手稿。你是修道会的一分子,不能拥有个人财产；但是如果得到特殊的许可离开修道院,你总是能得到其他修道院的热情款待。\n本职技能：艺术/手艺或科学（任一）,图书馆,聆听,外语（拉丁语）,宗教,手语,读写（拉丁语）,任意一项个人专长。\n本职技能点数：教育X4 地位：9-45"
    ],
    "黑暗时代路人":["\n姓名:{随机文化姓名}\n性别:{性别}\n年龄:[8+7d6]\n职业:{黑暗时代职业}\n个人描述:{个人描述情况}\n力量:[3d6*5] 体质:[3d6*5] 体型:[3d6*5] 敏捷:[3d6*5] 外貌:[3d6*5] 智力:[3d6*5] 意志:[3d6*5] 教育:[3d6*5] 幸运:[3d6*5]\n大事表:{大事记表}\n信念:{黑暗时代思想信念}\n重要的人:{黑暗时代重要之人}\n重要之人理由：{%重要之人理由}\n宝贵之物:{黑暗时代宝贵之物}\n意义非凡之地:{黑暗时代意义非凡之地}\n特质:{%调查员特点}"],
    "明面教会":[
        "道教(正一派)",
        "道教(全真派)",
        "道教(其他)",
        "佛教(大乘)",
        "仏教(小乘)",
        "仏教(密教)",
        "神道教(本州岛)",
        "神道教(虾夷)",
        "希腊神话",
        "埃及神话",
        "印度教",
        "耆那教",
        "摩尼教",
        "祆教",
        "夏威夷神话",
        "凯尔特神话",
        "诺斯神话",
        "索米神话",
        "波罗的海神话",
        "斯拉夫神话",
        "猫教(地球猫)",
        "苯教(藏区)",
        "祆教(胡天派)",
        "长生天",
        "阿兹特克神话",
        "非洲泛神论",
        "犹太教(圣经派)",
        "犹太教",
        "伊斯兰教(逊尼派)",
        "伊斯兰教(什叶派)",
        "伊斯兰教(伊巴德派)",
        "基督教(天主教)",
        "基督教(东正教)",
        "基督教(景教)",
        "基督教(科普特教会)",
        "基督教(新教)",
        "基督教(乡村魔改):\n譬如该宗教领袖宣称自己是上帝小儿子",
        "玛雅神话",
        "图腾崇拜",
        "苏美尔神话"
    ],
    "旧日支配者教团":[
        "达贡教团:\n在新英格兰州以印斯茅斯为中心信奉达贡的宗教",
        "伊塔库亚教团:\n冰岛北部的一小批人崇拜北风之神伊塔库亚，都是出于一个冰岛人的指引。他在文兰生活了许多年，从一个衰落的斯赖林加部族中了解了这个信仰。",
        "火山教团:\n有些教团自称早在希柏里安时代就存在了。这些团体崇拜的神祇有克图格亚、加塔诺托亚和撒托古亚等，据信和岛上众多的活火山有关。",
        "撒托古亚信仰\n据说他们通过作为神之代理的女预言者为领袖听取神的话语",
        "林中库柏勒（Waldenkybele）\n近代的教团。是一个崇拜莎布-尼古拉斯的秘密结社，他们将莎布-尼古拉斯与古代传说中的地母神库柏勒视为同一存在，认为崇拜这位丰饶女神能为他们带来富足与欢愉。",
        "洛基教团\n北欧神洛基，据说是奈亚拉托提普千百面相之一，并不是公开的崇拜，但是在冰岛，这教团在首批移民从挪威抵达时就开始传播了。这位混乱、破坏、背叛和谋杀之神常常在梦里和信徒讲话，用权力的承诺和肉体的快乐诱惑他们，指引他们去做狡猾的事情",
        "底比斯食尸鬼教团\n据说从公元前一千年以前就存在的教团。起初他们只是一伙搞死亡崇拜的家伙，但随着时间的推移，他们变得越来越神秘。现如今是非存在还是个迷",
        "克罗顿城教团\n克罗顿城是公元前几百年致力于研究星象周期的教派的大本营，当时教派不断寻求复兴的道路。后来以“星之种”误入教派之后，这个教派也随之改变了。奈亚拉托提普取代原本信奉的狄俄尼索斯",
        "财神爷犹格·托斯教团\n原为看门者犹格·索托斯教团，但于1992年在中国境内火车上与【角】进行交易遭到变故，在历史变迁过程中吸纳了大量文化素质低下的成员，导致教团标志【衔尾蛇】被竖过来理解成【8】，谐音【发】；教团暗号【GokhEe fHz'Ae】也被谐音记为“恭喜发财”。追寻真理的教团就这样成了财神教团",
        "大宫神社\n表面上是供奉火神（迦具土命）的神社，但是在每25年一次灯笼祭献祭二十五年前出生的巫女。只有大宫一族真正的核心成员才会了解内幕。————详见模组【山鹿灯笼祭】",
        "安口\n简-福卡尔特领导的七兄弟联盟下的一个自称为“安口”分支组织，他们拥抱恐怖主义，为了布列塔尼亚的民族独立而奋斗。这个组织只有一个目标：从该死的法兰西人手里解放被奴役的布列塔尼亚。这个组织里的人大部分都是邪教徒，但他们并不知道他们崇拜的东西到底有多可怕，如果他们真的了解栖于湖下的存在，他们很可能都会疯掉。只有福卡尔特，只有他真正了解组织的行动和对格拉基的崇拜有着怎样的联系，因为他的家族世代参与神秘活动。二战结束，这个组织最后潜入了地下。"
    ],
    "信仰宗教":[
        "{明面教会}",
        "{明面教会}",
        "{明面教会}",
        "{明面教会}",
        "{明面教会}",
        "{明面教会}",
        "{明面教会}",
        "{明面教会}",
        "{明面教会}",
        "{明面教会}",
        "{旧日支配者教团}"
    ],
     "路人":[ "姓名:{随机文化姓名}\n性别:{性别}\n年龄:[8+7d6]\n宗教:{信仰宗教}\n职业:{调查员职业}\n力量:[3d6*5] 体质:[3d6*5] 体型:[2d6*5+30] 敏捷:[3d6*5] 外貌:[3d6*5] 智力:[2d6*5+30] 意志:[3d6*5] 教育:[2d6*5+30] 幸运:[3d6*5]\n个人描述:{个人描述情况}\n思想与信念:{%思想信念}\n重要之人:{%重要之人}\n重要之人理由:{%重要之人理由}\n意义非凡之地:{%意义非凡之地}\n宝贵之物:{%宝贵之物}\n特质:{%调查员特点}"],
    "冰岛萨迦时代重要之人":[
        "首领",
        "配偶",
        "结义兄弟姐妹",
        "亲属 亲戚",
        "神庙的神官",
        "旧友",
        "老冤家",
        "孩子",
        "奴隶"
    ],
    "冰岛信仰":[
        "雷神托尔",
        "丰饶之神弗雷",
        "战神与魔法和诗歌之神奥丁",
        "爱与美之神弗雷亚",
        "白基督(耶稣基督)",
        "海神尼奥尔德",
        "光明之神巴德尔",
        "森林之神维达",
        "守护神海姆达尔",
        "青春女神伊登"
    ],
    "冰岛意义非凡之地":[
        "南方沙漠",
        "活火山",
        "国家议会",
        "首领的房子",
        "人们一起洗浴的温泉",
        "死亡崖",
        "祖先的坟茔",
        "大冰川",
        "格陵兰的农场",
        "文兰的农场"
    ],
    "冰岛宝贵之物":[
        "银手镯",
        "饮酒用的角",
        "雕着魔法符文的骨头",
        "取名的宝剑",
        "雕花的床架杆",
        "奶牛",
        "在海上导航用的日晷",
        "木箱子",
        "一匹快马",
        "一艘商船或战船"
    ],
    "冰岛路人":["\n姓名:{冰岛人名}\n性别:{性别}\n年龄:[8+7d6]\n个人描述:{个人描述情况}\n力量:[3d6*5] 体质:[3d6*5] 体型:[3d6*5] 敏捷:[3d6*5] 外貌:[3d6*5] 智力:[3d6*5] 意志:[3d6*5] 教育:[3d6*5] 幸运:[3d6*5]\n信仰:{冰岛信仰}\n重要的人:{冰岛萨迦时代重要之人}\n重要之人理由：{%重要之人理由}\n宝贵之物:{冰岛宝贵之物}\n意义非凡之地:{冰岛意义非凡之地}\n特质:{%调查员特点}"],
    "煤气灯范例职业":[
        "女冒险家\n维多利亚时代的女冒险家通过她上层阶级的追求者和崇拜者，成功获得了一定的权力，和社会（尽管不情愿）的认同。\n本职技能：艺术 / 工艺，魅惑，急救，说服，心理学，骑术，潜行，任意一项个人专长。\n本职技能点数：教育X4+外貌或智力X2 信用范围：10-80 社会阶层：中流至上流",
        "贵族\n出生在显赫之家。这样的人可能在军队、政府或者英国教会担任要职，或者只是收取自己地产的租金，偶尔在上议院投票。\n本职技能：历史，法律，语言（拉丁文），语言（欧陆任一），说服，骑术，射击（步枪 /霰弹枪）,任意一项个人专长\n本职技能点数：教育X2+外貌或智力X2 信用范围：50-99 社会阶层：上流",
        "咨询侦探\n咨询侦探和事务所侦探、私家侦探的不同之处在于，他们的调查更多地是一种智力的爱好，顾客通常都是头面人物。咨询侦探为调查机构和警察进行指导，让他们跑腿，给自己带来证据。\n本职技能：人类学，法律，图书馆，外语（任一），心理学，科学（化学），侦查，任意一项个人专长。\n本职技能点数：教育X2+智力X2 信用范围：20-50 社会阶层：中流",
        "私家侦探\n私家侦探和1920年代的私家侦探类似，他们可能在侦探事务所工作，自由接手案件，和警察与咨询侦探协力工作。\n本职技能：会计，话术，法律，图书馆，锁匠，心理学，侦查，任意一项个人专长。\n本职技能点数：教育X2+智力X2 信用范围：10-40  社会阶层：工薪至中流",
        "间谍\n这些秘密特工可能来自各种部门，包括苏格兰场的特殊支部（应对国内恐怖行为）、英国政府或外国势力。这个年代正在经历英国和俄国争夺中亚控制权的“大博弈”。\n本职技能：乔装，格斗或射击，导航，外语（欧陆任一），心理学，侦查，潜行，任意一项社交技能（魅惑、话术、恐吓或说服）。\n本职技能点数：教育X2+外貌X2 信用范围：20-70 社会阶层：中流至上流"
    ],
    "维多利亚时代职业抽取":["{煤气灯范例职业}", "{煤气灯范例职业}", "{煤气灯范例职业}", "{煤气灯范例职业}", "{调查员职业}"],
    "维多利亚路人":["{维多利亚时代职业抽取}\n姓名:{随机文化姓名}\n宗教:{信仰宗教}\n性别:{性别}\n个人描述:{个人描述情况}\n力量:[3d6*5] 体质:[3d6*5] 体型:[2d6*5+30] 敏捷:[3d6*5] 外貌:[3d6*5] 智力:[2d6*5+30] 意志:[3d6*5] 教育:[2d6*5+30] 幸运:[3d6*5]\n思想与信念:{%思想信念}\n重要之人:{%重要之人}\n重要之人理由:{%重要之人理由}\n意义非凡之地:{%意义非凡之地}\n宝贵之物:{%宝贵之物}\n特质:{%调查员特点}"],
    "伊卡洛斯范例职业":[
        "工程师\n本职技能:电气维修,电子学,机械维修,科学(工程学),侦查,系统操作,技术维修,零重力。\n本职技能点数:教育X3+敏捷X2",
        "医师\n本职技能:急救,医学,心理,科学（生物学）,系统操作,零重力,从下面另选两个技能：电气维修、机械维修、心理分析、科学（天文学）、科学（化学）、科学（气象学）、科学（物理学）、技术维修。\n本职技能点数:教育X4+智力X1",
        "领航员\n本职技能:计算机,导航,驾驶（伊卡洛斯）,科学（天文学）,科学（物理学）,系统操作,零重力,从下面另选一个：电气维修、电子学、急救、技术维修、机械维修、外语。\n本职技能点数:教育X4+智力X1",
        "科学家\n本职技能:计算机,电子学,科学（数学）,侦查,系统操作,零重力,从下面另选两个：电气维修、急救、导航、科学（任一）、技术维修。\n本职技能点数:教育X4+智力X1"
    ],
    "末日范例职业":[
        "治疗师（妙手人）\n传统的治疗法和“失落的世界”科技的结合,让妙手人十分有价值并且能追求精湛的技艺。\n本职技能：急救,历史,医学,自然学,精神分析,拾荒,生存（任一）,一项社交技能（魅惑、话术、恐吓或说服）。\n本职技能点数：教育X2+智力X2",
        "链接者（邮差）\n链接者有时也叫邮差,在前哨站之间收集并传递消息。\n本职技能：攀爬,乔装,格斗（任一）或射击（任一）,图书馆,自然学,拾荒,潜行,生存（任一）。\n本职技能点数：教育X2+敏捷或智力X2",
        "求知者（识字人）\n本职技能：克苏鲁神话,历史,语言（任一）,图书馆,医学,神秘学,科学（任一）,侦查\n本职技能点数：教育X4\n可以在克苏鲁知识投入最多40点（降低等量的当前 SAN)",
        "拾荒者（潜砾者）\n潜砾者筛选城市烧毁后的灰烬,寻找可交换的物品\n本职技能：估价,攀爬,乔装,聆听,锁匠,拾荒,侦查,一项社交技能（魅惑、话术、恐吓或说服）\n本职技能点数:教育X2+敏捷或外貌X2",
        "追踪者（猎人）\n追踪者以采集狩猎为生,猎取食物并贮存起来,留给自己食用或者出售。有的时候你最好不要问你正在吃的是什么肉。\n本职技能：动物驯养,估价,攀爬,格斗（任一）或射击（任一）,聆听或侦查,自然学,潜行,追踪\n本职技能点数：教育X2+敏捷或力量X2"],
    "克苏鲁世界":[
    	  "你穿越了，搜刮了下脑内记忆，发现这个世界已经被毁灭了，旧日支配者已经醒来，而自己成了一名{末日范例职业}",
    	  "你穿越了，搜刮了下脑内记忆，发现自己正坐着宇宙飞船在探索新的行星，而自己是飞船上的{伊卡洛斯范例职业}",
    	  "你穿越了，搜刮了下脑内记忆，发现自己所处于日不落帝国时代，而自己成了一名{维多利亚路人}",
    	  "你穿越了，搜刮了下脑内记忆，发现自己是一名古代冰岛议会成员，正坐着龙首船前往格陵兰岛路上，自己一看，自己还有个界面，不过有点眼熟\n面板:{冰岛路人}",
    	  "你穿越了，搜刮了下脑内记忆，发现自己好像来到了万恶的中世纪，到底哪一年不知道，等会，好像有个面板，有点眼熟。那个……我能回家不？\n{黑暗时代路人}",
    	  "你穿越了，搜刮了下脑内记忆，发现自己是来到了罗马帝国时代，这时候是该精罗震怒还是精罗落泪了，等下，这面板怎么让人瘆得慌？{罗马时代路人}",
    	  "你穿越了，搜刮了下脑内记忆，发现自己应该是来到了某个平行世界，不过隔壁邻居怎么是我上次跑团用的人物卡，稍等，我怎么有了个面板？{路人}",
    	  "你穿越了，搜刮了下脑内记忆，发现自己应该是来到了某个平行世界，不过隔壁邻居怎么是我上次跑团用的人物卡，稍等，我怎么有了个面板？{路人}"
    ],
    "个人描述情况":[
    		"死人脸",
    	  "苗条的",
    	  "迟钝的",
    	  "啤酒肚",
    	  "娇俏的",
    	  "聪明的",
    	  "优雅的",
    	  "皱纹人",
    	  "机灵的",
    	  "阴沉的",
    	  "狐臭的",
    	  "健壮的",
    	  "古板的",
    	  "长头发",
    	  "乐观的",
    	  "肥胖的",
    	  "慈祥的",
    	  "稀烂的",
    	  "虚弱的",
    	  "棕褐色",
    	  "肮脏的",
    	  "书呆子",
    	  "英俊的",
    	  "魁梧的",
    	  "笨拙的",
    	  "苍白的",
    	  "娃娃脸",
    	  "迷人的",
    	  "耀眼的",
    	  "狡猾的",
    	  "筋肉人",
    	  "邋遢的",
    	  "平庸的",
    	  "疲倦脸",
    	  "矮壮的",
    	  "结实的",
    	  "年轻的"
    ]
}