{
   "arc": [
      "{_韵律源点}"
   ],
   "_韵律源点": [
      "::10::这位摘星人,你随机到的曲目是\n{_韵律源点曲包pst} \n难度：Past \n速度：{_arc速度}",
      "::30::这位摘星人,你随机到的曲目是\n{_韵律源点曲包prs} \n难度：Present \n速度：{_arc速度}",
      "::59::这位摘星人,你随机到的曲目是\n{_韵律源点曲包ftr} \n难度：Future \n速度：{_arc速度}",
      "::1::这位摘星人,你随机到的曲目是\n{_Beyond曲目} \n难度：Beyond \n速度：{_arc速度}"
   ],
   "_韵律源点曲包pst": [
      "::5::Memory Archive曲包\n{Memory Archive曲目}",
      "::9::Eternal Core曲包\n{Eternal Core曲目}",
      "::6::Crimson Solace曲包\n{Crimson Solace曲目}",
      "::5::Dynamix Collaboration曲包\n{Dynamix Collaboration曲目}",
      "::6::Ambivalent Vision曲包\n{Ambivalent Vision曲目}",
      "::6::Vicious Labyrinth曲包\n{Vicious Labyrinth曲目}",
      "::5::Sunset Radiance曲包\n{Sunset Radiance曲目}",
      "::6::Luminous Sky曲包\n{Luminous Sky曲目}",
      "::5::Lanota Collaboration曲包\n{Lanota Collaboration曲目}",
      "::5::Binary Enfold曲包\n{Binary Enfold曲目}",
      "::5::Tone Sphere Collaboration曲包\n{Tone Sphere Collaboration曲目}",
      "::5::Groove Coaster Collaboration曲包\n{Groove Coaster Collaboration曲目_pst}",
      "::5::Absolute Reason曲包\n{Absolute Reason曲目}",
      "::3::CHUNITHM Collaboration曲包\n{CHUNITHM Collaboration曲目}",
      "::5::Adverse Prelude曲包\n{Adverse Prelude曲目}",
      "::6::World Extend曲包\n{World Extend曲目}",
      "::7::Black Fate曲包\n{Black Fate曲目}",
      "::5::Arcaea曲包\n{Arcaea曲目}",
      "::1::{_tutorial}",
      "::5::Ephemeral Page曲包\n{Ephemeral Page曲目}",
      "::3::Ephemeral Page - The Journey Onwards曲包\n{Ephemeral Page - The Journey Onwards曲目}",
      "::4::O.N.G.E.K.I. Collaboration曲包\n{O.N.G.E.K.I. Collaboration曲目}"
   ],
   "_韵律源点曲包prs": [
      "::5::Memory Archive曲包\n{Memory Archive曲目}",
      "::9::Eternal Core曲包\n{Eternal Core曲目}",
      "::6::Crimson Solace曲包\n{Crimson Solace曲目}",
      "::5::Dynamix Collaboration曲包\n{Dynamix Collaboration曲目}",
      "::6::Ambivalent Vision曲包\n{Ambivalent Vision曲目}",
      "::6::Vicious Labyrinth曲包\n{Vicious Labyrinth曲目}",
      "::5::Sunset Radiance曲包\n{Sunset Radiance曲目}",
      "::6::Luminous Sky曲包\n{Luminous Sky曲目}",
      "::5::Lanota Collaboration曲包\n{Lanota Collaboration曲目}",
      "::5::Binary Enfold曲包\n{Binary Enfold曲目}",
      "::5::Tone Sphere Collaboration曲包\n{Tone Sphere Collaboration曲目_prs}",
      "::5::Groove Coaster Collaboration曲包\n{Groove Coaster Collaboration曲目}",
      "::5::Absolute Reason曲包\n{Absolute Reason曲目}",
      "::3::CHUNITHM Collaboration曲包\n{CHUNITHM Collaboration曲目}",
      "::5::Adverse Prelude曲包\n{Adverse Prelude曲目}",
      "::6::World Extend曲包\n{World Extend曲目}",
      "::7::Black Fate曲包\n{Black Fate曲目}",
      "::5::Arcaea曲包\n{Arcaea曲目}",
      "::1::{_tutorial}",
      "::5::Ephemeral Page曲包\n{Ephemeral Page曲目}",
      "::3::Ephemeral Page - The Journey Onwards曲包\n{Ephemeral Page - The Journey Onwards曲目}",
      "::4::O.N.G.E.K.I. Collaboration曲包\n{O.N.G.E.K.I. Collaboration曲目}"
   ],
   "_韵律源点曲包ftr": [
      "::5::Memory Archive曲包\n{Memory Archive曲目}",
      "::9::Eternal Core曲包\n{Eternal Core曲目}",
      "::6::Crimson Solace曲包\n{Crimson Solace曲目}",
      "::5::Dynamix Collaboration曲包\n{Dynamix Collaboration曲目}",
      "::6::Ambivalent Vision曲包\n{Ambivalent Vision曲目}",
      "::6::Vicious Labyrinth曲包\n{Vicious Labyrinth曲目}",
      "::5::Sunset Radiance曲包\n{Sunset Radiance曲目}",
      "::6::Luminous Sky曲包\n{Luminous Sky曲目}",
      "::5::Lanota Collaboration曲包\n{Lanota Collaboration曲目}",
      "::5::Binary Enfold曲包\n{Binary Enfold曲目}",
      "::5::Tone Sphere Collaboration曲包\n{Tone Sphere Collaboration曲目_ftr}",
      "::5::Groove Coaster Collaboration曲包\n{Groove Coaster Collaboration曲目}",
      "::5::Absolute Reason曲包\n{Absolute Reason曲目}",
      "::3::CHUNITHM Collaboration曲包\n{CHUNITHM Collaboration曲目}",
      "::5::Adverse Prelude曲包\n{Adverse Prelude曲目}",
      "::6::World Extend曲包\n{World Extend曲目}",
      "::7::Black Fate曲包\n{Black Fate曲目}",
      "::5::Arcaea曲包\n{Arcaea曲目}",
      "::1::{_tutorial}",
      "::5::Ephemeral Page曲包\n{Ephemeral Page曲目}",
      "::3::Ephemeral Page - The Journey Onwards曲包\n{Ephemeral Page - The Journey Onwards曲目}",
      "::4::O.N.G.E.K.I. Collaboration曲包\n{O.N.G.E.K.I. Collaboration曲目}"
   ],
   "_arc速度": [
      "::7::[1D5].[1D10-1]速",
      "::3::6.[1D5]速"
   ],
   "Beyond曲目": [
      "[CQ:image,url=https://wiki.arcaea.cn/images/a/ab/Songs_tempestissimo_byd.jpg]\nTempestissimo",
      "[CQ:image,url=https://wiki.arcaea.cn/images/8/8c/Songs_fairytale_byd.jpg]\nFairytale",
      "[CQ:image,url=https://wiki.arcaea.cn/images/2/29/Songs_vexaria_byd.jpg]\nVexaria",
      "[CQ:image,url=https://wiki.arcaea.cn/images/6/60/Songs_goodtek_byd.jpg]\nGOODTEK(Arcaea Edit)",
      "[CQ:image,url=https://wiki.arcaea.cn/images/9/99/Songs_infinityheaven_byd.jpg]\nInfinity Heaven",
      "[CQ:image,url=https://wiki.arcaea.cn/images/5/57/Songs_dement_byd.jpg]\nDement ~after legend~",
      "[CQ:image,url=https://wiki.arcaea.cn/images/f/f6/Songs_purgatorium_byd.jpg]\nPurgatorium"
   ],
   "Memory Archive曲目": [
      "[CQ:image,url=https://wiki.arcaea.cn/images/5/54/Songs_auxesia.jpg]\nAuxesia",
      "[CQ:image,url=https://wiki.arcaea.cn/images/1/1d/Songs_crosssoul.jpg]\nCROSS✝︎SOUL",
      "[CQ:image,url=https://wiki.arcaea.cn/images/7/79/Songs_dataerror.jpg]\nDataErr0r",
      "[CQ:image,url=https://wiki.arcaea.cn/images/4/48/Songs_impurebird.jpg]\nImpure Bird",
      "[CQ:image,url=https://wiki.arcaea.cn/images/7/7c/Songs_modelista.jpg]\nModelista",
      "[CQ:image,url=https://wiki.arcaea.cn/images/4/41/Songs_metallicpunisher.jpg]\nMetallic Punisher",
      "[CQ:image,url=https://wiki.arcaea.cn/images/b/b8/Songs_yourvoiceso.jpg]\nYour voice so... Feat. Such",
      "[CQ:image,url=https://wiki.arcaea.cn/images/c/cc/Songs_callmyname.jpg]\nCall My Name feat. Yukacco",
      "[CQ:image,url=https://wiki.arcaea.cn/images/1/1d/Songs_carminescythe.jpg]\ncarmine:scythe",
      "[CQ:image,url=https://wiki.arcaea.cn/images/d/d3/Songs_guardina.jpg]\nγuarδina",
      "[CQ:image,url=https://wiki.arcaea.cn/images/4/4a/Songs_bethere.jpg]\nBe There",
      "[CQ:image,url=https://wiki.arcaea.cn/images/d/de/Songs_dropdead.jpg]\ndropdead",
      "[CQ:image,url=https://wiki.arcaea.cn/images/e/e6/Songs_fallensquare.jpg]\nFallensquare",
      "[CQ:image,url=https://wiki.arcaea.cn/images/7/7f/Songs_alexandrite.jpg]\nAlexandrite",
      "[CQ:image,url=https://wiki.arcaea.cn/images/2/27/Songs_astraltale.jpg]\nAstral tale",
      "[CQ:image,url=https://wiki.arcaea.cn/images/7/79/Songs_phantasia.jpg]\nPhantasia",
      "[CQ:image,url=https://wiki.arcaea.cn/images/6/66/Songs_empireofwinter.jpg]\nEmpire of Winter",
      "[CQ:image,url=https://wiki.arcaea.cn/images/a/ad/Songs_libertas.jpg]\nLibertas",
      "[CQ:image,url=https://wiki.arcaea.cn/images/2/2e/Songs_dottodot.jpg]\nDot to Dot feat. Shully",
      "[CQ:image,url=https://wiki.arcaea.cn/images/1/18/Songs_dreadnought.jpg]\nDreadnought",
      "[CQ:image,url=https://wiki.arcaea.cn/images/a/a4/Songs_mirzam.jpg]\nMirzam",
      "[CQ:image,url=https://wiki.arcaea.cn/images/2/23/Songs_surrender.jpg]\nSurrender",
      "[CQ:image,url=https://wiki.arcaea.cn/images/8/80/Songs_yozakurafubuki.jpg]\nYosakura Fubuki",
      "[CQ:image,url=https://wiki.arcaea.cn/images/9/94/Songs_heavenlycaress.jpg]\nHeavenly caress",
      "[CQ:image,url=https://wiki.arcaea.cn/images/2/2e/Songs_filament.jpg]\nFilament",
      "[CQ:image,url=https://wiki.arcaea.cn/images/1/19/Songs_avantraze.jpg]\nAvant Raze",
      "[CQ:image,url=https://wiki.arcaea.cn/images/e/ef/Songs_einherjar.jpg]\nEinherjar Joker",
      "[CQ:image,url=https://wiki.arcaea.cn/images/4/41/Songs_izana.jpg]\nIZANA",
      "[CQ:image,url=https://wiki.arcaea.cn/images/4/43/Songs_laqryma.jpg]\nLa'qryma of the Wasteland",
      "[CQ:image,url=https://wiki.arcaea.cn/images/7/7b/Songs_saikyostronger.jpg]\nSAIKYO STRONGER",
      "[CQ:image,url=https://wiki.arcaea.cn/images/1/15/Songs_amygdata.jpg]\namygdata",
      "[CQ:image,url=https://wiki.arcaea.cn/images/7/73/Songs_altale.jpg]\nAltale",
      "[CQ:image,url=https://wiki.arcaea.cn/images/5/52/Songs_feelssoright.jpg]\nFeels So Right feat. Renko",
      "[CQ:image,url=https://wiki.arcaea.cn/images/1/15/Songs_scarletcage.jpg]\nScarlet Cage",
      "[CQ:image,url=https://wiki.arcaea.cn/images/f/fc/Songs_teriqma.jpg]\nTeriqma",
      "[CQ:image,url=https://wiki.arcaea.cn/images/d/d1/Songs_mahoroba.jpg]\nMAHOROBA",
      "[CQ:image,url=https://wiki.arcaea.cn/images/9/95/Songs_badtek.jpg]\nBADTEK",
      "[CQ:image,url=https://wiki.arcaea.cn/images/d/d6/Songs_maliciousmischance.jpg]\nMalicious Mischance",
      "[CQ:image,url=https://wiki.arcaea.cn/images/d/d7/Songs_buchigireberserker.jpg]\nBUCHiGiRE Berserker",
      "[CQ:image,url=https://wiki.arcaea.cn/images/5/59/Songs_galaxyfriends.jpg]\nGalaxy Friends",
      "[CQ;image,url=https://wiki.arcaea.cn/images/e/e9/Songs_xeraphinite.jpg]\nXeraphinite"
   ],
   "Arcaea曲目": [
      "[CQ:image,url=https://wiki.arcaea.cn/images/thumb/f/fd/Songs_sayonarahatsukoi.jpg/600px-Songs_sayonarahatsukoi.jpg]\nSayonara Hatsukoi",
      "[CQ:image,url=https://wiki.arcaea.cn/images/1/1b/Songs_brandnewworld.jpg]\nBrand new world",
      "[CQ:image,url=https://wiki.arcaea.cn/images/5/56/Songs_clotho.jpg]\nClotho and the stargazer",
      "[CQ:image,url=https://wiki.arcaea.cn/images/5/58/Songs_dement.jpg]\nDement ~after legend~",
      "{_fairytale}",
      "[CQ:image,url=https://wiki.arcaea.cn/images/4/41/Songs_infinityheaven.jpg]\nInfinity Heaven",
      "[CQ:image,url=https://wiki.arcaea.cn/images/d/d8/Songs_inkarusi.jpg]\ninkar-usi",
      "[CQ:image,url=https://wiki.arcaea.cn/images/a/a4/Songs_rise.jpg]\nRise",
      "[CQ:image,url=https://wiki.arcaea.cn/images/a/a0/Songs_suomi.jpg]\nSuomi",
      "[CQ:image,url=https://wiki.arcaea.cn/images/e/ef/Songs_vexaria.jpg]\nVexaria",
      "[CQ:image,url=https://wiki.arcaea.cn/images/b/b7/Songs_babaroque.jpg]\nBabaroque",
      "[CQ:image,url=https://wiki.arcaea.cn/images/6/67/Songs_bookmaker.jpg]\nBookmaker (2D Version)",
      "[CQ:image,url=https://wiki.arcaea.cn/images/7/78/Songs_harutopia.jpg]\nHarutopia ~Utopia of Spring~",
      "[CQ:image,url=https://wiki.arcaea.cn/images/0/04/Songs_lucifer.jpg]\nLucifer",
      "[CQ:image,url=https://wiki.arcaea.cn/images/a/a2/Songs_onelastdrive.jpg]\nOne Last Drive",
      "[CQ:image,url=https://wiki.arcaea.cn/images/c/c2/Songs_purgatorium.jpg]\nPurgatorium",
      "[CQ:image,url=https://wiki.arcaea.cn/images/1/1c/Songs_rabbitintheblackroom.jpg]\nRabbit In The Black Room",
      "[CQ:image,url=https://wiki.arcaea.cn/images/8/8b/Songs_reinvent.jpg]\nReinvent",
      "[CQ:image,url=https://wiki.arcaea.cn/images/9/9a/Songs_shadesoflight.jpg]\nShades of Light in a Transcendent Realm",
      "[CQ:image,url=https://wiki.arcaea.cn/images/8/8d/Songs_snowwhite.jpg]\nSnow White",
      "[CQ:image,url=https://wiki.arcaea.cn/images/b/b6/Songs_anokumene.jpg]\nAnökumene",
      "[CQ:image,url=https://wiki.arcaea.cn/images/5/51/Songs_blaster.jpg]\nBlaster",
      "[CQ:image,url=https://wiki.arcaea.cn/images/0/04/Songs_chronostasis.jpg]\nChronostasis",
      "[CQ:image,url=https://wiki.arcaea.cn/images/4/4f/Songs_cyberneciacatharsis.jpg]\nCybernecia Catharsis",
      "[CQ:image,url=https://wiki.arcaea.cn/images/1/15/Songs_dreaminattraction.jpg]\nDreamin' Attraction!!",
      "[CQ:image,url=https://wiki.arcaea.cn/images/5/53/Songs_goodtek.jpg]\nGOODTEK(Arcaea Edit)",
      "[CQ:image,url=https://wiki.arcaea.cn/images/0/0a/Songs_ignotus.jpg]\nIgnotus",
      "[CQ:image,url=https://wiki.arcaea.cn/images/1/1c/Songs_darakunosono.jpg]\nIllegal Paradise",
      "[CQ:image,url=https://wiki.arcaea.cn/images/a/a7/Songs_kanagawa.jpg]\nKanagawa Cyber Culvert",
      "[CQ:image,url=https://wiki.arcaea.cn/images/b/b4/Songs_lostcivilization.jpg]\nLost Civilization",
      "[CQ:image,url=https://wiki.arcaea.cn/images/6/6c/Songs_espebranch.jpg]\nLunarOrbit -believe in the Espebranch road-",
      "[CQ:image,url=https://wiki.arcaea.cn/images/2/27/Songs_nhelv.jpg]\nNhelv",
      "[CQ:image,url=https://wiki.arcaea.cn/images/9/97/Songs_qualia.jpg]\nqualia -ideaesthesia-",
      "[CQ:image,url=https://wiki.arcaea.cn/images/a/ac/Songs_redandblue.jpg]\nRed and Blue",
      "[CQ:image,url=https://wiki.arcaea.cn/images/2/2b/Songs_syro.jpg]\nSyro",
      "[CQ:image,url=https://wiki.arcaea.cn/images/0/01/Songs_rugie.jpg]\nRugie",
      "[CQ:image,url=https://wiki.arcaea.cn/images/b/b6/Songs_grimheart.jpg]\nGrimheart",
      "[CQ:image,url=https://wiki.arcaea.cn/images/5/50/Songs_revixy.jpg]\nReviXy",
      "[CQ:image,url=https://wiki.arcaea.cn/images/b/b7/Songs_vector.jpg]\nVECTOЯ",
      "[CQ:image,url=https://wiki.arcaea.cn/images/9/99/Songs_supernova.jpg]\nSUPERNOVA",
      "[CQ:image,url=https://wiki.arcaea.cn/images/b/b7/Songs_diode.jpg]\nDiode",
      "[CQ:image,url=https://wiki.arcaea.cn/images/3/39/Songs_freefall.jpg]\nFREEF4LL",
      "[CQ:image,url=https://wiki.arcaea.cn/images/6/65/Songs_monochromeprincess.jpg]\nMonochrome Princess",
      "[CQ:image,url=https://wiki.arcaea.cn/images/7/7d/Songs_senkyou.jpg]\nSenkyou",
      "[CQ:image,url=https://wiki.arcaea.cn/images/0/06/Songs_worldexecuteme.jpg]\nworld.execute(me);",
      "[CQ:image,url=https://wiki.arcaea.cn/images/a/a3/Songs_oblivia.jpg]\nOblivia"
   ],
   "World Extend曲目": [
      "[CQ:image,url=https://wiki.arcaea.cn/images/3/33/Songs_vividtheory.jpg]\nVivid Theory",
      "[CQ:image,url=https://wiki.arcaea.cn/images/d/df/Songs_onefr.jpg]\n1F√",
      "[CQ:image,url=https://wiki.arcaea.cn/images/4/42/Songs_gekka.jpg]\nGekka(Short Version)",
      "[CQ:image,url=https://wiki.arcaea.cn/images/4/47/Songs_givemeanightmare.jpg]\nGive Me a Nightmare",
      "[CQ:image,url=https://wiki.arcaea.cn/images/3/3a/Songs_blacklotus.jpg]\nBlack Lotus",
      "[CQ:image,url=https://wiki.arcaea.cn/images/9/9b/Songs_faintlight.jpg]\nFaint Light(Arcaea Edit)",
      "[CQ:image,url=https://wiki.arcaea.cn/images/c/c2/Songs_crossover.jpg]\nCROSS†OVER",
      "[CQ:image,url=https://wiki.arcaea.cn/images/e/ea/Songs_lapis.jpg]\nLapis",
      "[CQ:Image,url=https://wiki.arcaea.cn/images/f/f3/Songs_purpleverse.jpg]\nPurple Verse"
   ],
   "Black Fate曲目": [
      "[CQ:image,url=https://wiki.arcaea.cn/images/b/be/Songs_ifi.jpg]\n#1F1E33",
      "[CQ:image,url=https://wiki.arcaea.cn/images/e/e5/Songs_antagonism.jpg]\nAntagonism",
      "[CQ:image,url=https://wiki.arcaea.cn/images/b/b3/Songs_arcahv.jpg]\nArcahv",
      "[CQ:image,url=https://wiki.arcaea.cn/images/8/89/Songs_dantalion.jpg]\nDantalion",
      "[CQ:image,url=https://wiki.arcaea.cn/images/b/b9/Songs_equilibrium.jpg]\nEquilibrium",
      "[CQ:image,url=https://wiki.arcaea.cn/images/5/5b/Songs_lostdesire.jpg]\nLost Desire",
      "[CQ:image,url=https://wiki.arcaea.cn/images/c/c8/Songs_tempestissimo.jpg]\nTempestissimo"
   ],
   "Adverse Prelude曲目": [
      "[CQ:image,url=https://wiki.arcaea.cn/images/c/c8/Songs_particlearts.jpg]\nParticle Arts",
      "[CQ:image,url=https://wiki.arcaea.cn/images/4/4d/Songs_vindication.jpg]\nVindication",
      "[CQ:image,url=https://wiki.arcaea.cn/images/7/7e/Songs_heavensdoor.jpg]\nHeavensdoor",
      "[CQ:image,url=https://wiki.arcaea.cn/images/b/bd/Songs_ringedgenesis.jpg]\nRinged Genesis",
      "[CQ:image,url=https://wiki.arcaea.cn/images/e/e8/Songs_blrink.jpg]\nBLRINK"
   ],
   "Luminous Sky曲目": [
      "[CQ:image,url=https://wiki.arcaea.cn/images/4/44/Songs_mazenine.jpg]\nMaze No.9",
      "[CQ:image,url=https://wiki.arcaea.cn/images/0/00/Songs_sulfur.jpg]\nSulfur",
      "[CQ:image,url=https://wiki.arcaea.cn/images/3/35/Songs_themessage.jpg]\nThe Message",
      "[CQ:image,url=https://wiki.arcaea.cn/images/b/ba/Songs_halcyon.jpg]\nHalcyon",
      "[CQ:image,url=https://wiki.arcaea.cn/images/b/b2/Songs_etherstrike.jpg]\nEther Strike",
      "[CQ:image,url=https://wiki.arcaea.cn/images/1/1a/Songs_fractureray.jpg]\nFracture Ray"
   ],
   "Vicious Labyrinth曲目": [
      "[CQ:image,url=https://wiki.arcaea.cn/images/7/76/Songs_iconoclast.jpg]\nIconoclast",
      "[CQ:image,url=https://wiki.arcaea.cn/images/4/4b/Songs_soundwitch.jpg]\nSOUNDWiTCH",
      "[CQ:image,url=https://wiki.arcaea.cn/images/a/a2/Songs_trappola.jpg]\nTtrappola bewitching",
      "[CQ:image,url=https://wiki.arcaea.cn/images/4/4e/Songs_conflict.jpg]\nconflict",
      "[CQ:image,url=https://wiki.arcaea.cn/images/f/f3/Songs_axiumcrisis.jpg]\nAxium Crisis",
      "[CQ:image,url=https://wiki.arcaea.cn/images/7/7b/Songs_grievouslady.jpg]\nGrievous Lady"
   ],
   "Eternal Core曲目": [
      "{_viyella}",
      "[CQ:image,url=https://wiki.arcaea.cn/images/a/a3/Songs_hearditsaid.jpg]\nI've heard it said that",
      "[CQ:image,url=https://wiki.arcaea.cn/images/c/c9/Songs_lumia.jpg]\nLumia",
      "[CQ:image,url=https://wiki.arcaea.cn/images/5/59/Songs_memoryfactory.jpg]\nmemoryfactory.lzh",
      "[CQ:image,url=https://wiki.arcaea.cn/images/f/fe/Songs_relentless.jpg]\nRelentless",
      "[CQ:image,url=https://wiki.arcaea.cn/images/7/77/Songs_essenceoftwilight.jpg]\nEssence of Twillight",
      "[CQ:image,url=https://wiki.arcaea.cn/images/2/24/Songs_pragmatism.jpg]\nPRAGMATISM",
      "[CQ:image,url=https://wiki.arcaea.cn/images/0/0f/Songs_sheriruth.jpg]\nSheriruth",
      "{_solitarydream}"
   ],
   "Ephemeral Page曲目": [
      "[CQ:image,url=https://wiki.arcaea.cn/images/2/2b/Songs_alicealamode.jpg]\nAlice à la mode",
      "[CQ:image,url=https://wiki.arcaea.cn/images/6/69/Songs_eccentrictale.jpg]\nEccentric Tale",
      "[CQ:image,url=https://wiki.arcaea.cn/images/a/a8/Songs_alicessuitcase.jpg]\nAlice's Suitcase",
      "[CQ:image,url=https://wiki.arcaea.cn/images/4/42/Songs_jump.jpg]\nJump",
      "[CQ:image,url=https://wiki.arcaea.cn/images/4/4b/Songs_felis.jpg]\nFelis"
   ],
   "Ephemeral Page - The Journey Onwards曲目": [
      "[CQ:image,url=https://wiki.arcaea.cn/images/e/ed/Songs_besideyou.jpg]\nBeside You",
      "[CQ:image,url=https://wiki.arcaea.cn/images/2/22/Songs_heartjackin.jpg]\nHeart Jackin'",
      "[CQ:image,url=https://wiki.arcaea.cn/images/a/a8/Songs_toaliceliddell.jpg]\nTo: Alice Liddell"
   ],
   "Sunset Radiance曲目": [
      "[CQ:image,url=https://wiki.arcaea.cn/images/f/f4/Songs_chelsea.jpg]\nChelsea",
      "[CQ:image,url=https://wiki.arcaea.cn/images/f/fa/Songs_tiemedowngently.jpg]\nTie me down gently",
      "{_melodyoflove}",
      "[CQ:image,url=https://wiki.arcaea.cn/images/a/a4/Songs_aiueoon.jpg]\nAl[UE]OON",
      "[CQ:image,url=https://wiki.arcaea.cn/images/9/95/Songs_valhallazero.jpg]\nValhalla:0"
   ],
   "Absolute Reason曲目": [
      "[CQ:image,url=https://wiki.arcaea.cn/images/1/18/Songs_antithese.jpg]\nAntithese",
      "[CQ:image,url=https://wiki.arcaea.cn/images/1/18/Songs_corruption.jpg]\nCorruption",
      "[CQ:image,url=https://wiki.arcaea.cn/images/9/9d/Songs_blackterritory.jpg]\nBlack Territory",
      "[CQ:image,url=https://wiki.arcaea.cn/images/e/e9/Songs_viciousheroism.jpg]\nVicious Heroism",
      "[CQ:image,url=https://wiki.arcaea.cn/images/9/93/Songs_cyaegha.jpg]\nCyaegha"
   ],
   "Binary Enfold曲目": [
      "[CQ:image,url=https://wiki.arcaea.cn/images/f/f4/Songs_nexttoyou.jpg]\nnext to you",
      "[CQ:image,url=https://wiki.arcaea.cn/images/c/c0/Songs_silentrush.jpg]\nSilent Rush",
      "[CQ:image,url=https://wiki.arcaea.cn/images/e/e7/Songs_strongholds.jpg]\nStrongholds",
      "[CQ:image,url=https://wiki.arcaea.cn/images/2/21/Songs_memoryforest.jpg]\nMemory Forest",
      "[CQ:image,url=https://wiki.arcaea.cn/images/2/29/Songs_singularity.jpg]\nSingularity"
   ],
   "Ambivalent Vision曲目": [
      "[CQ:image,url=https://wiki.arcaea.cn/images/2/23/Songs_blossoms.jpg]\nBlossoms",
      "[CQ:image,url=https://wiki.arcaea.cn/images/9/94/Songs_romancewars.jpg]\nRomance Wars",
      "[CQ:image,url=https://wiki.arcaea.cn/images/1/12/Songs_moonheart.jpg]\nMoonheart",
      "[CQ:image,url=https://wiki.arcaea.cn/images/1/19/Songs_genesis.jpg]\nGenesis",
      "[CQ:image,url=https://wiki.arcaea.cn/images/9/9e/Songs_lethaeus.jpg]\nLethaeus",
      "[CQ:image,url=https://wiki.arcaea.cn/images/b/b1/Songs_corpssansorganes.jpg]\ncrops-sans-organes"
   ],
   "Crimson Solace曲目": [
      "[CQ:image,url=https://wiki.arcaea.cn/images/b/b7/Songs_paradise.jpg]\nParadise",
      "[CQ:image,url=https://wiki.arcaea.cn/images/e/ee/Songs_flashback.jpg]\nFlashback",
      "[CQ:image,url=https://wiki.arcaea.cn/images/c/c0/Songs_flyburg.jpg]\nFlyburg and Endroll",
      "[CQ:image,url=https://wiki.arcaea.cn/images/4/4c/Songs_partyvinyl.jpg]\nParty Vinyl",
      "[CQ:image,url=https://wiki.arcaea.cn/images/3/31/Songs_nirvluce.jpg]\nNirv LucE",
      "[CQ:image,url=https://wiki.arcaea.cn/images/c/c2/Songs_gloryroad.jpg]\nGLORY:ROAD"
   ],
   "O.N.G.E.K.I. Collaboration曲目": [
      "[CQ:image,url=https://wiki.arcaea.cn/images/b/b3/Songs_lazyaddiction.jpg]\nLazy Addiction",
      "[CQ:image,url=https://wiki.arcaea.cn/images/6/61/Songs_dazzlehop.jpg]\nDazzle hop",
      "[CQ:image,url=https://wiki.arcaea.cn/images/8/8e/Songs_viyellastears.jpg]\nViyella's Tears",
      "[CQ:image,url=https://wiki.arcaea.cn/images/a/af/Songs_omegafour.jpg]\n"
   ],
   "CHUNITHM Collaboration曲目": [
      "[CQ:image,url=https://wiki.arcaea.cn/images/b/b5/Songs_garakuta.jpg]\nGarakuta Doll Play",
      "[CQ:image,url=https://wiki.arcaea.cn/images/6/6d/Songs_ikazuchi.jpg]\nIkazuchi",
      "[CQ:image,url=https://wiki.arcaea.cn/images/c/c4/Songs_worldvanquisher.jpg]\nWorld Vanquisher"
   ],
   "Groove Coaster Collaboration曲目": [
      "[CQ:image,url=https://wiki.arcaea.cn/images/c/cb/Songs_merlin.jpg]\nMERLIN",
      "[CQ:image,url=https://wiki.arcaea.cn/images/b/bd/Songs_omakeno.jpg]\nOMAKENO Stroke",
      "[CQ:image,url=https://wiki.arcaea.cn/images/f/fb/Songs_dxfullmetal.jpg]\nDX Choseinou Full Metal Shojo",
      "[CQ:image,url=https://wiki.arcaea.cn/images/e/e0/Songs_scarletlance.jpg]\nScarlet Lance",
      "[CQ:image,url=https://wiki.arcaea.cn/images/5/54/Songs_ouroboros.jpg]\nouroboros -twin stroke of the end-",
      "[CQ:image,url=https://wiki.arcaea.cn/images/d/db/Songs_gothiveofra.jpg]\nGot hive of Ra"
   ],
   "Tone Sphere Collaboration曲目_pst": [
      "[CQ:image,url=https://wiki.arcaea.cn/images/e/e3/Songs_hallofmirrors.jpg]\nHall of Mirrors",
      "[CQ:image,url=https://wiki.arcaea.cn/images/1/17/Songs_hikari.jpg]\nHikari",
      "{_stager_pst}",
      "[CQ:image,url=https://wiki.arcaea.cn/images/7/7f/Songs_linearaccelerator.jpg]\nLinear Accelerator",
      "[CQ:image,url=https://wiki.arcaea.cn/images/f/f6/Songs_tiferet.jpg]\nTiferet"
   ],
   "Tone Sphere Collaboration曲目_prs": [
      "[CQ:image,url=https://wiki.arcaea.cn/images/e/e3/Songs_hallofmirrors.jpg]\nHall of Mirrors",
      "[CQ:image,url=https://wiki.arcaea.cn/images/1/17/Songs_hikari.jpg]\nHikari",
      "{_stager_prs}",
      "[CQ:image,url=https://wiki.arcaea.cn/images/7/7f/Songs_linearaccelerator.jpg]\nLinear Accelerator",
      "[CQ:image,url=https://wiki.arcaea.cn/images/f/f6/Songs_tiferet.jpg]\nTiferet"
   ],
   "Tone Sphere Collaboration曲目_ftr": [
      "[CQ:image,url=https://wiki.arcaea.cn/images/e/e3/Songs_hallofmirrors.jpg]\nHall of Mirrors",
      "[CQ:image,url=https://wiki.arcaea.cn/images/1/17/Songs_hikari.jpg]\nHikari",
      "{_stager_ftr}",
      "[CQ:image,url=https://wiki.arcaea.cn/images/7/7f/Songs_linearaccelerator.jpg]\nLinear Accelerator",
      "[CQ:image,url=https://wiki.arcaea.cn/images/f/f6/Songs_tiferet.jpg]\nTiferet"
   ],
   "Lanota Collaboration曲目": [
      "[CQ:image,url=https://wiki.arcaea.cn/images/9/90/Songs_dreamgoeson.jpg]\nDream goes on",
      "[CQ:image,url=https://wiki.arcaea.cn/images/5/5f/Songs_journey.jpg]\nJourney",
      "[CQ:image,url=https://wiki.arcaea.cn/images/3/32/Songs_specta.jpg]\nSpecta",
      "[CQ:image,url=https://wiki.arcaea.cn/images/4/4a/Songs_quon.jpg]\nQuon",
      "[CQ:image,url=https://wiki.arcaea.cn/images/3/3c/Songs_cyanine.jpg]\ncyanine"
   ],
   "Dynamix Collaboration曲目": [
      "[CQ:image,url=https://wiki.arcaea.cn/images/8/8d/Songs_moonlightofsandcastle.jpg]\nMoonlight of Sand Castle",
      "[CQ:image,url=https://wiki.arcaea.cn/images/a/ad/Songs_evoltex.jpg]\nEvoltex(poppi'n mix)",
      "[CQ:image,url=https://wiki.arcaea.cn/images/8/8d/Songs_reconstruction.jpg]\nREconstruction",
      "[CQ:image,url=https://wiki.arcaea.cn/images/6/69/Songs_oracle.jpg]\nOracle",
      "[CQ:image,url=https://wiki.arcaea.cn/images/c/cc/Songs_aterlbus.jpg]\nαterlβus"
   ],
   "_愚人节单曲": [
      "[CQ:image,url=https://wiki.arcaea.cn/images/e/e9/Songs_ignotus_afterburn.png]\nIgnotus Afterburn",
      "[CQ:image,url=https://wiki.arcaea.cn/images/b/b6/Songs_Red_and_Blue_and_Green.jpg]\nRed and Blue and Green",
      "[CQ:image,url=https://wiki.arcaea.cn/images/c/cc/Songs_Singularity_VVVIP.jpg]\nSingularity VVVIP"
   ],
   "_fairytale": [
      "::10::[CQ:image,url=https://wiki.arcaea.cn/images/8/8f/Songs_fairytale.jpg]\nFairytale",
      "::1::[CQ:image,url=https://wiki.arcaea.cn/images/8/84/Songs_fairytale_old.jpg]\nFairytale"
   ],
   "_melodyoflove": [
      "[CQ:image,url=https://wiki.arcaea.cn/images/5/52/Songs_melodyoflove_night.jpg]\nA Wandering Melody of Love",
      "[CQ:image,url=https://wiki.arcaea.cn/images/b/b4/Songs_melodyoflove.jpg]\nA Wandering Melody of Love"
   ],
   "_solitarydream": [
      "[CQ:image,url=https://wiki.arcaea.cn/images/c/cd/Songs_solitarydream_ja.jpg]\nSolitary Dream",
      "[CQ:image,url=https://wiki.arcaea.cn/images/d/d8/Songs_solitarydream.jpg]\nSolitary Dream"
   ],
   "_stager_pst": [
      "[CQ:image,url=https://wiki.arcaea.cn/images/b/bb/Songs_stager_pst.jpg]\nSTAGER(ALL STAGE CLEAR)"
   ],
   "_stager_prs": [
      "[CQ:image,url=https://wiki.arcaea.cn/images/a/a9/Songs_stager_prs.jpg]\nSTAGER(ALL STAGE CLEAR)"
   ],
   "_stager_ftr": [
      "[CQ:image,url=https://wiki.arcaea.cn/images/d/de/Songs_stager.jpg]\nSTAGER(ALL STAGE CLEAR)"
   ],
   "_viyella": [
      "::1[CQ:image,url=https://wiki.arcaea.cn/images/1/18/Songs_viyella_old.jpg]\ncry of viyella",
      "::10[CQ:image,url=https://wiki.arcaea.cn/images/0/00/Songs_viyella.jpg]\ncry of viyella"
   ],
   "_tutorial": [
      "[CQ:image,url=https://wiki.arcaea.cn/images/9/9b/Songs_tutorial.jpg]\ntutorial"
   ],
   "arc搭档": [
      "今天也是爬梯的一天，{self}今天的搭档建议是\n{_搭档}"
   ],
   "_搭档": [
      "光（Hikari）\n[CQ:image,url=https://wiki.arcaea.cn/images/thumb/e/ec/Partner_hikari.png/1024px-Partner_hikari.png]",
      "光（Hikari）\n[CQ:image,url=https://wiki.arcaea.cn/images/thumb/2/23/Partner_hikari_awaken.png/1024px-Partner_hikari_awaken.png]",
      "对立（Tairitsu）\n[CQ:image,url=https://wiki.arcaea.cn/images/thumb/6/68/Partner_tairitsu.png/1024px-Partner_tairitsu.png]",
      "对立（Tairitsu）\n[CQ:image,url=https://wiki.arcaea.cn/images/thumb/3/35/Partner_tairitsu_awaken.png/1024px-Partner_tairitsu_awaken.png]",
      "红（Kou）\n[CQ:image,url=https://wiki.arcaea.cn/images/thumb/9/93/Partner_kou.png/1024px-Partner_kou.png]",
      "红（Kou）\n[CQ:image,url=https://wiki.arcaea.cn/images/thumb/9/9a/Partner_kou_awaken.png/1024px-Partner_kou_awaken.png]",
      "萨菲亚（Sapphire）\n[CQ:image,url=https://wiki.arcaea.cn/images/thumb/e/e8/Partner_sapphire.png/1024px-Partner_sapphire.png]",
      "忘却（Lethe）\n[CQ:image,url=https://wiki.arcaea.cn/images/thumb/c/c7/Partner_lethe.png/1024px-Partner_lethe.png]",
      "忘却（Lethe）\n[CQ:image,url=https://wiki.arcaea.cn/images/thumb/7/7d/Partner_lethe_awaken.png/1024px-Partner_lethe_awaken.png]",
      "对立（Axium）\n[CQ:image,url=https://wiki.arcaea.cn/images/thumb/0/0a/Partner_tairitsu_axium.png/1024px-Partner_tairitsu_axium.png]",
      "对立（Grievous Lady）\n[CQ:image,url=https://wiki.arcaea.cn/images/thumb/0/0e/Partner_tairitsu_grievous_lady.png/1024px-Partner_tairitsu_grievous_lady.png]",
      "星（Stella）\n[CQ:image,url=https://wiki.arcaea.cn/images/thumb/6/60/Partner_stella.png/1024px-Partner_stella.png]",
      "光 & 菲希卡（Hikari & Fisica）\n[CQ:image,url=https://wiki.arcaea.cn/images/thumb/3/3e/Partner_hikari_%26_fisica.png/1024px-Partner_hikari_%26_fisica.png]",
      "依莉丝（Ilith）\n[CQ:image,url=https://wiki.arcaea.cn/images/thumb/7/75/Partner_ilith.png/1024px-Partner_ilith.png]",
      "爱托（Eto）\n[CQ:image,url=https://wiki.arcaea.cn/images/thumb/e/e7/Partner_eto.png/1024px-Partner_eto.png]",
      "露娜（Luna）\n[CQ:image,url=https://wiki.arcaea.cn/images/thumb/8/86/Partner_luna.png/1024px-Partner_luna.png]",
      "调（Shirabe）\n[CQ:image,url=https://wiki.arcaea.cn/images/thumb/4/49/Partner_shirabe.png/1024px-Partner_shirabe.png]",
      "调（Shirabe）\n[CQ:image,url=https://wiki.arcaea.cn/images/thumb/a/a4/Partner_shirabe_awaken.png/1024px-Partner_shirabe_awaken.png]",
      "光（Zero）\n[CQ:image,url=https://wiki.arcaea.cn/images/thumb/8/82/Partner_hikari_zero.png/1024px-Partner_hikari_zero.png]",
      "光（Fracture）\n[CQ:image,url=https://wiki.arcaea.cn/images/thumb/6/62/Partner_hikari_fracture.png/1024px-Partner_hikari_fracture.png]",
      "光（Summer）\n[CQ:image,url=https://wiki.arcaea.cn/images/thumb/f/fa/Partner_hikari_summer.png/1024px-Partner_hikari_summer.png]",
      "对立（Summer）\n[CQ:image,url=https://wiki.arcaea.cn/images/thumb/c/c6/Partner_tairitsu_summer.png/1024px-Partner_tairitsu_summer.png]",
      "对立 & 托凛（Tairitsu & Trin）\n[CQ:image,url=https://wiki.arcaea.cn/images/thumb/c/c6/Partner_tairitsu_summer.png/1024px-Partner_tairitsu_summer.png]",
      "彩梦（Ayu）\n[CQ:image,url=https://wiki.arcaea.cn/images/thumb/1/1a/Partner_ayu.png/1024px-Partner_ayu.png]",
      "爱托 & 露娜 -冬-（Eto & Luna -Winter-）\n[CQ:image,url=https://wiki.arcaea.cn/images/thumb/e/e3/Partner_eto_%26_luna_winter.png/1024px-Partner_eto_%26_luna_winter.png]",
      "梦（Yume）\n[CQ:image,url=https://wiki.arcaea.cn/images/thumb/2/23/Partner_yume.png/1024px-Partner_yume.png]",
      "梦（Yume）\n[CQ:image,url=https://wiki.arcaea.cn/images/thumb/b/bc/Partner_yume_awaken.png/1024px-Partner_yume_awaken.png]",
      "光 & 晴音（Seine & Hikari）\n[CQ:image,url=https://wiki.arcaea.cn/images/8/82/Partner_hikari_%26_seine.png]",
      "咲弥（Saya）\n[CQ:image,url=https://wiki.arcaea.cn/images/thumb/e/ec/Partner_saya.png/1024px-Partner_saya.png]",
      "对立 & 中二企鹅（Tairitsu & Chuni Penguin）\n[CQ:image,url=https://wiki.arcaea.cn/images/thumb/c/cc/Partner_tairitsu_%26_chuni_penguin.png/1024px-Partner_tairitsu_%26_chuni_penguin.png]",
      "中二企鹅（Chuni Penguin）\n[CQ:image,url=https://wiki.arcaea.cn/images/thumb/1/1f/Partner_chuni_penguin.png/1024px-Partner_chuni_penguin.png]",
      "榛名（Haruna）\n[CQ:image,url=https://wiki.arcaea.cn/images/thumb/9/98/Partner_haruna.png/1024px-Partner_haruna.png]",
      "榛名（Haruna）\n[CQ:image,url=https://wiki.arcaea.cn/images/thumb/d/da/Partner_haruna_awaken.png/1024px-Partner_haruna_awaken.png]",
      "诺诺（Nono）\n[CQ:image,url=https://wiki.arcaea.cn/images/thumb/4/4d/Partner_nono.png/1024px-Partner_nono.png]",
      "诺诺（Nono）\n[CQ:image,url=https://wiki.arcaea.cn/images/thumb/a/ab/Partner_nono_awaken.png/1024px-Partner_nono_awaken.png]",
      "潘多拉涅墨西斯（MTA-XXX）\n[CQ:image,url=https://wiki.arcaea.cn/images/thumb/a/a1/Partner_pandora_nemesis.png/1024px-Partner_pandora_nemesis.png]",
      "潘多拉涅墨西斯（MTA-XXX）\n[CQ:image,url=https://wiki.arcaea.cn/images/thumb/d/d5/Partner_pandora_nemesis_awaken.png/1024px-Partner_pandora_nemesis_awaken.png]",
      "轩辕十四（MDA-21）\n[CQ:image,url=https://wiki.arcaea.cn/images/thumb/2/25/Partner_regulus.png/1024px-Partner_regulus.png]",
      "轩辕十四（MDA-21）\n[CQ:image,url=https://wiki.arcaea.cn/images/thumb/8/8c/Partner_regulus_awaken.png/1024px-Partner_regulus_awaken.png]",
      "群愿（Kanae）\n[CQ:image,url=https://wiki.arcaea.cn/images/thumb/a/af/Partner_kanae.png/1024px-Partner_kanae.png]",
      "光（Fantasia）\n[CQ:image,url=https://wiki.arcaea.cn/images/thumb/e/e8/Partner_hikari_fantasia.png/1024px-Partner_hikari_fantasia.png]",
      "对立（Sonata）\n[CQ:image,url=https://wiki.arcaea.cn/images/thumb/a/a0/Partner_tairitsu_sonata.png/1024px-Partner_tairitsu_sonata.png]",
      "兮娅（Sia）\n[CQ:image,url=https://wiki.arcaea.cn/images/thumb/b/be/Partner_sia.png/1024px-Partner_sia.png]",
      "DORO*C\n[CQ:image,url=https://wiki.arcaea.cn/images/thumb/f/f7/Partner_doroc.png/1024px-Partner_doroc.png]",
      "对立（Tempest）\n[CQ:image,url=https://wiki.arcaea.cn/images/thumb/c/ce/Partner_tairitsu_tempest.png/1024px-Partner_tairitsu_tempest.png]",
      "布丽兰特（Brillante E/S Primera）\n[CQ:image,url=https://wiki.arcaea.cn/images/thumb/c/cd/Partner_brillante.png/1024px-Partner_brillante.png]",
      "布丽兰特（Brillante E/S Primera）\n[CQ:image,url=https://wiki.arcaea.cn/images/thumb/1/1e/Partner_brillante_awaken.png/1024px-Partner_brillante_awaken.png]",
      "伊莉丝（夏）[Ilith（Summer）]\n[CQ:image,url=https://wiki.arcaea.cn/images/thumb/5/5a/Partner_ilith_summer.png/1024px-Partner_ilith_summer.png]",
      "咲弥（练习曲）[Saya(Edute)]\n[CQ:image,url=https://wiki.arcaea.cn/images/thumb/5/58/Partner_saya_etude.png/1024px-Partner_saya_etude.png]",
      "爱丽丝 & 坦尼尔(Alice & Tenniel)\n[CQ:image,url=https://wiki.arcaea.cn/images/b/b8/Partner_alice_%26_tenniel.png]",
      "露娜 & 美亚(Luna & Mia)\n[CQ:image,url=https://wiki.arcaea.cn/images/thumb/f/f7/Partner_luna_%26_mia.png/1024px-Partner_luna_%26_mia.png]"
   ],
   "arc挑战": [
      "{_Arcaea挑战}"
   ],
   "_Arcaea挑战": [
      "让我们来一把紧张又刺激的arc吧！那么，您挑战的曲目是:\n{_韵律源点曲包ftr}\n您的模式为:{挑战1}\n限制搭档为:{挑战2}"
   ],
   "挑战1": [
      "锁爹模式：请用2.2以下的速度完成",
      "呆爹模式：请用6.2以上的速度完成",
      "弹窗模式：请打开QQ，微信等一系列社交软件并开启通知与通知悬浮窗",
      "封印模式：禁止使用拇指和食指",
      "目押模式：请关闭手机音量完成",
      "三田模式：请用单手完成",
      "打滑模式：请在光滑的桌面上且不采取任何防滑措施完成",
      "h1r模式:点击屏幕禁止发出声音",
      "Ben模式：请使用拇指手持设备完成",
      "倾城模式：请敲出最大的声音并尽量补拍",
      "延迟模式：请将延迟增加500完成",
      "DNA模式：请闭眼完成",
      "正常模式：正常游玩",
      "反转模式：请将设备旋转180°游玩"
   ],
   "挑战2": [
      "不限搭档",
      "不限搭档",
      "{韵律源点搭档挑战}"
   ],
   "韵律源点搭档挑战": [
      "光（Hikari）",
      "对立（Tairitsu）",
      "红（Kou）",
      "萨菲亚（Sapphire）",
      "忘却（Lethe）",
      "对立（Axium）",
      "对立（Grievous Lady）",
      "星（Stella）",
      "光&菲希卡（Hikari & Fisica）",
      "依莉丝（Ilith）",
      "爱托（Eto）",
      "露娜（Luna）",
      "调（Shirabe）",
      "光（Zero）",
      "光（Fracture）",
      "光（Summer）",
      "对立（Summer）",
      "对立 & 托凛（Tairitsu & Trin）",
      "彩梦（Ayu）",
      "爱托 & 露娜 -冬-（Eto & Luna -Winter-）",
      "梦（Yume）",
      "光 & 晴音（Seine & Hikari）",
      "咲弥（Saya）",
      "对立 & 中二企鹅（Tairitsu & Chuni Penguin）",
      "中二企鹅（Chuni Penguin）",
      "榛名（Haruna Mishima）",
      "诺诺（Nono Shibusawa）",
      "潘多拉涅墨西斯（MTA-XXX）",
      "轩辕十四（MDA-）",
      "群愿（Kanae）",
      "光（Fantasia）",
      "对立（Sonata）",
      "兮娅（Sia）",
      "DORO*C",
      "对立（Tempest）",
      "布丽兰特（Brillante E/S Primera）",
      "伊莉丝（Summer）",
      "咲弥（Edute）",
      "爱丽丝 & 坦尼尔(Alice & Tenniel)",
      "露娜 & 美亚(Luna & Mia)"
   ]
}