﻿{
	"东方正作":["你按耐不住要9961的冲动，决定玩把\n{东方stg}。\n祝你好运！\n\n注意：该牌堆仅含有Windows端上的东方整数正作（包括花映冢在内），即th6至th18"],
	"东方stg":["th6 东方红魔乡～the Embodiment of Scarlet Devil.\n{红魔乡}","th7 东方妖妖梦～Perfect Cherry Blossom.\n{妖妖梦}","th8 东方永夜抄～Imperishable Night.\n{永夜抄}","th9 东方花映塚～Phantasmagoria of Flower View.\n{花映冢}","th10 东方风神录～Mountain of Faith.\n{风神录}","th11 东方地灵殿～Subterranean Animism.\n{地灵殿}","th12 东方星莲船～Undefined Fantastic Object.\n{星莲船}","th13 东方神灵庙～Ten Desires.\n{神灵庙}","th14 东方辉针城～Double Dealing Character.\n{辉针城}","th15 东方绀珠传～Legacy of Lunatic Kingdom.\n{绀珠传}","th16 东方天空璋～Hidden Star in Four Seasons.\n{天空璋}","th17 东方鬼形兽～Wily Beast and Weakest Creature.\n{鬼形兽}","th18 东方虹龙洞～Unconnected Marketeers.\n{虹龙洞}"],
	"stg课题":["混关","锁定1.0Power","No Miss","No Bomb","No Shot","No R/No C（禁结界/特殊道具/灵击）","全避","低速封印","高速封印","左右封印","上下封印","下避","FPS90/120","随机版","Full Spell Card","打分"],
	"红魔乡":["难易度选择：\n{红魔乡难度}\n选择主人公：\n『{红魔乡自机}"],
	"红魔乡难度":["Easy 面向STG苦手的人","Normal 面向普通人的难度","Hard 专业的射击游戏的难度","Lunatic 达人向的难度","Extra 不要啊！你真的要玩这个吗？"],
	"红魔乡自机":["博丽神社的巫女小姐 博丽灵梦』\n选择使用的符卡：\n『{红魔乡灵梦}』","东洋的西洋魔术师 雾雨魔理沙』\n选择使用的符卡：\n『{红魔乡魔理沙}』"],
	"红魔乡灵梦":["灵之御札","梦之御札"],
	"红魔乡魔理沙":["魔之御札","恋之御札"],
	"妖妖梦":["选择难易度Choose Level.：\n{妖妖梦难度}\n选择主人公Choose Girl.：\n『{妖妖梦自机}"],
	"妖妖梦难度":["入门 Easy Level 面向射击游戏苦手","普通 Normal Level 面向射击游戏感觉一般的人","难关 Hard Level 面向在街机上玩射击游戏的人","惊异 Lunatic Level 奇特的方向","流风 Extra Level 无法继续前进的道路","幻想 Phantasm Level 并非完全混沌之混沌"],
	"妖妖梦自机":["乐园里神妙的巫女 博丽灵梦』\n选择角色武器Choose Spell Card.\n『{妖妖梦灵梦}』","普通的黑魔术少女 雾雨魔理沙』\n选择角色武器Choose Spell Card.\n『{妖妖梦魔理沙}』","完全潇洒的从者 十六夜咲夜』\n选择角色武器Choose Spell Card.\n『{妖妖梦咲夜}』"],
	"妖妖梦灵梦":["灵符 追尾型","梦符 速射型"],
	"妖妖梦魔理沙":["魔符 威力重视型","恋符 贯通型"],
	"妖妖梦咲夜":["幻符 广范围型","时符 特殊型"],
	"永夜抄":["人与妖怪的选择之刻：\n『{永夜抄自机}』\n难易度选择之刻：\n{永夜抄难度}"],
	"永夜抄自机":["幻想的结界组 博丽灵梦 八云紫","咏唱禁咒组 雾雨魔理沙 爱丽丝玛格特罗伊德","梦幻的红魔组 十六夜咲夜 蕾米莉亚斯卡雷特","幽冥之住人组 魂魄妖梦 西行寺幽幽子","乐园绝妙的巫女 博丽灵梦","栖息在幻想境界的妖怪 八云紫","普通的黑魔术少女 雾雨魔理沙","使用人形的魔法使 爱丽丝玛格特罗伊德","完全潇洒的女仆 十六夜咲夜","红之恶魔 蕾米莉亚斯卡雷特","半人半灵 魂魄妖梦","在冥界生活的亡灵少女 西行寺幽幽子"],
	"永夜抄难度":["Easy Level 初月 面向射击游戏苦手的人","Nomarl Level 三日月面向射击游戏感觉一般的人","Hard Level 上弦月 面向在街机上玩射击游戏的人","Lunatic Level 待宵 谁都不适合"],
	"花映冢":["选择难度之时：\n{花映冢难度}\n选择少女之时：\n『{花映冢自机}』"],
	"花映冢难度":["达磨草 EASY LEVEL 攻击最为稀少平稳的难度","福寿草 NORMAL LEVEL 标准的难度","山茶花 HARD LEVEL 以某种程度的猛烈攻击开始","彼岸花 LUNATIC LEVEL 另一个世界的难度","西行妖 EXTRA LEVEL 连续躲避纷纷飘落的樱花吧"],
	"花映冢自机":["乐园的可爱巫女 博丽灵梦","普通的魔法使 雾雨魔理沙","完全潇洒的女仆 十六夜咲夜","半人半灵的半吊子 魂魄妖梦","狂气的月兔 铃仙·优昙华院·因幡","冰之小妖精 琪露诺","骚灵键盘手 莉莉卡·普利兹姆利巴","夜雀妖怪 米斯蒂娅·萝蕾拉","幸运的白兔 因幡帝","传统的幻想记者 射命丸文","小小的甜蜜毒药 梅蒂欣·梅兰可莉","四季的鲜花之主 风见幽香","三途河的引航人 小野冢小町","乐园的最高裁判长 四季映姬·夜摩仙那度"],
	"风神录":["RANK SELECT 选择难易度：\n{风神录难度}\nPLAYER SELECT 选择人类：\n『{风神录自机}"],
	"风神录难度":["EASY 用于熟悉操作的难度","NORMAL 用于享受游戏的难度","HARD 相当值得自豪的难度","LUNATIC 一直以来的难度","EXTRA 哦呀？想玩玩吗？你也相当好事呢"],
	"风神录自机":["乐园的巫女 博丽灵梦』\nWEAPON SELECT选择使用武器：『{风神录灵梦}』","普通的魔法使 雾雨魔理沙』\nWEAPON SELECT选择使用武器：『{风神录魔理沙}』"],
	"风神录灵梦":["诱导装备","前方集中装备","封印装备"],
	"风神录魔理沙":["高威力装备","贯通装备","魔法使装备"],
	"地灵殿":["Rank Select 选择难易度：\n{地灵殿难度}\nPlayer Select 选择人类：\n『{地灵殿自机}"],
	"地灵殿难度":["妖精级 EASY 犯困的时候玩这个难度会马上睡着的","河童级 NORMAL 对人类来说平易近人的难度","天狗级 HARD 让人拿出真本事的难度","鬼神级 LUNATIC 逗你玩的难度","偶像级 EXTRA 特别的难易度"],
	"地灵殿自机":["乐园的巫女 博丽灵梦』\nWeapon Select 选择支援妖怪:\n『{地灵殿灵梦}』","普通的魔法使 雾雨魔理沙』\nWeapon Select 选择支援妖怪:\n『{地灵殿魔理沙}』"],
	"地灵殿灵梦":["八云紫（前方集中型）","伊吹萃香（贯通诱导型）","射命丸文（移动特化型）"],
	"地灵殿魔理沙":["爱丽丝·玛格特罗伊德（支援强化型）","帕秋莉·诺蕾姬（配置变化型）","河城荷取（防御重视型）"],
	"星莲船":["RANK SELECT 合您心意的难度：\n{星莲船难度}\nPLAYER SELECT 合您心意的人类：\n『{星莲船自机}"],
	"星莲船难度":["EASY MODE 面向星期天的Shooter","NORMAL MODE 面向现役Gammer","HARD MODE 面向幻想乡的居民","LUNATIC MODE 面向失落的民族","EXTRA MODE 面向妖怪退治专家"],
	"星莲船自机":["博丽灵梦』\nWEAPON SELECT 合您心意的动机：\n『{星莲船灵梦}』","雾雨魔理沙』\nWEAPON SELECT 合您心意的动机：\n『{星莲船魔理沙}』","东风谷早苗』\nWEAPON SELECT 合您心意的动机：\n『{星莲船早苗}』"],
	"星莲船灵梦":["目标宝船，一攫千金！（一点集中攻击力重视型）","又是妖怪搞的鬼啊！（重视Anti-Pattem的超诱导型）"],
	"星莲船魔理沙":["有宝船当然就有宝物！（无限贯通&常驻攻击型）","总是对不明事物兴致勃勃（超攻击范围重视型）"],
	"星莲船早苗":["依照神奈子大人所说（一点集中&诱导型）","依照诹访子大人所说（高威力&广范围炸裂型）"],
	"神灵庙":["RANK SELECT 请选择难度：\n{神灵庙难度}\nPLAYER SELECT请选择主人公：\n『{神灵庙自机}』"],
	"神灵庙难度":["健康长寿祈愿 EASY MODE","交通安全祈愿 NORMAL MODE","生意兴隆祈愿 HARD MODE","IT信息安全祈愿 LUNATIC MODE","弹幕退散祈愿 EXTRA MODE"],
	"神灵庙自机":["五欲的巫女 博丽灵梦","强欲的魔法使 雾雨魔理沙","我欲的巫女 东风谷早苗","死欲的半灵 魂魄妖梦"],
	"辉针城":["Rank Select 请选择游戏难度：\n{辉针城难度}\nPlayer Select 请选择一位主人公：\n『{辉针城自机}"],
	"辉针城难度":["祖母绿级 EASY MODE","海蓝宝石级 NORMAL MODE","红宝石级 HARD MODE","希望钻石级 LUNATIC MODE","镁金属级EXTRA MODE"],
	"辉针城自机":["飞翔于天空的不可思议的巫女 博丽灵梦』\nWeapon Select请选择武器的类型：\n『{辉针城灵梦}』","普通的魔法使 雾雨魔理沙』\nWeapon Select请选择武器的类型：\n『{辉针城魔理沙}』","红色恶魔的女仆 十六夜咲夜』\nWeapon Select请选择武器的类型：\n『{辉针城咲夜}』"],
	"辉针城灵梦":["使用妖器「驱魔棒」 上下翻飞的回避重视型","不使用妖器 传统的平衡型"],
	"辉针城魔理沙":["使用妖器「迷你八卦炉」 散发热量的威力重视型","不使用妖器 自给自足的灵力吸收型"],
	"辉针城咲夜":["使用妖器「Silver Blade」闪耀银光的牵制攻击型","不使用妖器 稳健之人的道具增加型"],
	"绀珠传":["MODE SELECT 选择游戏模式：\n『{绀珠传模式}』\nRANK SELECT 选择游戏难度：\n{绀珠传难度}\nPLAYER SELECT 选择一位主人公\n『{绀珠传自机}』"],
	"绀珠传模式":["完美无缺模式 Pointdevice Mode","传统遗产模式 Legacy Mode"],
	"绀珠传难度":["新月级 EASY Mode 马马虎虎，易于咀嚼的难易度","三日月级 NORMAL Mode 嚼劲十足的难度","半月级 HARD Mode 难以咀嚼到下颌疲劳的程度","满月级 LUNATIC Mode 不可食用","暗月级 EXTRA Mode 也有好这一口的人在"],
	"绀珠传自机":["飞翔于天空的不可思议的巫女 博丽灵梦","普通的魔法使 雾雨魔理沙","住在山里的奇迹的现人神 东风谷早苗","地上的月兔 铃仙·优昙华院·因幡"],
	"天空璋":["RANK SELECT 选择游戏难度：\n{天空璋模式}"],
	"天空璋模式":["{天空璋EX}","{天空璋通常模式}","{天空璋通常模式}","{天空璋通常模式}","{天空璋通常模式}"],
	"天空璋EX":["第五个季节级 EXTRA Mode 来吧，反击的时候到了\nPLAYER SELECT 选择一位主人公：\n『{天空璋自机}』\nSUBWEAPEN SELECT 选择第二个季节：\n『{天空璋EX副季节}』"],
	"天空璋通常模式":["{天空璋难度}\nPLAYER SELECT 选择一位主人公：\n『{天空璋自机}』\nSUBWEAPEN SELECT 选择第二个季节：\n『{天空璋副季节}』"],
	"天空璋难度":["春之小雨级 EASY Mode 即使不打伞也没关系的难度","夏之阵雨级 NORMAL Mode 必须做好事前准备的难度","秋之台风级 HARD Mode 最好节制外出的难度","蛰居之冬级 LUNATIC Mode 窝在家里吧"],
	"天空璋自机":["春阳下无忧无虑的巫女 博丽灵梦","烈日下不融的冰精 晒黑了的琪露诺","飞散红叶的天狗 射命丸文","极寒中颤抖的魔法使 雾雨魔理沙"],
	"天空璋副季节":["春 副季节","夏 副季节","秋 副季节","冬 副季节"],
	"天空璋EX副季节":["土用 副季节（EX固定）"],
	"鬼形兽":["Rank Select 选择游戏难度：\n{鬼形兽难度}\nPlayer Select 选择一位主人公：\n『{鬼形兽自机}』\nBeast Select请选择要凭依的动物灵：\n『{鬼形兽动物灵}』"],
	"鬼形兽难度":["羊羔级 EASY Mode 大家都会得到善待的难度","柴犬级 NORMAL Mode 掉以轻心就会被咬的难度","剑齿虎级 HARD Mode 难以存活的难度","恐龙级 LUNATIC Mode 绝对赢不了","幻兽级 EXTRA Mode 在人界被侵略之前阻止他们吧"],
	"鬼形兽自机":["乐园的可爱巫女 博丽灵梦","普通至极的魔法使 雾雨魔理沙","半人半灵的二刀剑士 魂魄妖梦"],
	"鬼形兽动物灵":["野狼灵 大幅强化集中射击","水獭灵 大幅强化Bomb","大鹫灵 大幅强化扩散射击"],
	"虹龙洞":["Rank Select 选择难度：\n{虹龙洞难度}\nPLAYER SELECT 选择主人公：\n『{虹龙洞自机}』\n装备变更-初始装备的能力卡牌 Hold Ability Card：\n『{虹龙洞初始卡牌}』&『{虹龙洞初始卡牌}』"],
	"虹龙洞难度":["贵族级 EASY Mode 即使是敌人也以礼相待","庶民级 NORMAL Mode 温柔与严厉一体两面的难度","隐士级 HARD Mode 面向严于律己之人的难度","虚无僧级 LUNATIC Mode 不知为何被紧追不放但也无所谓","EXTRA Mode（体验版未开放）"],
	"虹龙洞自机":["乐园的可爱巫女 博丽灵梦","普通的魔法使 雾雨魔理沙","潇洒的女仆 十六夜咲夜","奇迹的现人神 东风谷早苗"],
	"虹龙洞初始卡牌":["阴阳玉","半灵的一半","上海人形","冰之妖精","守财奴的教训","献给神山的供物","死秽回避之药","幸运兔脚","弱肉强食之理","法力经典","小石子帽子","擅长做生意的招财猫","山童式购物术","龙之烟管","画面的境界","万宝槌","忍耐的要石","疯狂之月","无装备","无装备"],
	"虹龙洞卡牌":["生命卡牌","符咒卡牌","破损的生命卡牌","破损的符咒卡牌","财富流至门前来","铃瑚团子","不死鸟之尾","阴阳玉","半灵的一半","上海人形","冰之妖精","守财奴的教训","献给神山的供物","死秽回避之药","幸运兔脚","弱肉强食之理","法力经典","小石子帽子","擅长做生意的招财猫","山童式购物术","龙之烟管","画面的境界","万宝槌","忍耐的要石","疯狂之月"]
}