{
"_武器倾向":[
	"{%_五星mod}\n倾向：●●●●●",
	"{%_四星mod}\n倾向：●●●●○",
	"{%_三星mod}\n倾向：●●●○○",
	"{%_二星mod}\n倾向：●●○○○",
	"{%_一星mod}\n倾向：●○○○○"],
"_五星mod":[
	"【主武器】冷冻光束步枪(破坏者)",
	"【主武器】哈帕克",
	"【主武器】噬菌者",
	"【主武器】寇恩热能枪",
	"【主武器】导热聚焦枪",
	"【主武器】巴兹火枪",
	"【主武器】异融西诺斯",
	"【主武器】异融量子枪",
	"【主武器】(MK1)斯特朗(亡魂)",
	"【主武器】(棱晶)特拉",
	"【主武器】猎豹",
	"【主武器】突触生化枪",
	"【主武器】米特尔",
	"【主武器】(棱晶)蛇发女妖(亡魂)",
	"【主武器】通量射线步枪",
	"【主武器】野猪(Prime)",
	"【主武器】金工火神(亡魂)",
	"【主武器】阿提卡",
	"【主武器】附肢寄生者",
	"【主武器】雌鹿",
	"【主武器】鳄神",
	"【主武器】龙骑兵",
	"【副武器】光谱切割器(破坏者)",
	"【副武器】努寇微波枪",
	"【副武器】北海巨妖",
	"【副武器】双子蝰蛇(亡魂)",
	"【副武器】史特克",
	"【副武器】啐沫者",
	"【副武器】安柏勒斯",
	"【副武器】寇恩霰机枪",
	"【副武器】拉托(破坏者 / Prime)",
	"【副武器】拉托双枪",
	"【副武器】(棱晶)激光点发",
	"【副武器】瓦斯托(Prime)",
	"【副武器】(MK1)盗贼",
	"【副武器】(Dex)盗贼双枪",
	"【副武器】(MK1)苦无",
	"【副武器】荒谬双枪",
	"【副武器】蝰蛇(亡魂)",
	"【副武器】螺钉手枪",
	"【副武器】野马(Prime)",
	"【副武器】锡斯特",
	"【副武器】阿克里德",
	"【副武器】(圣洁)雷爆信镖",
	"【副武器】预言者",
	"【副武器】鹰爪",
	"【副武器】麦格努斯",
	"【近战武器】佐伦双斧",
	"【近战武器】克洛诺斯",
	"【近战武器】凯瑞斯双刀",
	"【近战武器】加扎勒反曲刀",
	"【近战武器】双头蛇",
	"【近战武器】双子克鲁古尔",
	"【近战武器】双节尺棍",
	"【近战武器】哈利卡",
	"【近战武器】夺魂死神",
	"【近战武器】(MK1)弗拉克斯(亡魂)",
	"【近战武器】悲痛之刃",
	"【近战武器】憎恨",
	"【近战武器】提佩多(Prime)",
	"【近战武器】暗黑长剑",
	"【近战武器】格拉姆(Prime)",
	"【近战武器】海波单剑",
	"【近战武器】烈焰匕首",
	"【近战武器】烈焰双剑",
	"【近战武器】烈焰长剑",
	"【近战武器】狼牙(Prime)",
	"【近战武器】甲龙双拳(Prime)",
	"【近战武器】电能斩锯",
	"【近战武器】皇家拐刃(Prime)",
	"【近战武器】短柄战镰",
	"【近战武器】科加基(Prime)",
	"【近战武器】空刃双刀",
	"【近战武器】等离子长剑",
	"【近战武器】米尔",
	"【近战武器】红隼",
	"【近战武器】翁",
	"【近战武器】苍穹之剑",
	"【近战武器】苍穹匕首",
	"【近战武器】苍穹双剑",
	"【近战武器】苍穹死神",
	"【近战武器】蛇颚刀",
	"【近战武器】蜻蛉薙",
	"【近战武器】裸鳃刃",
	"【近战武器】西伯利亚冰锤",
	"【近战武器】铁钩手甲",
	"【近战武器】锋月双斧",
	"【近战武器】锐卡斯",
	"【近战武器】降灵追猎者(Prime)",
	"【近战武器】陶瓷匕首",
	"【近战武器】马谢特砍刀(亡魂)",
	"【近战武器】鲮鲤剑",
	"【近战武器】龙之侍刃",
	"【守护武器】扫除者(Prime)",
	"【守护武器】死亡机枪",
	"【守护武器】毒刺",
	"【守护武器】(棱晶)激光点发"],
"_四星mod":[
	"【主武器】伯斯顿(Prime)",
	"【主武器】卡拉克(亡魂)",
	"【主武器】大久和弓",
	"【主武器】夸塔克",
	"【主武器】奥堤克光子枪(破坏者)",
	"【主武器】(MK1)帕里斯(Prime)",
	"【主武器】德拉(破坏者)",
	"【主武器】托里德",
	"【主武器】拉特昂(亡魂 / Prime)",
	"【主武器】斯特拉迪瓦(Prime)",
	"【主武器】氩格纳克",
	"【主武器】沙皇",
	"【主武器】(保障)潘塔",
	"【主武器】燃焰标枪",
	"【主武器】狙击特昂(破坏者)",
	"【主武器】祸根",
	"【主武器】草原猎手",
	"【主武器】(棱晶)葛恩火枪",
	"【主武器】(棱晶)葛拉卡达",
	"【主武器】血肢",
	"【主武器】诸葛连弩(Prime)",
	"【主武器】铁晶磁轨炮",
	"【主武器】食人女魔",
	"【副武器】丧钟",
	"【副武器】双子寇恩霰机枪",
	"【副武器】(棱晶)双子小精灵",
	"【副武器】双子罗格",
	"【副武器】史度巴",
	"【副武器】(棱晶)安格斯壮",
	"【副武器】席尔火枪",
	"【副武器】方位角",
	"【副武器】杀星",
	"【副武器】毒囊双枪",
	"【副武器】毒芽",
	"【副武器】瓦斯托双枪(Prime)",
	"【副武器】绝望",
	"【副武器】觉醒双枪(Prime)",
	"【副武器】轻灵月神双枪",
	"【副武器】野马双枪(Prime)",
	"【副武器】(保障)锡斯特双枪",
	"【副武器】麦格努斯双枪",
	"【副武器】齐射玻刃",
	"【近战武器】Dex达克拉双剑",
	"【近战武器】克鲁古尔",
	"【近战武器】凯洛斯特",
	"【近战武器】分离(Prime)",
	"【近战武器】创伤",
	"【近战武器】双子巴萨克",
	"【近战武器】希芙",
	"【近战武器】怯薛",
	"【近战武器】恶脓双斧",
	"【近战武器】战刃(Prime)",
	"【近战武器】技巧之剑(Prime)",
	"【近战武器】收割者Prime",
	"【近战武器】救赎者(Prime)",
	"【近战武器】普罗沃(破坏者)",
	"【近战武器】暗黑分合剑",
	"【近战武器】海波斯库拉对剑(Prime)",
	"【近战武器】灵枢",
	"【近战武器】灼蚀变体镰",
	"【近战武器】(MK1)玻之武杖(Prime)",
	"【近战武器】破损珽杖",
	"【近战武器】(棱晶)空刃(Prime)",
	"【近战武器】脊椎节鞭",
	"【近战武器】蛇刃",
	"【近战武器】达克拉Prime",
	"【守护武器】分离(Prime)",
	"【守护武器】激光步枪(Prime)",
	"【守护武器】金工火枪",
	"【ARCHWING枪械】什长双枪",
	"【ARCHWING枪械】合成燃气炮",
	"【ARCHWING枪械】菲德菈"],
"_三星mod":[
	"【主武器】双簧管",
	"【主武器】噬蛇弩",
	"【主武器】天穹之顶",
	"【主武器】(MK1)布莱顿(破坏者 / Prime)",
	"【主武器】(Dex)席芭莉丝(Prime)",
	"【主武器】幻离子",
	"【主武器】征服榴炮",
	"【主武器】恐惧",
	"【主武器】晶能放射器",
	"【主武器】楞次弓",
	"【主武器】武使之力",
	"【主武器】狂鲨(Prime)",
	"【主武器】猛毒",
	"【主武器】碎裂者",
	"【主武器】科林斯",
	"【主武器】苍鹰",
	"【主武器】(终极)螺钉步枪(Prime)",
	"【主武器】(绯红)西诺斯(Prime)",
	"【主武器】迅发电浆炮",
	"【主武器】量子切割器(破坏者)",
	"【副武器】双子葛拉卡达",
	"【副武器】夸兹",
	"【副武器】布拉克",
	"【副武器】(绯红)布里斯提卡(Prime)",
	"【副武器】弧电探知者",
	"【副武器】循环离子枪",
	"【副武器】(苦痛)德特昂",
	"【副武器】手鼓",
	"【副武器】旋刃飞刀(Prime)",
	"【副武器】暗杀者(Prime)",
	"【副武器】氰毒",
	"【副武器】漫射者",
	"【副武器】脓痘",
	"【副武器】视使之触",
	"【副武器】豪猪",
	"【副武器】阿利乌双枪",
	"【副武器】雷克斯(Prime)",
	"【副武器】飞扬(Prime)",
	"【近战武器】三叶坚韧",
	"【近战武器】关刀",
	"【近战武器】军扇",
	"【近战武器】分裂斩斧(Prime)",
	"【近战武器】(棱晶)奥比克斯",
	"【近战武器】席瓦&神盾(Prime)",
	"【近战武器】库鲁多",
	"【近战武器】弧电振子锤",
	"【近战武器】影生",
	"【近战武器】心智之殁",
	"【近战武器】恶狼战锤",
	"【近战武器】(圣洁)执法者",
	"【近战武器】(棱晶)斩肉双刀",
	"【近战武器】欧玛",
	"【近战武器】毒囊骨茧",
	"【近战武器】牡狮神",
	"【近战武器】猎鹰轮",
	"【近战武器】电流刺索",
	"【近战武器】直镐",
	"【近战武器】眼镜蛇&鹤",
	"【近战武器】(终极)螺钉拐刃",
	"【近战武器】西格玛&南极座",
	"【近战武器】认知&冲击",
	"【近战武器】(枢议)赫利俄光锤",
	"【近战武器】重击巨锤(Prime)",
	"【近战武器】鹤鸵长戟",
	"【近战武器】龙辰",
	"【守护武器】多连穿甲枪",
	"【守护武器】泰瑟步枪",
	"【守护武器】金工火舌",
	"【守护武器】阿塔克斯",
	"【ARCHWING枪械】巨浪",
	"【ARCHWING枪械】极速电磁步枪",
	"【ARCHWING枪械】葛拉特勒",
	"【ARCHWING枪械】黑鸦"],
"_二星mod":[
	"【主武器】兰卡",
	"【主武器】守望者(Prime)",
	"【主武器】安培克斯",
	"【主武器】月神(Prime)",
	"【主武器】(勇气)海克",
	"【主武器】绝路(Prime)",
	"【主武器】苏普拉(破坏者)",
	"【主武器】(枢议)重力奇点拟成枪",
	"【主武器】雷霆",
	"【副武器】原子矿融炮",
	"【副武器】(枢议)咖玛腕甲枪",
	"【副武器】悦音Prime",
	"【副武器】(勇气)玛瑞火枪",
	"【副武器】(终极)螺钉双枪(Prime)",
	"【副武器】超音波冲击枪",
	"【副武器】雷克斯双枪(Prime)",
	"【副武器】食人鱼(Prime)",
	"【近战武器】双短柄战镰(Prime)",
	"【近战武器】喷射战锤",
	"【近战武器】喷射锁镰",
	"【近战武器】(勇气)恶龙",
	"【近战武器】破碎的战争之剑",
	"【ARCHWING枪械】凯旋将军(破坏者)",
	"【ARCHWING枪械】翠雀"],
"_一星mod":[
	"【主武器】伊格尼斯(亡魂)",
	"【主武器】弧电离子枪",
	"【主武器】(圣洁)猛虎(Prime)",
	"【副武器】史提托双枪(Prime)",
	"【副武器】静电能量导引枪",
	"【近战武器】侍刃(Prime)",
	"【近战武器】凯旋之爪(Prime)",
	"【近战武器】(保障)勒克塔",
	"【近战武器】天顶之星",
	"【近战武器】战争之剑",
	"【近战武器】(绯红)暗黑匕首",
	"【近战武器】欧特鲁斯(Prime)",
	"【近战武器】病变",
	"【近战武器】蚂蝗",
	"【近战武器】迦伦提恩(Prime)",
	"【近战武器】阿特拉克斯"],
"_裂罅属性类型":[
	"{%_二正}",
	"{%_三正}",
	"{%_二正一负}",
	"{%_三正一负}"],
"_二正":[
	"Visi{%_正面后缀梢}+基础伤害",
	"Sati{%_正面后缀梢}+多重射击",
	"Geli{%_正面后缀梢}+冰冻伤害",
	"Toxi{%_正面后缀梢}+毒素伤害",
	"Vexi{%_正面后缀梢}+电击伤害",
	"Igni{%_正面后缀梢}+火焰伤害",
	"Magna{%_正面后缀梢}+冲击伤害",
	"Sci{%_正面后缀梢}+切割伤害",
	"Insi{%_正面后缀梢}+穿刺伤害",
	"Manti{%_正面后缀梢}+对Corpus伤害",
	"Argi{%_正面后缀梢}+对Grineer伤害",
	"Pura{%_正面后缀梢}+对Infested伤害",
	"Crita{%_正面后缀梢}+暴击几率",
	"Acri{%_正面后缀梢}+暴击伤害",
	"Hexa{%_正面后缀梢}+触发几率",
	"Deci{%_正面后缀梢}+触发时间",
	"Croni{%_正面后缀梢}+射速",
	"Feva{%_正面后缀梢}+装填速度",
	"Lexi{%_正面后缀梢}+穿透",
	"Zeti{%_正面后缀梢}+后坐力",
	"Hera{%_正面后缀梢}+变焦",
	"Ampi{%_正面后缀梢}+弹药上限",
	"Arma{%_正面后缀梢}+弹匣容量",
	"Conci{%_正面后缀梢}+抛射物飞行速度",
	"Tori{%_正面后缀梢}+导引伤害",
	"Uti{%_正面后缀梢}+导引效率",
	"Tempi{%_正面后缀梢}+连击持续时间",
	"Pleci{%_正面后缀梢}+滑行暴击加成",
	"Exi{%_正面后缀梢}+处决伤害",
	"Locti{%_正面后缀梢}+范围"],
"_三正":[
	"Visi{%_正面后缀枝}+基础伤害",
	"Sati{%_正面后缀枝}+多重射击",
	"Geli{%_正面后缀枝}+冰冻伤害",
	"Toxi{%_正面后缀枝}+毒素伤害",
	"Vexi{%_正面后缀枝}+电击伤害",
	"Igni{%_正面后缀枝}+火焰伤害",
	"Magna{%_正面后缀枝}+冲击伤害",
	"Sci{%_正面后缀枝}+切割伤害",
	"Insi{%_正面后缀枝}+穿刺伤害",
	"Manti{%_正面后缀枝}+对Corpus伤害",
	"Argi{%_正面后缀枝}+对Grineer伤害",
	"Pura{%_正面后缀枝}+对Infested伤害",
	"Crita{%_正面后缀枝}+暴击几率",
	"Acri{%_正面后缀枝}+暴击伤害",
	"Hexa{%_正面后缀枝}+触发几率",
	"Deci{%_正面后缀枝}+触发时间",
	"Croni{%_正面后缀枝}+射速",
	"Feva{%_正面后缀枝}+装填速度",
	"Lexi{%_正面后缀枝}+穿透",
	"Zeti{%_正面后缀枝}+后坐力",
	"Hera{%_正面后缀枝}+变焦",
	"Ampi{%_正面后缀枝}+弹药上限",
	"Arma{%_正面后缀枝}+弹匣容量",
	"Conci{%_正面后缀枝}+抛射物飞行速度",
	"Tori{%_正面后缀枝}+导引伤害",
	"Uti{%_正面后缀枝}+导引效率",
	"Tempi{%_正面后缀枝}+连击持续时间",
	"Pleci{%_正面后缀枝}+滑行暴击加成",
	"Exi{%_正面后缀枝}+处决伤害",
	"Locti{%_正面后缀枝}+范围"],
"_二正一负":[
	"Visi{%_负面后缀枝2}+基础伤害",
	"Sati{%_负面后缀枝2}+多重射击",
	"Geli{%_负面后缀枝2}+冰冻伤害",
	"Toxi{%_负面后缀枝2}+毒素伤害",
	"Vexi{%_负面后缀枝2}+电击伤害",
	"Igni{%_负面后缀枝2}+火焰伤害",
	"Magna{%_负面后缀枝2}+冲击伤害",
	"Sci{%_负面后缀枝2}+切割伤害",
	"Insi{%_负面后缀枝2}+穿刺伤害",
	"Manti{%_负面后缀枝2}+对Corpus伤害",
	"Argi{%_负面后缀枝2}+对Grineer伤害",
	"Pura{%_负面后缀枝2}+对Infested伤害",
	"Crita{%_负面后缀枝2}+暴击几率",
	"Acri{%_负面后缀枝2}+暴击伤害",
	"Hexa{%_负面后缀枝2}+触发几率",
	"Deci{%_负面后缀枝2}+触发时间",
	"Croni{%_负面后缀枝2}+射速",
	"Feva{%_负面后缀枝2}+装填速度",
	"Lexi{%_负面后缀枝2}+穿透",
	"Zeti{%_负面后缀枝2}+后坐力",
	"Hera{%_负面后缀枝2}+变焦",
	"Ampi{%_负面后缀枝2}+弹药上限",
	"Arma{%_负面后缀枝2}+弹匣容量",
	"Conci{%_负面后缀枝2}+抛射物飞行速度",
	"Tori{%_负面后缀枝2}+导引伤害",
	"Uti{%_负面后缀枝2}+导引效率",
	"Tempi{%_负面后缀枝2}+连击持续时间",
	"Pleci{%_负面后缀枝2}+滑行暴击加成",
	"Exi{%_负面后缀枝2}+处决伤害",
	"Locti{%_负面后缀枝2}+范围"],
"_三正一负":[
	"Visi{%_负面后缀枝1}+基础伤害",
	"Sati{%_负面后缀枝1}+多重射击",
	"Geli{%_负面后缀枝1}+冰冻伤害",
	"Toxi{%_负面后缀枝1}+毒素伤害",
	"Vexi{%_负面后缀枝1}+电击伤害",
	"Igni{%_负面后缀枝1}+火焰伤害",
	"Magna{%_负面后缀枝1}+冲击伤害",
	"Sci{%_负面后缀枝1}+切割伤害",
	"Insi{%_负面后缀枝1}+穿刺伤害",
	"Manti{%_负面后缀枝1}+对Corpus伤害",
	"Argi{%_负面后缀枝1}+对Grineer伤害",
	"Pura{%_负面后缀枝1}+对Infested伤害",
	"Crita{%_负面后缀枝1}+暴击几率",
	"Acri{%_负面后缀枝1}+暴击伤害",
	"Hexa{%_负面后缀枝1}+触发几率",
	"Deci{%_负面后缀枝1}+触发时间",
	"Croni{%_负面后缀枝1}+射速",
	"Feva{%_负面后缀枝1}+装填速度",
	"Lexi{%_负面后缀枝1}+穿透",
	"Zeti{%_负面后缀枝1}+后坐力",
	"Hera{%_负面后缀枝1}+变焦",
	"Ampi{%_负面后缀枝1}+弹药上限",
	"Arma{%_负面后缀枝1}+弹匣容量",
	"Conci{%_负面后缀枝1}+抛射物飞行速度",
	"Tori{%_负面后缀枝1}+导引伤害",
	"Uti{%_负面后缀枝1}+导引效率",
	"Tempi{%_负面后缀枝1}+连击持续时间",
	"Pleci{%_负面后缀枝1}+滑行暴击加成",
	"Exi{%_负面后缀枝1}+处决伤害",
	"Locti{%_负面后缀枝1}+范围"],
"_正面后缀枝":[
	"Ata{%_正面后缀梢}+基础伤害\n",
	"Can{%_正面后缀梢}+多重射击\n",
	"Do{%_正面后缀梢}+冰冻伤害\n",
	"Tox{%_正面后缀梢}+毒素伤害\n",
	"Tio{%_正面后缀梢}+电击伤害\n",
	"Pha{%_正面后缀梢}+火焰伤害\n",
	"Ton{%_正面后缀梢}+冲击伤害\n",
	"Sus{%_正面后缀梢}+切割伤害\n",
	"Cak{%_正面后缀梢}+穿刺伤害\n",
	"Tron{%_正面后缀梢}+对Corpus伤害\n",
	"Con{%_正面后缀梢}+对Grineer伤害\n",
	"Ada{%_正面后缀梢}+对Infested伤害\n",
	"Cron{%_正面后缀梢}+暴击几率\n",
	"Tis{%_正面后缀梢}+暴击伤害\n",
	"Dex{%_正面后缀梢}+触发几率\n",
	"Des{%_正面后缀梢}+触发时间\n",
	"Dra{%_正面后缀梢}+射速\n",
	"Tak{%_正面后缀梢}+装填速度\n",
	"Nok{%_正面后缀梢}+穿透\n",
	"Mag{%_正面后缀梢}+后坐力\n",
	"Lis{%_正面后缀梢}+变焦\n",
	"Bin{%_正面后缀梢}+弹药上限\n",
	"Tin{%_正面后缀梢}+弹匣容量\n",
	"Nak{%_正面后缀梢}+抛射物飞行速度\n",
	"Bo{%_正面后缀梢}+导引伤害\n",
	"Tia{%_正面后缀梢}+导引效率\n",
	"Nem{%_正面后缀梢}+连击持续时间\n",
	"Nent{%_正面后缀梢}+滑行暴击加成\n",
	"Cta{%_正面后缀梢}+处决伤害\n",
	"Tor{%_正面后缀梢}+范围\n"],
"_正面后缀梢":[
	"Ata\n【属性】\n+基础伤害\n",
	"Can\n【属性】\n+多重射击\n",
	"Do\n【属性】\n+冰冻伤害\n",
	"Tox\n【属性】\n+毒素伤害\n",
	"Tio\n【属性】\n+电击伤害\n",
	"Pha\n【属性】\n+火焰伤害\n",
	"Ton\n【属性】\n+冲击伤害\n",
	"Sus\n【属性】\n+切割伤害\n",
	"Cak\n【属性】\n+穿刺伤害\n",
	"Tron\n【属性】\n+对Corpus伤害\n",
	"Con\n【属性】\n+对Grineer伤害\n",
	"Ada\n【属性】\n+对Infested伤害\n",
	"Cron\n【属性】\n+暴击几率\n",
	"Tis\n【属性】\n+暴击伤害\n",
	"Dex\n【属性】\n+触发几率\n",
	"Des\n【属性】\n+触发时间\n",
	"Dra\n【属性】\n+射速\n",
	"Tak\n【属性】\n+装填速度\n",
	"Nok\n【属性】\n+穿透\n",
	"Mag\n【属性】\n+后坐力\n",
	"Lis\n【属性】\n+变焦\n",
	"Bin\n【属性】\n+弹药上限\n",
	"Tin\n【属性】\n+弹匣容量\n",
	"Nak\n【属性】\n+抛射物飞行速度\n",
	"Bo\n【属性】\n+导引伤害\n",
	"Tia\n【属性】\n+导引效率\n",
	"Nem\n【属性】\n+连击持续时间\n",
	"Nent\n【属性】\n+滑行暴击加成\n",
	"Cta\n【属性】\n+处决伤害\n",
	"Tor\n【属性】\n+范围\n"],
"_负面后缀枝1":[
	"Ata{%_负面后缀枝2}+基础伤害\n",
	"Can{%_负面后缀枝2}+多重射击\n",
	"Do{%_负面后缀枝2}+冰冻伤害\n",
	"Tox{%_负面后缀枝2}+毒素伤害\n",
	"Tio{%_负面后缀枝2}+电击伤害\n",
	"Pha{%_负面后缀枝2}+火焰伤害\n",
	"Ton{%_负面后缀枝2}+冲击伤害\n",
	"Sus{%_负面后缀枝2}+切割伤害\n",
	"Cak{%_负面后缀枝2}+穿刺伤害\n",
	"Tron{%_负面后缀枝2}+对Corpus伤害\n",
	"Con{%_负面后缀枝2}+对Grineer伤害\n",
	"Ada{%_负面后缀枝2}+对Infested伤害\n",
	"Cron{%_负面后缀枝2}+暴击几率\n",
	"Tis{%_负面后缀枝2}+暴击伤害\n",
	"Dex{%_负面后缀枝2}+触发几率\n",
	"Des{%_负面后缀枝2}+触发时间\n",
	"Dra{%_负面后缀枝2}+射速\n",
	"Tak{%_负面后缀枝2}+装填速度\n",
	"Nok{%_负面后缀枝2}+穿透\n",
	"Mag{%_负面后缀枝2}+后坐力\n",
	"Lis{%_负面后缀枝2}+变焦\n",
	"Bin{%_负面后缀枝2}+弹药上限\n",
	"Tin{%_负面后缀枝2}+弹匣容量\n",
	"Nak{%_负面后缀枝2}+抛射物飞行速度\n",
	"Bo{%_负面后缀枝2}+导引伤害\n",
	"Tia{%_负面后缀枝2}+导引效率\n",
	"Nem{%_负面后缀枝2}+连击持续时间\n",
	"Nent{%_负面后缀枝2}+滑行暴击加成\n",
	"Cta{%_负面后缀枝2}+处决伤害\n",
	"Tor{%_负面后缀枝2}+范围\n"],
"_负面后缀枝2":[
	"Ata{%_负面后缀梢}+基础伤害\n",
	"Can{%_负面后缀梢}+多重射击\n",
	"Do{%_负面后缀梢}+冰冻伤害\n",
	"Tox{%_负面后缀梢}+毒素伤害\n",
	"Tio{%_负面后缀梢}+电击伤害\n",
	"Pha{%_负面后缀梢}+火焰伤害\n",
	"Ton{%_负面后缀梢}+冲击伤害\n",
	"Sus{%_负面后缀梢}+切割伤害\n",
	"Cak{%_负面后缀梢}+穿刺伤害\n",
	"Tron{%_负面后缀梢}+对Corpus伤害\n",
	"Con{%_负面后缀梢}+对Grineer伤害\n",
	"Ada{%_负面后缀梢}+对Infested伤害\n",
	"Cron{%_负面后缀梢}+暴击几率\n",
	"Tis{%_负面后缀梢}+暴击伤害\n",
	"Dex{%_负面后缀梢}+触发几率\n",
	"Des{%_负面后缀梢}+触发时间\n",
	"Dra{%_负面后缀梢}+射速\n",
	"Tak{%_负面后缀梢}+装填速度\n",
	"Nok{%_负面后缀梢}+穿透\n",
	"Mag{%_负面后缀梢}+后坐力\n",
	"Lis{%_负面后缀梢}+变焦\n",
	"Bin{%_负面后缀梢}+弹药上限\n",
	"Tin{%_负面后缀梢}+弹匣容量\n",
	"Nak{%_负面后缀梢}+抛射物飞行速度\n",
	"Bo{%_负面后缀梢}+导引伤害\n",
	"Tia{%_负面后缀梢}+导引效率\n",
	"Nem{%_负面后缀梢}+连击持续时间\n",
	"Nent{%_负面后缀梢}+滑行暴击加成\n",
	"Cta{%_负面后缀梢}+处决伤害\n",
	"Tor{%_负面后缀梢}+范围\n"],
"_负面后缀梢":[
	"Ata\n【属性】\n-基础伤害\n",
	"Can\n【属性】\n-多重射击\n",
	"Ton\n【属性】\n-冲击伤害\n",
	"Sus\n【属性】\n-切割伤害\n",
	"Cak\n【属性】\n-穿刺伤害\n",
	"Tron\n【属性】\n-对Corpus伤害\n",
	"Con\n【属性】\n-对Grineer伤害\n",
	"Ada\n【属性】\n-对Infested伤害\n",
	"Cron\n【属性】\n-暴击几率\n",
	"Tis\n【属性】\n-暴击伤害\n",
	"Dex\n【属性】\n-触发几率\n",
	"Des\n【属性】\n-触发时间\n",
	"Dra\n【属性】\n-射速\n",
	"Tak\n【属性】\n-装填速度\n",
	"Mag\n【属性】\n-后坐力\n",
	"Lis\n【属性】\n-变焦\n",
	"Bin\n【属性】\n-弹药上限\n",
	"Tin\n【属性】\n-弹匣容量\n",
	"Nak\n【属性】\n-抛射物飞行速度\n",
	"Nem\n【属性】\n-连击持续时间\n",
	"Nent\n【属性】\n-滑行暴击加成\n",
	"Cta\n【属性】\n-处决伤害\n",
	"Tor\n【属性】\n-范围\n"],
"_极化槽":[
	"V  Madurai",
	"D  Vazarin",
	"-  Naramon",
	"=  Zenurik"],
"裂罅挑战":[
	"<击杀[1d31+49]个敌人>{%_附加要求一}",
	"<通过爆头击杀[1d6+14]个敌人>{%_附加要求二}",
	"<在一次滑行中击杀[1d11+9]个敌人>{%_附加要求三}",
	"<对[1d11+1]个Sentient敌人造成最后一击>{%_附加要求四}",
	"<找到[1d3+1]个资源储藏舱>{%_附加要求五}",
	"<对中枢Simaris的目标进行结合仪式，不依靠陷阱或战甲能力，且装备着蹒跚龙钥>{%_附加要求六}",
	"<在一次壁面蹬冲或壁面攀附中且不接触地面的情况下击杀[1d11+9]个敌人>{%_附加要求七}",
	"<找到[1d13+11]个集团勋章>{%_附加要求八}",
	"<维持3x的近战连击倍率30秒>{%_附加要求九}",
	"<在不杀死任何敌人的情况下完成一个30级或以上的生存任务>{%_附加要求十}",
	"<在不被发现的情况下完成一个30级或以上的歼灭任务>{%_附加要求十一}",
	"<在不让防御目标受到伤害的情况下完成一个30级或以上的防御任务>{%_附加要求十二}",
	"<在单人模式下装备一把蹒跚龙钥完成一个30级或以上的拦截任务>{%_附加要求十三}",
	"<使用处决攻击击杀[1d46+14]名敌人>{%_附加要求十四}",
	"<击杀[1d5+1]名未落地的轻型艇飞行员>{%_附加要求十五}",
	"<在30秒内捕捉一条鱼、采集一块宝石或者矿物、并且击杀一名敌人>{%_附加要求十六}",
	"<爆头击杀[1d4+4]名未警觉的巨牙弩炮>",
	"<装备Archwing时，摧毁[1d2+2]个维鲁士火箭炮台>{%_附加要求十八}",
	"<击杀[1d7+11]名运输机上的敌人>",
	"<在夜灵平野 ，装备Archwing时，在地面连续爆头[1d19+8]次>{%_附加要求二十}",
	"<捕捉[1d10+3]条鱼并且没有任何一次空钩>",
	"<使用弓箭摧毁[1d8+8]艘轻型艇>{%_附加要求二十二}",
	"<在100米以外爆头击杀[1d4+7]名敌人>{%_附加要求二十三}"],
"_附加要求一":[
	"\n附加要求：携带蹒跚龙钥",
	"\n附加要求：携带腐朽龙钥",
	"\n附加要求：携带残血龙钥",
	"\n附加要求：携带熄灭龙钥",
	"\n附加要求：不使用消耗品",
	"\n附加要求：不受到伤害",
	"\n附加要求：不触发警报",
	"\n附加要求：不被敌人发觉",
	"\n附加要求：不受到异常状态",
	"\n附加要求：必须在一天内完成击杀",
	"",
	"",
	"",
	"",
	"",
	"",
	"",
	"",
	"",
	""],
"_附加要求二":[
	"\n附加要求：在一次飞身瞄准中",
	"\n附加要求：避免受到干扰",
	"\n附加要求：在一次滑行中",
	"\n附加要求：携带蹒跚龙钥",
	"\n附加要求：携带腐朽龙钥",
	"\n附加要求：携带残血龙钥",
	"\n附加要求：携带熄灭龙钥",
	"\n附加要求：不被敌人发觉",
	"",
	"",
	"",
	"",
	"",
	"",
	"",
	""],
"_附加要求三":[
	"\n附加要求：不被敌人发觉",
	"\n附加要求：不受到伤害",
	"\n附加要求：隐身状态下",
	"\n附加要求：不让任务失败",
	"\n附加要求：不触发警报",
	"",
	"",
	"",
	"",
	""],
"_附加要求四":[
	"\n附加要求：携带蹒跚龙钥",
	"\n附加要求：携带腐朽龙钥",
	"\n附加要求：携带残血龙钥",
	"\n附加要求：携带熄灭龙钥",
	"\n附加要求：隐身状态下杀死Sentient",
	"\n附加要求：在一次滑行中",
	"\n附加要求：在单人模式下",
	"\n附加要求：没有死亡或倒地(濒死)",
	"\n附加要求：没有队友陷入濒死",
	"\n附加要求：在一天内完成",
	"\n附加要求：不受到伤害",
	"",
	"",
	"",
	"",
	"",
	"",
	"",
	"",
	"",
	"",
	""],
"_附加要求五":[
	"\n附加要求：带着一只宠物",
	"\n附加要求：单人模式",
	"\n附加要求：没有死亡或陷入濒死",
	"\n附加要求：没有受到伤害",
	"",
	"",
	"",
	""],
"_附加要求六":[
	"\n附加要求：不受到伤害",
	"\n附加要求：单人模式",
	"",
	""],
"_附加要求七":[
	"\n附加要求：在隐身状态下完成击杀",
	"\n附加要求：不触发警报",
	"",
	""],
"_附加要求八":[
	"\n附加要求：携带一只宠物",
	"\n附加要求：没有队友陷入濒死",
	"\n附加要求：不触发警报",
	"\n附加要求：不能使用破解器",
	"",
	"",
	"",
	""],
"_附加要求九":[
	"\n附加要求：携带一个守护",
	"\n附加要求：携带一个库狛",
	"\n附加要求：携带一个库娃",
	"\n附加要求：装备着蹒跚龙钥",
	"",
	"",
	"",
	""],
"_附加要求十":[
	"\n附加要求：携带蹒跚龙钥",
	"\n附加要求：携带腐朽龙钥",
	"\n附加要求：携带残血龙钥",
	"\n附加要求：携带熄灭龙钥",
	"",
	"",
	"",
	""],
"_附加要求十一":[
	"\n附加要求：不受到伤害",
	"\n附加要求：在单人模式下",
	"\n附加要求：携带蹒跚龙钥",
	"\n附加要求：携带腐朽龙钥",
	"\n附加要求：携带残血龙钥",
	"\n附加要求：携带熄灭龙钥",
	"",
	"",
	"",
	"",
	"",
	""],
"_附加要求十二":[
	"\n附加要求：在单人模式下",
	"\n附加要求：不使用任何补给消耗品",
	"\n附加要求：携带蹒跚龙钥",
	"\n附加要求：携带腐朽龙钥",
	"\n附加要求：携带残血龙钥",
	"\n附加要求：携带熄灭龙钥",
	"",
	"",
	"",
	"",
	"",
	""],
"_附加要求十三":[
	"\n附加要求：没有死亡或陷入濒死",
	""],
"_附加要求十四":[
	"\n附加要求：没有受到异常状态",
	"\n附加要求：没有受到伤害",
	"\n附加要求：在一天内用处决攻击杀死相当数量的敌人([1d71+29]个)",
	"",
	"",
	""],
"_附加要求十五":[
	"\n附加要求：滑行时",
	"\n附加要求：单人模式",
	"",
	""],
"_附加要求十六":[
	"\n附加要求：不被敌人发觉",
	""],
"_附加要求十八":[
	"\n附加要求：单人模式",
	"\n附加要求：没有死亡或者倒地",
	"\n附加要求：没有受到异常状态影响",
	"",
	"",
	""],
"_附加要求二十":[
	"\n附加要求：没有被磁力伤害干扰到",
	""],
"_附加要求二十二":[
	"\n附加要求：滑行时",
	"\n附加要求：处于未被发现状态时",
	"",
	""],
"_附加要求二十三":[
	"\n附加要求：在一天内",
	""],
"裂罅":[
	"{%_武器倾向}\n{%_裂罅属性类型}\n【_极化槽】\n{%_极化槽}\n【大小】\n18\n【挑战】\n{%裂罅挑战}",
	"{%_武器倾向}\n{%_裂罅属性类型}\n【_极化槽】\n{%_极化槽}\n【大小】\n18\n【挑战】\n{%裂罅挑战}",
	"{%_武器倾向}\n{%_裂罅属性类型}\n【_极化槽】\n{%_极化槽}\n【大小】\n18\n【挑战】\n{%裂罅挑战}",
	"{%_武器倾向}\n{%_裂罅属性类型}\n【_极化槽】\n{%_极化槽}\n【大小】\n18\n【挑战】\n{%裂罅挑战}",
	"{%_武器倾向}\n{%_裂罅属性类型}\n【_极化槽】\n{%_极化槽}\n【大小】\n18\n【挑战】\n{%裂罅挑战}",
	"{%_武器倾向}\n{%_裂罅属性类型}\n【_极化槽】\n{%_极化槽}\n【大小】\n18\n【挑战】\n{%裂罅挑战}",
	"{%_武器倾向}\n{%_裂罅属性类型}\n【_极化槽】\n{%_极化槽}\n【大小】\n18\n【挑战】\n{%裂罅挑战}",
	"{%_武器倾向}\n{%_裂罅属性类型}\n【_极化槽】\n{%_极化槽}\n【大小】\n18\n【挑战】\n{%裂罅挑战}",
	"{%_武器倾向}\n{%_裂罅属性类型}\n【_极化槽】\n{%_极化槽}\n【大小】\n18\n【挑战】\n{%裂罅挑战}",
	"{%_武器倾向}\n{%_裂罅属性类型}\n【_极化槽】\n{%_极化槽}\n【大小】\n18\n【挑战】\n{%裂罅挑战}"]
}