﻿{
"老婆生成器说明":["作者：幽月琉璃\n版本：V1.0.0\n共享协议：署名-非商业性使用-相同方式共享CC BY-NC-SA"],
"_lp性别":["男","::88::女","::6::伪娘","::4::伪郎","无性别"],
"_CUP":["::40::A","::65::B","::60::C","::40::D","E"],
"_lp身高":["::4::[110+10D8]","::6::[150+1D40]","::5::[160+1D20]","::5::[140+1D40]"],
"_lp体重":["[40+1d20]","[30+4d10]"],
"_lp肤色":["::30::黄色","::30::白色","::20::黑色","::5::小麦色","::5::苍白色","::5::暗黄色","::3::黑褐色","::3::灰白色","::3::红白色","::3::淡粉色","淡紫色","绿色","灰色","浅蓝色","柠檬黄","猩红色","::2::棕褐色","卡其色","橙色","深灰色"],
"_lp发色":["::10::黑色","::5::银色","::8::金色","::2::蓝色","紫色","::2::粉色","绿色","黄色","橙色","::2::浅蓝","品红","灰色","可可色","淡灰色","黄绿色","::2::红色","白色","青色","::5::棕色","{%_lp肤色}","天依蓝","初音绿","镜音橙","巡音粉"],
"_lp发型":["::5::蘑菇头","::10::长直发","::10::中长发","::8::短发","::3::中性碎发","爆炸头","::8::卷发","::5::大波浪","::5::小波浪","::6::呆毛短发","::6::呆毛长发","::9::双马尾","螺旋双马尾","::3::短发烫发","::3::长发烫发","飞机头","::5::丸子头","::5::锅盖头","波波头","花苞头","沙宣","::9::单马尾","麻花辫","凤髻","神仙髻","迎春髻","飞仙髻","水母头"],
"_lp眼睛颜色":["::20::{%_lp发色}","琥珀色","::20::黑色","::20::棕褐色","::20::淡蓝色","::20::绿色","::6::粉色","::10::浅褐色","::10::灰色","::6::紫色","::5::蓝色","宝石蓝","红色","::4::碧色","青色","::2::金色","橙色","品红色","可可色"],
"_lp瞳孔":["::18::{%_lp眼睛颜色}","左眼是{%_lp眼睛颜色}，右眼是{%_lp眼睛颜色}"],
"_lp性格":["::10::{%_性格标签}、{%_性格标签}、{%_性格标签}","::15::{%_性格标签}、{%_性格标签}","::20::{%_性格标签}"],
"_性格标签":["天然呆","外向","内向","怕生","乐观","悲观","活泼","开放","控制欲强","黏人","文静","温柔","好色","胆子小","缺乏自信","傲娇","孤僻","呆板","柔弱","敏感","直男","直女","率真","可爱","富有少女心","冷淡","多疑","多愁善感","容易冲动","专一","多情","拘谨","小心谨慎","细心","爱学习","不良少女","自信","大方","沉郁","禁欲系","勇敢","自傲","虚伪","坚定","三无","天然无","女王","软妹","元气","冒失","电波","病娇","黑化","腹黑","毒舌","食草","中二病","痴女","圣母","吃货","没有存在感","弱气","丧女","食肉"],
"_lp标签":["::4::青梅竹马","::3::妹妹","::3::姐姐","老师","::4::天降","同学","学生会长","风纪委员","邻家大姐姐","邻家小妹妹","合租女友","童养媳","情人","学姐","战术人形","魔法少女"],
    "老婆生成器":["lsp又双叒叕YY出了一个新的老婆：\n【性别】：{%_lp性别}\n【身高】：{%_lp身高}\n【体重】：{%_lp体重}\n【CUP】：{%_CUP}\n【肤色】：{%_lp肤色}\n【头发】：{%_lp发色}{%_lp发型}\n【瞳色】：{%_lp瞳孔}\n【性格】：{%_lp性格}\n【标签】：{%_lp标签}"
   ]
}