﻿{
"二周年":["{%单次二周年}{%单次二周年}{%单次二周年}{%单次二周年}{%单次二周年}{%单次二周年}{%单次二周年}{%单次二周年}{%单次二周年}{%单次二周年}"],
"单次二周年":["{%三星}","{%三星}","{%三星}","{%三星}","{%三星}","{%三星}","{%三星}",
                      "{%三星}","{%三星}","{%三星}","{%三星}","{%三星}","{%三星}","{%三星}",
                      "{%三星}","{%三星}","{%三星}","{%三星}","{%三星}","{%三星}","{%三星}",
                      "{%三星}","{%三星}","{%三星}","{%三星}","{%三星}","{%三星}","{%三星}",
                      "{%三星}","{%三星}","{%三星}","{%三星}","{%三星}","{%三星}","{%三星}",
                      "{%三星}","{%三星}","{%三星}","{%三星}","{%三星}",
                      "{%四星}","{%四星}","{%四星}","{%四星}","{%四星}","{%四星}","{%四星}",
                      "{%四星}","{%四星}","{%四星}","{%四星}","{%四星}","{%四星}","{%四星}",
                      "{%四星}","{%四星}","{%四星}","{%四星}","{%四星}","{%四星}","{%四星}",
                      "{%四星}","{%四星}","{%四星}","{%四星}","{%四星}","{%四星}","{%四星}",
                      "{%四星}","{%四星}","{%四星}","{%四星}","{%四星}","{%四星}","{%四星}",
                      "{%四星}","{%四星}","{%四星}","{%四星}","{%四星}","{%四星}","{%四星}",
                      "{%四星}","{%四星}","{%四星}","{%四星}","{%四星}","{%四星}","{%四星}",
                      "{%四星}",
                      "{%五星}","{%五星}","{%五星}","{%五星}","{%五星}","{%五星}","{%五星}","{%五星}",
                      "{%六星}","{%六星}"],
"六星":[
                      "{%二周年限定}","{%二周年限定}","{%二周年限定}","{%二周年限定}","{%二周年限定}",
                      "{%二周年限定}","{%二周年限定}","{%其他六星}","{%其他六星}","{%其他六星}"],
"二周年限定":["6★ 凯尔希\n","6★ 浊心斯卡蒂\n"],
"其他六星":["6★ 能天使\n","6★ 推进之王\n","6★ 伊芙利特\n","6★ 艾雅法拉\n","6★ 安洁莉娜\n","6★ 闪灵\n",
                  "6★ 夜莺\n","6★ 星熊\n","6★ 塞雷娅\n","6★ 银灰\n","6★ 斯卡蒂\n","6★ 陈\n","6★ 黑\n",
                  "6★ 赫拉格\n","6★ 麦哲伦\n","6★ 莫斯提马\n","6★ 煌\n","6★ 阿\n","6★ 刻俄柏\n","6★ 风笛\n",
                  "6★ 傀影\n","6★ 温蒂\n","6★ 早露\n","6★ 铃兰\n","6★ 棘刺\n","6★ 森蚺\n","6★ 史尔特尔\n",
                  "6★ 瑕光\n","6★ 泥岩\n","6★ 山\n","6★ 空弦\n","6★ 嵯峨\n","6★ 异客\n"],
"五星":["5★ 赤冬\n","{%其他五星}","{%其他五星}","{%其他五星}","{%其他五星}"],
"其他五星":[
                  "5★ 白面鸮\n","5★ 凛冬\n","5★ 德克萨斯\n","5★ 芙兰卡\n","5★ 拉普兰德\n","5★ 幽灵鲨\n",
                  "5★ 蓝毒\n","5★ 白金\n","5★ 陨星\n","5★ 天火\n","5★ 梅尔\n","5★ 赫默\n","5★ 华法琳\n",
                  "5★ 临光\n","5★ 红\n","5★ 雷蛇\n","5★ 可颂\n","5★ 普罗旺斯\n","5★ 守林人\n","5★ 崖心\n",
                  "5★ 初雪\n","5★ 真理\n","5★ 空\n","5★ 狮蝎\n","5★ 食铁兽\n","5★ 夜魔\n","5★ 诗怀雅\n",
                  "5★ 格劳克斯\n","5★ 星极\n","5★ 送葬人\n","5★ 槐虎\n","5★ 苇草\n","5★ 布洛卡\n","5★ 灰喉\n",
                  "5★ 吽\n","5★ 惊蛰\n","5★ 慑砂\n","5★ 巫恋\n","5★ 极境\n","5★ 石棉\n","5★ 月禾\n","5★ 莱恩哈特\n",
                  "5★ 断崖\n","5★ 蜜蜡\n","5★ 贾维\n","5★ 安哲拉\n","5★ 燧石\n","5★ 四月\n","5★ 奥斯塔\n",
                  "5★ 絮雨\n","5★ 卡夫卡\n","5★ 爱丽丝\n","5★ 乌有\n","5★ 熔泉\n"],
"四星":[
                  "4★ 夜烟\n","4★ 远山\n","4★ 杰西卡\n","4★ 流星\n","4★ 白雪\n","4★ 清道夫\n","4★ 红豆\n","4★ 杜宾\n",
                  "4★ 缠丸\n","4★ 霜叶\n","4★ 慕斯\n","4★ 砾\n","4★ 暗索\n","4★ 末药\n","4★ 调香师\n","4★ 角峰\n",
                  "4★ 蛇屠箱\n","4★ 古米\n","4★ 深海色\n","4★ 地灵\n","4★ 阿消\n","4★ 猎蜂\n","4★ 格雷伊\n","4★ 苏苏洛\n",
                  "4★ 桃金娘\n","4★ 红云\n","4★ 梅\n","4★ 安比尔\n","4★ 宴\n","4★ 刻刀\n","4★ 波登可\n","4★ 卡达\n","4★ 孑\n",
                  "4★ 酸糖\n","4★ 芳汀\n","4★ 泡泡\n","4★ 杰克\n","4★ 松果\n","4★ 豆苗\n"],
"三星":[
                  "3★ 芬\n","3★ 香草\n","3★ 翎羽\n","3★ 玫兰莎\n","3★ 卡缇\n","3★ 米格鲁\n","3★ 克洛丝\n","3★ 炎熔\n",
                  "3★ 芙蓉\n","3★ 安赛尔\n","3★ 史都华德\n","3★ 梓兰\n","3★ 空爆\n","3★ 月见夜\n","3★ 斑点\n","3★ 泡普卡\n"]
}