{
"猫的喜好":[
    "喜欢睡觉",
    "喜欢吃",
    "喜欢趴在主人头顶",
    "喜欢玩闹",
    "喜欢挠主人的头",
    "喜欢给主人添麻烦",
    "喜欢摇尾巴",
    "喜欢追逐尾巴",
    "喜欢没事找事",
    "喜欢在你怀里睡觉",
    "喜欢在纸箱里玩闹",
    "喜欢咬主人的裤腿",
    "喜欢爬树掏鸟窝",
    "喜欢在草地上晒太阳",
    "喜欢躲在沙发背后看你找它",
    "喜欢在沙发上打滚",
    "喜欢趴在门口看着来来往往的人",
    "喜欢在床上打滚",
    "喜欢躲进你的衣柜里",
    "喜欢和你藏猫猫",
    "喜欢和你对着干",
    "喜欢在主人腿上睡觉",
    "喜欢玩毛线球",
    "喜欢在院子里追逐蝴蝶",
    "喜欢藏进书堆里玩耍",
    "喜欢在纸箱子里面睡觉",
    "喜欢趴在桌子上面玩闹",
    "喜欢看你着急的样子",
    "喜欢在你床上打滚",
    "喜欢把你的衣服藏起来",
    "喜欢在你的衣服上磨爪子"
],
"猫的毛色":[
    "稀有的金色",
    "白色",
    "灰色",
    "灰白色",
    "银色",
    "黑白相间",
    "黑色",
    "红色",
    "浅蓝色",
    "浅灰色",
    "橙色",
    "褐色",
    "橙黄色",
    "蓝色",
    "灰蓝色",
    "淡紫色",
    "栗色",
    "蓝白条纹",
    "淡黄褐色",
    "黄白相间",
    "银灰色",
    "浅褐色",
    "深褐色",
    "银白色",
    "浅黄色",
    "灰黑色"
],
"猫的性格":[
    "高冷",
    "活泼",
    "神秘无法猜测",
    "胆小",
    "霸气",
    "慎重",
    "温和",
    "温顺",
    "过分胆小",
    "喜欢撒娇",
    "非常粘人",
    "调皮"
],
"猫喜欢的食物":[
    "小鱼干",
    "生鱼片",
    "烤鱼",
    "肉干",
    "精制猫粮",
    "面条（大概）",
    "面包",
    "米饭",
    "火腿肠",
    "鸡肉",
    "玉米粒",
    "毛豆",
    "鸭肉",
    "兔肉"
],
"猫的瞳色":[
    "蓝色",
    "黑色",
    "琥珀色",
    "深红色",
    "浅蓝色",
    "墨绿色",
    "浅红色",
    "天蓝色",
    "灰色",
    "浅灰色",
    "淡蓝色",
    "深蓝色",
    "墨色",
    "血红色",
    "浅绿色"
], 
"猫的瞳色2":[
    "灰绿色",
    "鹅黄色",
    "宝石蓝",
    "白色",
    "紫钢色",
    "绿色",
    "灰蓝色",
    "灰黑色",
    "紫铜色",
    "深绿色"
],
"猫":[
    "\n喵看看喵~你抽到的是这只猫喵~\n（抱出一个装有小猫的箱子）\n是一只{%猫的喜好}\n有着{%猫的毛色}毛色的小猫\n它的性格是{%猫的性格}的\n它最喜欢吃的食物是{%猫喜欢的食物}，记住了喵~不要喂错了喵。\n要好好对待它喵~",
    "\n喵看看喵~你抽到的是这只猫喵~\n（抱出一个装有小猫的箱子）\n是一只{%猫的喜好}\n有着{%猫的毛色}毛色的小猫\n它的性格是{%猫的性格}的\n这只小猫比较普通请不要抛弃它喵~",
    "\n喵看看喵~你抽到的是这只猫喵~\n（抱出一个装有小猫的箱子）\n是一只{%猫的喜好}\n有着{%猫的毛色}毛色的小猫\n这是一只普通的小猫，请不要抛弃它喵~",
    "\n喵看看喵~你抽到的是这只猫喵~\n（抱出一个装有小猫的箱子）\n是一只{%猫的喜好}\n有着{%猫的毛色}毛色的小猫\n它有着一双{%猫的瞳色}的眼睛，是不是很好看喵~\n它的性格是{%猫的性格}的\n它最喜欢吃的食物是{%猫喜欢的食物}，记住了喵~不要喂错了喵。\n要好好对待它喵~",
    "\n喵看看喵~你抽到的是这只猫喵~\n（抱出一个装有小猫的箱子）\n这就是一只普通小猫，要好好对待它喵~",
    "\n喵看看喵~你抽到的是这只猫喵~\n（抱出一个装有小猫的箱子）\n是一只{%猫的喜好}\n有着{%猫的毛色}毛色的小猫\n它有着一只眼睛是{%猫的瞳色}另一只眼睛是{%猫的瞳色2}，是不是很好看喵~\n它的性格是{%猫的性格}的\n它最喜欢吃的食物是{%猫喜欢的食物}，记住了喵~不要喂错了喵。\n要好好对待它喵~"
]
}