{
    "_数量":[
        "::40::一", "::20::两","::5::0.7","::5::-1","::5::32767","::5::2^32","::10::[d100]","::2::[100d1000]","::3::NaN","::2::∞","::2::██","【数据删除】"
    ],
    "_饮品":[
        "::28::啤酒","::5::了不起的梦幻忧郁珊瑚气泡茶","::10::葡萄酒","::10::香槟","::10::伏特加","::2::洗脚水","asdfQwer@24dg!&*(b","::3::蜥蜴","::5::猫猫","::5::Null","::2::烫烫烫的锟斤拷","啤酒咖啡洗脚水野猫狼牙棒奶茶","昏睡红茶","::2::电脑配件","::2::水银","SCP-207-1","::2::火锅底料","溲","::2::黄金蜂蜜酒","毒汤","史莱姆原浆","::2::板蓝根","浓硫酸","::3::白开水"
    ],
    "_小吃":[
        "炒饭","烤羊肉串","烤肠","烤克苏鲁触手","狗粮","APP90的美少女","炸虾天妇罗","沙朗牛排","4G套餐","高等数学","自热火锅","两面包夹芝士"
    ],
    "_前置行为":[
    "在酒吧门口把老板打了一顿后走进","化装成老板走进","女装走进","从后门走进","从下水道钻进","穿墙进入","身无分文地走进","对着路人说“喂！三點幾了喂，做做做做撚啊做，飲茶先啦。”随后走进"
    ],
    "_中间行为":[
    "把老板打了一顿","当着服务员的面化装成老板","高呼“异世相遇，尽享美味！”","从后门走进酒吧","从下水道钻进酒吧","从后门离开酒吧","穿墙而过"
    ],
     "_后置行为":[
    "把酒吧拆了","不付钱就想走","把老板打了一顿","DROP TABLE 酒吧","从后门离开酒吧","从下水道钻出酒吧","穿墙离开酒吧","摇摇晃晃地离开酒吧","买了到北京和南京的机票"
    ],
    "测试酒吧":[
    "::40::\n你走进了一家酒吧，要了{%_数量}杯{%_饮品}",
    "::20::\n你走进了一家酒吧，要了{%_数量}份{%_小吃}",
    "::10::\n你{%_前置行为}了一家酒吧，要了{%_数量}杯{%_饮品}",
    "::10::\n你走进了一家酒吧并{%_中间行为}，随后要了{%_数量}杯{%_饮品}",
    "::5::\n你走进了一家酒吧，要了{%_数量}杯{%_饮品}，随后{%_后置行为}",
    "\n你走进了一家酒吧，什么也没要",
    "::5::\n{%_数量}个你从酒吧门口呼啸而过",
    "::5::\n你走进了一家酒吧，要了{%_数量}份{%_小吃}，酒吧炸了",
    "::9::\n你走进了一家酒吧，什么也没要，随后{%_后置行为}"
    ]
}