{
	"_pcr-sr":[
		"【3★-杏奈】(女神的秘石*50)","【3★-真步】(女神的秘石*50)","【3★-璃乃】(女神的秘石*50)","【3★-初音】(女神的秘石*50)","【3★-伊绪】(女神的秘石*50)","【3★-咲恋】(女神的秘石*50)","【3★-望】(女神的秘石*50)","【3★-妮侬】(女神的秘石*50)","【3★-秋乃】(女神的秘石*50)","【3★-真琴】(女神的秘石*50)","【3★-静流】(女神的秘石*50)","【3★-莫妮卡】(女神的秘石*50)","【3★-姬塔】(女神的秘石*50)","【3★-纯】(女神的秘石*50)","【3★-亚里莎】(女神的秘石*50)","【3★-镜华】(女神的秘石*50)","【3★-伊莉亚】(女神的秘石*50)"],
	"_pcr-r":[
		"<2★-茜里>(女神的秘石*10)","<2★-宫子>(女神的秘石*10)","<2★-雪>(女神的秘石*10)","<2★-铃奈>(女神的秘石*10)","<2★-香织>(女神的秘石*10)","<2★-美美>(女神的秘石*10)","<2★-惠里子>(女神的秘石*10)","<2★-忍>(女神的秘石*10)","<2★-真阳>(女神的秘石*10)","<2★-栞>(女神的秘石*10)","<2★-千歌>(女神的秘石*10)","<2★-空花>(女神的秘石*10)","<2★-珠希>(女神的秘石*10)","<2★-美冬>(女神的秘石*10)","<2★-深月>(女神的秘石*10)","<2★-铃>(女神的秘石*10)","<2★-绫音>(女神的秘石*10)","<2★-美里>(女神的秘石*10)","<2★-纺希>(女神的秘石*10)"],
	"_pcr-n":[
		"1★-日和莉(女神的秘石*1)","1★-怜(女神的秘石*1)","1★-未奏希(女神的秘石*1)","1★-胡桃(女神的秘石*1)","1★-依里(女神的秘石*1)","1★-铃梅(女神的秘石*1)","1★-由加莉(女神的秘石*1)","1★-碧(女神的秘石*1)","1★-美咲(女神的秘石*1)","1★-莉玛(女神的秘石*1)"],
	"_pcr-upjing":["3★-望"],
	"_pcr-jingsr":["杏奈","真步","璃乃","初音","伊绪","咲恋","望","妮侬","秋乃","真琴","静流","莫妮卡","姬塔","纯","亚里莎","镜华"],
	"_pcr-upsr":["【{%_pcr-upjing}】(女神的秘石*50)"],
	"_pcr-upr":["<2★-千歌>(女神的秘石*10)","<2★-纺希>(女神的秘石*10)"],
	"_pcr-upn":["{%_pcr-n}"],
	"_pcr-timesr":[
		"{%_pcr-sr}","{%_pcr-sr}","{%_pcr-sr}","{%_pcr-sr}","{%_pcr-sr}","{%_pcr-sr}","{%_pcr-sr}","{%_pcr-sr}","{%_pcr-sr}","{%_pcr-sr}",
		"{%_pcr-sr}","{%_pcr-sr}","{%_pcr-sr}","{%_pcr-sr}","{%_pcr-sr}","{%_pcr-sr}",
		"{%_pcr-upsr}","{%_pcr-upsr}","{%_pcr-upsr}","{%_pcr-upsr}","{%_pcr-upsr}"],
	"_pcr-timer":[
		"{%_pcr-r}","{%_pcr-r}","{%_pcr-r}","{%_pcr-r}","{%_pcr-r}","{%_pcr-r}","{%_pcr-r}","{%_pcr-r}","{%_pcr-r}","{%_pcr-r}",
		"{%_pcr-r}","{%_pcr-r}","{%_pcr-r}","{%_pcr-r}","{%_pcr-r}","{%_pcr-r}",
		"{%_pcr-upr}","{%_pcr-upr}","{%_pcr-upr}","{%_pcr-upr}","{%_pcr-upr}"],
	"_pcr-timen":[
		"{%_pcr-n}","{%_pcr-n}","{%_pcr-n}","{%_pcr-n}","{%_pcr-n}","{%_pcr-n}","{%_pcr-n}","{%_pcr-n}","{%_pcr-n}","{%_pcr-n}",
		"{%_pcr-n}","{%_pcr-n}","{%_pcr-n}","{%_pcr-n}","{%_pcr-n}","{%_pcr-n}",
		"{%_pcr-upn}","{%_pcr-upn}","{%_pcr-upn}","{%_pcr-upn}","{%_pcr-upn}"],
	"_pcr-timefloor":[
		"{%_pcr-sr}","{%_pcr-sr}","{%_pcr-sr}","{%_pcr-sr}","{%_pcr-sr}",
		"{%_pcr-r}","{%_pcr-r}","{%_pcr-r}","{%_pcr-r}","{%_pcr-r}","{%_pcr-r}","{%_pcr-r}","{%_pcr-r}","{%_pcr-r}","{%_pcr-r}",
		"{%_pcr-r}","{%_pcr-r}","{%_pcr-r}","{%_pcr-r}","{%_pcr-r}","{%_pcr-r}","{%_pcr-r}","{%_pcr-r}","{%_pcr-r}","{%_pcr-r}",
		"{%_pcr-r}","{%_pcr-r}","{%_pcr-r}","{%_pcr-r}","{%_pcr-r}","{%_pcr-r}","{%_pcr-r}","{%_pcr-r}","{%_pcr-r}","{%_pcr-r}",
		"{%_pcr-r}","{%_pcr-r}","{%_pcr-r}","{%_pcr-r}","{%_pcr-r}","{%_pcr-r}","{%_pcr-r}","{%_pcr-r}","{%_pcr-r}","{%_pcr-r}",
		"{%_pcr-r}","{%_pcr-r}","{%_pcr-r}","{%_pcr-r}","{%_pcr-r}","{%_pcr-r}","{%_pcr-r}","{%_pcr-r}","{%_pcr-r}","{%_pcr-r}",
		"{%_pcr-r}","{%_pcr-r}","{%_pcr-r}","{%_pcr-r}","{%_pcr-r}","{%_pcr-r}","{%_pcr-r}","{%_pcr-r}","{%_pcr-r}","{%_pcr-r}",
		"{%_pcr-r}","{%_pcr-r}","{%_pcr-r}","{%_pcr-r}","{%_pcr-r}","{%_pcr-r}","{%_pcr-r}","{%_pcr-r}","{%_pcr-r}","{%_pcr-r}",
		"{%_pcr-r}","{%_pcr-r}","{%_pcr-r}","{%_pcr-r}","{%_pcr-r}","{%_pcr-r}","{%_pcr-r}","{%_pcr-r}","{%_pcr-r}","{%_pcr-r}",
		"{%_pcr-r}","{%_pcr-r}","{%_pcr-r}","{%_pcr-r}","{%_pcr-r}","{%_pcr-r}","{%_pcr-r}","{%_pcr-r}","{%_pcr-r}","{%_pcr-r}",
		"{%_pcr-r}","{%_pcr-r}","{%_pcr-r}","{%_pcr-r}","{%_pcr-r}","{%_pcr-r}","{%_pcr-r}","{%_pcr-r}","{%_pcr-r}","{%_pcr-r}",
		"{%_pcr-r}","{%_pcr-r}","{%_pcr-r}","{%_pcr-r}","{%_pcr-r}","{%_pcr-r}","{%_pcr-r}","{%_pcr-r}","{%_pcr-r}","{%_pcr-r}",
		"{%_pcr-r}","{%_pcr-r}","{%_pcr-r}","{%_pcr-r}","{%_pcr-r}","{%_pcr-r}","{%_pcr-r}","{%_pcr-r}","{%_pcr-r}","{%_pcr-r}",
		"{%_pcr-r}","{%_pcr-r}","{%_pcr-r}","{%_pcr-r}","{%_pcr-r}","{%_pcr-r}","{%_pcr-r}","{%_pcr-r}","{%_pcr-r}","{%_pcr-r}",
		"{%_pcr-r}","{%_pcr-r}","{%_pcr-r}","{%_pcr-r}","{%_pcr-r}","{%_pcr-r}","{%_pcr-r}","{%_pcr-r}","{%_pcr-r}","{%_pcr-r}",
		"{%_pcr-r}","{%_pcr-r}","{%_pcr-r}","{%_pcr-r}","{%_pcr-r}","{%_pcr-r}","{%_pcr-r}","{%_pcr-r}","{%_pcr-r}","{%_pcr-r}",
		"{%_pcr-r}","{%_pcr-r}","{%_pcr-r}","{%_pcr-r}","{%_pcr-r}","{%_pcr-r}","{%_pcr-r}","{%_pcr-r}","{%_pcr-r}","{%_pcr-r}",
		"{%_pcr-r}","{%_pcr-r}","{%_pcr-r}","{%_pcr-r}","{%_pcr-r}","{%_pcr-r}","{%_pcr-r}","{%_pcr-r}","{%_pcr-r}","{%_pcr-r}",
		"{%_pcr-r}","{%_pcr-r}","{%_pcr-r}","{%_pcr-r}","{%_pcr-r}","{%_pcr-r}","{%_pcr-r}","{%_pcr-r}","{%_pcr-r}","{%_pcr-r}",
		"{%_pcr-r}","{%_pcr-r}","{%_pcr-r}","{%_pcr-r}","{%_pcr-r}","{%_pcr-r}","{%_pcr-r}","{%_pcr-r}","{%_pcr-r}","{%_pcr-r}",
		"{%_pcr-r}","{%_pcr-r}","{%_pcr-r}","{%_pcr-r}","{%_pcr-r}"],
	"_pcr-floor":[
		"{%_pcr-sr}","{%_pcr-sr}","{%_pcr-sr}","{%_pcr-sr}","{%_pcr-sr}",
		"{%_pcr-r}","{%_pcr-r}","{%_pcr-r}","{%_pcr-r}","{%_pcr-r}","{%_pcr-r}","{%_pcr-r}","{%_pcr-r}","{%_pcr-r}","{%_pcr-r}",
		"{%_pcr-r}","{%_pcr-r}","{%_pcr-r}","{%_pcr-r}","{%_pcr-r}","{%_pcr-r}","{%_pcr-r}","{%_pcr-r}","{%_pcr-r}","{%_pcr-r}",
		"{%_pcr-r}","{%_pcr-r}","{%_pcr-r}","{%_pcr-r}","{%_pcr-r}","{%_pcr-r}","{%_pcr-r}","{%_pcr-r}","{%_pcr-r}","{%_pcr-r}",
		"{%_pcr-r}","{%_pcr-r}","{%_pcr-r}","{%_pcr-r}","{%_pcr-r}","{%_pcr-r}","{%_pcr-r}","{%_pcr-r}","{%_pcr-r}","{%_pcr-r}",
		"{%_pcr-r}","{%_pcr-r}","{%_pcr-r}","{%_pcr-r}","{%_pcr-r}","{%_pcr-r}","{%_pcr-r}","{%_pcr-r}","{%_pcr-r}","{%_pcr-r}",
		"{%_pcr-r}","{%_pcr-r}","{%_pcr-r}","{%_pcr-r}","{%_pcr-r}","{%_pcr-r}","{%_pcr-r}","{%_pcr-r}","{%_pcr-r}","{%_pcr-r}",
		"{%_pcr-r}","{%_pcr-r}","{%_pcr-r}","{%_pcr-r}","{%_pcr-r}","{%_pcr-r}","{%_pcr-r}","{%_pcr-r}","{%_pcr-r}","{%_pcr-r}",
		"{%_pcr-r}","{%_pcr-r}","{%_pcr-r}","{%_pcr-r}","{%_pcr-r}","{%_pcr-r}","{%_pcr-r}","{%_pcr-r}","{%_pcr-r}","{%_pcr-r}",
		"{%_pcr-r}","{%_pcr-r}","{%_pcr-r}","{%_pcr-r}","{%_pcr-r}","{%_pcr-r}","{%_pcr-r}","{%_pcr-r}","{%_pcr-r}","{%_pcr-r}",
		"{%_pcr-r}","{%_pcr-r}","{%_pcr-r}","{%_pcr-r}","{%_pcr-r}","{%_pcr-r}","{%_pcr-r}","{%_pcr-r}","{%_pcr-r}","{%_pcr-r}",
		"{%_pcr-r}","{%_pcr-r}","{%_pcr-r}","{%_pcr-r}","{%_pcr-r}","{%_pcr-r}","{%_pcr-r}","{%_pcr-r}","{%_pcr-r}","{%_pcr-r}",
		"{%_pcr-r}","{%_pcr-r}","{%_pcr-r}","{%_pcr-r}","{%_pcr-r}","{%_pcr-r}","{%_pcr-r}","{%_pcr-r}","{%_pcr-r}","{%_pcr-r}",
		"{%_pcr-r}","{%_pcr-r}","{%_pcr-r}","{%_pcr-r}","{%_pcr-r}","{%_pcr-r}","{%_pcr-r}","{%_pcr-r}","{%_pcr-r}","{%_pcr-r}",
		"{%_pcr-r}","{%_pcr-r}","{%_pcr-r}","{%_pcr-r}","{%_pcr-r}","{%_pcr-r}","{%_pcr-r}","{%_pcr-r}","{%_pcr-r}","{%_pcr-r}",
		"{%_pcr-r}","{%_pcr-r}","{%_pcr-r}","{%_pcr-r}","{%_pcr-r}","{%_pcr-r}","{%_pcr-r}","{%_pcr-r}","{%_pcr-r}","{%_pcr-r}",
		"{%_pcr-r}","{%_pcr-r}","{%_pcr-r}","{%_pcr-r}","{%_pcr-r}","{%_pcr-r}","{%_pcr-r}","{%_pcr-r}","{%_pcr-r}","{%_pcr-r}",
		"{%_pcr-r}","{%_pcr-r}","{%_pcr-r}","{%_pcr-r}","{%_pcr-r}","{%_pcr-r}","{%_pcr-r}","{%_pcr-r}","{%_pcr-r}","{%_pcr-r}",
		"{%_pcr-r}","{%_pcr-r}","{%_pcr-r}","{%_pcr-r}","{%_pcr-r}","{%_pcr-r}","{%_pcr-r}","{%_pcr-r}","{%_pcr-r}","{%_pcr-r}",
		"{%_pcr-r}","{%_pcr-r}","{%_pcr-r}","{%_pcr-r}","{%_pcr-r}","{%_pcr-r}","{%_pcr-r}","{%_pcr-r}","{%_pcr-r}","{%_pcr-r}",
		"{%_pcr-r}","{%_pcr-r}","{%_pcr-r}","{%_pcr-r}","{%_pcr-r}"],
	"公主连结单抽":["{%公主连接单抽}"],
	"公主连接单抽":[
		"{%_pcr-sr}","{%_pcr-sr}","{%_pcr-sr}","{%_pcr-sr}","{%_pcr-sr}",
		"{%_pcr-r}","{%_pcr-r}","{%_pcr-r}","{%_pcr-r}","{%_pcr-r}","{%_pcr-r}","{%_pcr-r}","{%_pcr-r}","{%_pcr-r}","{%_pcr-r}",
		"{%_pcr-r}","{%_pcr-r}","{%_pcr-r}","{%_pcr-r}","{%_pcr-r}","{%_pcr-r}","{%_pcr-r}","{%_pcr-r}","{%_pcr-r}","{%_pcr-r}",
		"{%_pcr-r}","{%_pcr-r}","{%_pcr-r}","{%_pcr-r}","{%_pcr-r}","{%_pcr-r}","{%_pcr-r}","{%_pcr-r}","{%_pcr-r}","{%_pcr-r}",
		"{%_pcr-r}","{%_pcr-r}","{%_pcr-r}","{%_pcr-r}","{%_pcr-r}","{%_pcr-r}",
		"{%_pcr-n}","{%_pcr-n}","{%_pcr-n}","{%_pcr-n}","{%_pcr-n}","{%_pcr-n}","{%_pcr-n}","{%_pcr-n}","{%_pcr-n}","{%_pcr-n}",
		"{%_pcr-n}","{%_pcr-n}","{%_pcr-n}","{%_pcr-n}","{%_pcr-n}","{%_pcr-n}","{%_pcr-n}","{%_pcr-n}","{%_pcr-n}","{%_pcr-n}",
		"{%_pcr-n}","{%_pcr-n}","{%_pcr-n}","{%_pcr-n}","{%_pcr-n}","{%_pcr-n}","{%_pcr-n}","{%_pcr-n}","{%_pcr-n}","{%_pcr-n}",
		"{%_pcr-n}","{%_pcr-n}","{%_pcr-n}","{%_pcr-n}","{%_pcr-n}","{%_pcr-n}","{%_pcr-n}","{%_pcr-n}","{%_pcr-n}","{%_pcr-n}",
		"{%_pcr-n}","{%_pcr-n}","{%_pcr-n}","{%_pcr-n}","{%_pcr-n}","{%_pcr-n}","{%_pcr-n}","{%_pcr-n}","{%_pcr-n}","{%_pcr-n}",
		"{%_pcr-n}","{%_pcr-n}","{%_pcr-n}","{%_pcr-n}","{%_pcr-n}","{%_pcr-n}","{%_pcr-n}","{%_pcr-n}","{%_pcr-n}","{%_pcr-n}",
		"{%_pcr-n}","{%_pcr-n}","{%_pcr-n}","{%_pcr-n}","{%_pcr-n}","{%_pcr-n}","{%_pcr-n}","{%_pcr-n}","{%_pcr-n}","{%_pcr-n}",
		"{%_pcr-n}","{%_pcr-n}","{%_pcr-n}","{%_pcr-n}","{%_pcr-n}","{%_pcr-n}","{%_pcr-n}","{%_pcr-n}","{%_pcr-n}","{%_pcr-n}",
		"{%_pcr-n}","{%_pcr-n}","{%_pcr-n}","{%_pcr-n}","{%_pcr-n}","{%_pcr-n}","{%_pcr-n}","{%_pcr-n}","{%_pcr-n}","{%_pcr-n}",
		"{%_pcr-n}","{%_pcr-n}","{%_pcr-n}","{%_pcr-n}","{%_pcr-n}","{%_pcr-n}","{%_pcr-n}","{%_pcr-n}","{%_pcr-n}","{%_pcr-n}",
		"{%_pcr-n}","{%_pcr-n}","{%_pcr-n}","{%_pcr-n}","{%_pcr-n}","{%_pcr-n}","{%_pcr-n}","{%_pcr-n}","{%_pcr-n}","{%_pcr-n}",
		"{%_pcr-n}","{%_pcr-n}","{%_pcr-n}","{%_pcr-n}","{%_pcr-n}","{%_pcr-n}","{%_pcr-n}","{%_pcr-n}","{%_pcr-n}","{%_pcr-n}",
		"{%_pcr-n}","{%_pcr-n}","{%_pcr-n}","{%_pcr-n}","{%_pcr-n}","{%_pcr-n}","{%_pcr-n}","{%_pcr-n}","{%_pcr-n}","{%_pcr-n}",
		"{%_pcr-n}","{%_pcr-n}","{%_pcr-n}","{%_pcr-n}","{%_pcr-n}","{%_pcr-n}","{%_pcr-n}","{%_pcr-n}","{%_pcr-n}","{%_pcr-n}",
		"{%_pcr-n}","{%_pcr-n}","{%_pcr-n}","{%_pcr-n}","{%_pcr-n}","{%_pcr-n}","{%_pcr-n}","{%_pcr-n}","{%_pcr-n}","{%_pcr-n}",
		"{%_pcr-n}","{%_pcr-n}","{%_pcr-n}","{%_pcr-n}","{%_pcr-n}","{%_pcr-n}","{%_pcr-n}","{%_pcr-n}","{%_pcr-n}"],
	"公主连结十连":["{%公主连接十连}"],
	"公主连接十连":[
		"{%公主连接单抽}\n{%公主连接单抽}\n{%公主连接单抽}\n{%公主连接单抽}\n{%公主连接单抽}\n{%公主连接单抽}\n{%公主连接单抽}\n{%公主连接单抽}\n{%公主连接单抽}\n{%_pcr-floor}",
		"{%公主连接单抽}\n{%公主连接单抽}\n{%公主连接单抽}\n{%公主连接单抽}\n{%公主连接单抽}\n{%公主连接单抽}\n{%公主连接单抽}\n{%公主连接单抽}\n{%_pcr-floor}\n{%公主连接单抽}",
		"{%公主连接单抽}\n{%公主连接单抽}\n{%公主连接单抽}\n{%公主连接单抽}\n{%公主连接单抽}\n{%公主连接单抽}\n{%公主连接单抽}\n{%_pcr-floor}\n{%公主连接单抽}\n{%公主连接单抽}",
		"{%公主连接单抽}\n{%公主连接单抽}\n{%公主连接单抽}\n{%公主连接单抽}\n{%公主连接单抽}\n{%公主连接单抽}\n{%_pcr-floor}\n{%公主连接单抽}\n{%公主连接单抽}\n{%公主连接单抽}",
		"{%公主连接单抽}\n{%公主连接单抽}\n{%公主连接单抽}\n{%公主连接单抽}\n{%公主连接单抽}\n{%_pcr-floor}\n{%公主连接单抽}\n{%公主连接单抽}\n{%公主连接单抽}\n{%公主连接单抽}",
		"{%公主连接单抽}\n{%公主连接单抽}\n{%公主连接单抽}\n{%公主连接单抽}\n{%_pcr-floor}\n{%公主连接单抽}\n{%公主连接单抽}\n{%公主连接单抽}\n{%公主连接单抽}\n{%公主连接单抽}",
		"{%公主连接单抽}\n{%公主连接单抽}\n{%公主连接单抽}\n{%_pcr-floor}\n{%公主连接单抽}\n{%公主连接单抽}\n{%公主连接单抽}\n{%公主连接单抽}\n{%公主连接单抽}\n{%公主连接单抽}",
		"{%公主连接单抽}\n{%公主连接单抽}\n{%_pcr-floor}\n{%公主连接单抽}\n{%公主连接单抽}\n{%公主连接单抽}\n{%公主连接单抽}\n{%公主连接单抽}\n{%公主连接单抽}\n{%公主连接单抽}",
		"{%公主连接单抽}\n{%_pcr-floor}\n{%公主连接单抽}\n{%公主连接单抽}\n{%公主连接单抽}\n{%公主连接单抽}\n{%公主连接单抽}\n{%公主连接单抽}\n{%公主连接单抽}\n{%公主连接单抽}",
		"{%_pcr-floor}\n{%公主连接单抽}\n{%公主连接单抽}\n{%公主连接单抽}\n{%公主连接单抽}\n{%公主连接单抽}\n{%公主连接单抽}\n{%公主连接单抽}\n{%公主连接单抽}\n{%公主连接单抽}"],
	"公主连结必得":["{%公主连接必得}"],
	"公主连接必得":[
		"{%公主连接单抽}\n{%公主连接单抽}\n{%公主连接单抽}\n{%公主连接单抽}\n{%公主连接单抽}\n{%公主连接单抽}\n{%公主连接单抽}\n{%公主连接单抽}\n{%公主连接单抽}\n{%_pcr-sr}",
		"{%公主连接单抽}\n{%公主连接单抽}\n{%公主连接单抽}\n{%公主连接单抽}\n{%公主连接单抽}\n{%公主连接单抽}\n{%公主连接单抽}\n{%公主连接单抽}\n{%_pcr-sr}\n{%公主连接单抽}",
		"{%公主连接单抽}\n{%公主连接单抽}\n{%公主连接单抽}\n{%公主连接单抽}\n{%公主连接单抽}\n{%公主连接单抽}\n{%公主连接单抽}\n{%_pcr-sr}\n{%公主连接单抽}\n{%公主连接单抽}",
		"{%公主连接单抽}\n{%公主连接单抽}\n{%公主连接单抽}\n{%公主连接单抽}\n{%公主连接单抽}\n{%公主连接单抽}\n{%_pcr-sr}\n{%公主连接单抽}\n{%公主连接单抽}\n{%公主连接单抽}",
		"{%公主连接单抽}\n{%公主连接单抽}\n{%公主连接单抽}\n{%公主连接单抽}\n{%公主连接单抽}\n{%_pcr-sr}\n{%公主连接单抽}\n{%公主连接单抽}\n{%公主连接单抽}\n{%公主连接单抽}",
		"{%公主连接单抽}\n{%公主连接单抽}\n{%公主连接单抽}\n{%公主连接单抽}\n{%_pcr-sr}\n{%公主连接单抽}\n{%公主连接单抽}\n{%公主连接单抽}\n{%公主连接单抽}\n{%公主连接单抽}",
		"{%公主连接单抽}\n{%公主连接单抽}\n{%公主连接单抽}\n{%_pcr-sr}\n{%公主连接单抽}\n{%公主连接单抽}\n{%公主连接单抽}\n{%公主连接单抽}\n{%公主连接单抽}\n{%公主连接单抽}",
		"{%公主连接单抽}\n{%公主连接单抽}\n{%_pcr-sr}\n{%公主连接单抽}\n{%公主连接单抽}\n{%公主连接单抽}\n{%公主连接单抽}\n{%公主连接单抽}\n{%公主连接单抽}\n{%公主连接单抽}",
		"{%公主连接单抽}\n{%_pcr-sr}\n{%公主连接单抽}\n{%公主连接单抽}\n{%公主连接单抽}\n{%公主连接单抽}\n{%公主连接单抽}\n{%公主连接单抽}\n{%公主连接单抽}\n{%公主连接单抽}",
		"{%_pcr-sr}\n{%公主连接单抽}\n{%公主连接单抽}\n{%公主连接单抽}\n{%公主连接单抽}\n{%公主连接单抽}\n{%公主连接单抽}\n{%公主连接单抽}\n{%公主连接单抽}\n{%公主连接单抽}"],
	"公主连结限时单抽":["{%公主连接限时单抽}"],
	"公主连接限时单抽":[
		"{%_pcr-timesr}","{%_pcr-timesr}","{%_pcr-timesr}","{%_pcr-timesr}","{%_pcr-timesr}",
		"{%_pcr-timer}","{%_pcr-timer}","{%_pcr-timer}","{%_pcr-timer}","{%_pcr-timer}","{%_pcr-timer}","{%_pcr-timer}","{%_pcr-timer}","{%_pcr-timer}","{%_pcr-timer}",
		"{%_pcr-timer}","{%_pcr-timer}","{%_pcr-timer}","{%_pcr-timer}","{%_pcr-timer}","{%_pcr-timer}","{%_pcr-timer}","{%_pcr-timer}","{%_pcr-timer}","{%_pcr-timer}",
		"{%_pcr-timer}","{%_pcr-timer}","{%_pcr-timer}","{%_pcr-timer}","{%_pcr-timer}","{%_pcr-timer}","{%_pcr-timer}","{%_pcr-timer}","{%_pcr-timer}","{%_pcr-timer}",
		"{%_pcr-timer}","{%_pcr-timer}","{%_pcr-timer}","{%_pcr-timer}","{%_pcr-timer}","{%_pcr-timer}",
		"{%_pcr-timen}","{%_pcr-timen}","{%_pcr-timen}","{%_pcr-timen}","{%_pcr-timen}","{%_pcr-timen}","{%_pcr-timen}","{%_pcr-timen}","{%_pcr-timen}","{%_pcr-timen}",
		"{%_pcr-timen}","{%_pcr-timen}","{%_pcr-timen}","{%_pcr-timen}","{%_pcr-timen}","{%_pcr-timen}","{%_pcr-timen}","{%_pcr-timen}","{%_pcr-timen}","{%_pcr-timen}",
		"{%_pcr-timen}","{%_pcr-timen}","{%_pcr-timen}","{%_pcr-timen}","{%_pcr-timen}","{%_pcr-timen}","{%_pcr-timen}","{%_pcr-timen}","{%_pcr-timen}","{%_pcr-timen}",
		"{%_pcr-timen}","{%_pcr-timen}","{%_pcr-timen}","{%_pcr-timen}","{%_pcr-timen}","{%_pcr-timen}","{%_pcr-timen}","{%_pcr-timen}","{%_pcr-timen}","{%_pcr-timen}",
		"{%_pcr-timen}","{%_pcr-timen}","{%_pcr-timen}","{%_pcr-timen}","{%_pcr-timen}","{%_pcr-timen}","{%_pcr-timen}","{%_pcr-timen}","{%_pcr-timen}","{%_pcr-timen}",
		"{%_pcr-timen}","{%_pcr-timen}","{%_pcr-timen}","{%_pcr-timen}","{%_pcr-timen}","{%_pcr-timen}","{%_pcr-timen}","{%_pcr-timen}","{%_pcr-timen}","{%_pcr-timen}",
		"{%_pcr-timen}","{%_pcr-timen}","{%_pcr-timen}","{%_pcr-timen}","{%_pcr-timen}","{%_pcr-timen}","{%_pcr-timen}","{%_pcr-timen}","{%_pcr-timen}","{%_pcr-timen}",
		"{%_pcr-timen}","{%_pcr-timen}","{%_pcr-timen}","{%_pcr-timen}","{%_pcr-timen}","{%_pcr-timen}","{%_pcr-timen}","{%_pcr-timen}","{%_pcr-timen}","{%_pcr-timen}",
		"{%_pcr-timen}","{%_pcr-timen}","{%_pcr-timen}","{%_pcr-timen}","{%_pcr-timen}","{%_pcr-timen}","{%_pcr-timen}","{%_pcr-timen}","{%_pcr-timen}","{%_pcr-timen}",
		"{%_pcr-timen}","{%_pcr-timen}","{%_pcr-timen}","{%_pcr-timen}","{%_pcr-timen}","{%_pcr-timen}","{%_pcr-timen}","{%_pcr-timen}","{%_pcr-timen}","{%_pcr-timen}",
		"{%_pcr-timen}","{%_pcr-timen}","{%_pcr-timen}","{%_pcr-timen}","{%_pcr-timen}","{%_pcr-timen}","{%_pcr-timen}","{%_pcr-timen}","{%_pcr-timen}","{%_pcr-timen}",
		"{%_pcr-timen}","{%_pcr-timen}","{%_pcr-timen}","{%_pcr-timen}","{%_pcr-timen}","{%_pcr-timen}","{%_pcr-timen}","{%_pcr-timen}","{%_pcr-timen}","{%_pcr-timen}",
		"{%_pcr-timen}","{%_pcr-timen}","{%_pcr-timen}","{%_pcr-timen}","{%_pcr-timen}","{%_pcr-timen}","{%_pcr-timen}","{%_pcr-timen}","{%_pcr-timen}","{%_pcr-timen}",
		"{%_pcr-timen}","{%_pcr-timen}","{%_pcr-timen}","{%_pcr-timen}","{%_pcr-timen}","{%_pcr-timen}","{%_pcr-timen}","{%_pcr-timen}","{%_pcr-timen}","{%_pcr-timen}",
		"{%_pcr-timen}","{%_pcr-timen}","{%_pcr-timen}","{%_pcr-timen}","{%_pcr-timen}","{%_pcr-timen}","{%_pcr-timen}","{%_pcr-timen}","{%_pcr-timen}","{%_pcr-timen}",
		"{%_pcr-timen}","{%_pcr-timen}","{%_pcr-timen}","{%_pcr-timen}","{%_pcr-timen}","{%_pcr-timen}","{%_pcr-timen}","{%_pcr-timen}","{%_pcr-timen}"],
	"公主连结限时":["{%公主连接限时}"],
	"公主连接限时":[
		"{%公主连接限时单抽}\n{%公主连接限时单抽}\n{%公主连接限时单抽}\n{%公主连接限时单抽}\n{%公主连接限时单抽}\n{%公主连接限时单抽}\n{%公主连接限时单抽}\n{%公主连接限时单抽}\n{%公主连接限时单抽}\n{%_pcr-timefloor}",
		"{%公主连接限时单抽}\n{%公主连接限时单抽}\n{%公主连接限时单抽}\n{%公主连接限时单抽}\n{%公主连接限时单抽}\n{%公主连接限时单抽}\n{%公主连接限时单抽}\n{%公主连接限时单抽}\n{%_pcr-timefloor}\n{%公主连接限时单抽}",
		"{%公主连接限时单抽}\n{%公主连接限时单抽}\n{%公主连接限时单抽}\n{%公主连接限时单抽}\n{%公主连接限时单抽}\n{%公主连接限时单抽}\n{%公主连接限时单抽}\n{%_pcr-timefloor}\n{%公主连接限时单抽}\n{%公主连接限时单抽}",
		"{%公主连接限时单抽}\n{%公主连接限时单抽}\n{%公主连接限时单抽}\n{%公主连接限时单抽}\n{%公主连接限时单抽}\n{%公主连接限时单抽}\n{%_pcr-timefloor}\n{%公主连接限时单抽}\n{%公主连接限时单抽}\n{%公主连接限时单抽}",
		"{%公主连接限时单抽}\n{%公主连接限时单抽}\n{%公主连接限时单抽}\n{%公主连接限时单抽}\n{%公主连接限时单抽}\n{%_pcr-timefloor}\n{%公主连接限时单抽}\n{%公主连接限时单抽}\n{%公主连接限时单抽}\n{%公主连接限时单抽}",
		"{%公主连接限时单抽}\n{%公主连接限时单抽}\n{%公主连接限时单抽}\n{%公主连接限时单抽}\n{%_pcr-timefloor}\n{%公主连接限时单抽}\n{%公主连接限时单抽}\n{%公主连接限时单抽}\n{%公主连接限时单抽}\n{%公主连接限时单抽}",
		"{%公主连接限时单抽}\n{%公主连接限时单抽}\n{%公主连接限时单抽}\n{%_pcr-timefloor}\n{%公主连接限时单抽}\n{%公主连接限时单抽}\n{%公主连接限时单抽}\n{%公主连接限时单抽}\n{%公主连接限时单抽}\n{%公主连接限时单抽}",
		"{%公主连接限时单抽}\n{%公主连接限时单抽}\n{%_pcr-timefloor}\n{%公主连接限时单抽}\n{%公主连接限时单抽}\n{%公主连接限时单抽}\n{%公主连接限时单抽}\n{%公主连接限时单抽}\n{%公主连接限时单抽}\n{%公主连接限时单抽}",
		"{%公主连接限时单抽}\n{%_pcr-timefloor}\n{%公主连接限时单抽}\n{%公主连接限时单抽}\n{%公主连接限时单抽}\n{%公主连接限时单抽}\n{%公主连接限时单抽}\n{%公主连接限时单抽}\n{%公主连接限时单抽}\n{%公主连接限时单抽}",
		"{%_pcr-timefloor}\n{%公主连接限时单抽}\n{%公主连接限时单抽}\n{%公主连接限时单抽}\n{%公主连接限时单抽}\n{%公主连接限时单抽}\n{%公主连接限时单抽}\n{%公主连接限时单抽}\n{%公主连接限时单抽}\n{%公主连接限时单抽}"],
	"_pcr-jing":[
		"在这期间共抽到了7个其他三星角色，分别是:\n【{%_pcr-jingsr}】、【{%_pcr-jingsr}】、【{%_pcr-jingsr}】、【{%_pcr-jingsr}】、【{%_pcr-jingsr}】、【{%_pcr-jingsr}】、【{%_pcr-jingsr}】",
		"在这期间共抽到了8个其他三星角色，分别是:\n【{%_pcr-jingsr}】、【{%_pcr-jingsr}】、【{%_pcr-jingsr}】、【{%_pcr-jingsr}】、【{%_pcr-jingsr}】、【{%_pcr-jingsr}】、【{%_pcr-jingsr}】、【{%_pcr-jingsr}】",
		"{%_pcr-jing-a}"],
	"_pcr-jing-a":[
		"在这期间共抽到了6个其他三星角色，分别是:\n【{%_pcr-jingsr}】、【{%_pcr-jingsr}】、【{%_pcr-jingsr}】、【{%_pcr-jingsr}】、【{%_pcr-jingsr}】、【{%_pcr-jingsr}】",
		"在这期间共抽到了9个其他三星角色，分别是:\n【{%_pcr-jingsr}】、【{%_pcr-jingsr}】、【{%_pcr-jingsr}】、【{%_pcr-jingsr}】、【{%_pcr-jingsr}】、【{%_pcr-jingsr}】、【{%_pcr-jingsr}】、【{%_pcr-jingsr}】、【{%_pcr-jingsr}】",
		"{%_pcr-jing-b}"],
	"_pcr-jing-b":[
		"在这期间共抽到了5个其他三星角色，分别是:\n【{%_pcr-jingsr}】、【{%_pcr-jingsr}】、【{%_pcr-jingsr}】、【{%_pcr-jingsr}】、【{%_pcr-jingsr}】",
		"在这期间共抽到了10个其他三星角色，分别是:\n【{%_pcr-jingsr}】、【{%_pcr-jingsr}】、【{%_pcr-jingsr}】、【{%_pcr-jingsr}】、【{%_pcr-jingsr}】、【{%_pcr-jingsr}】、【{%_pcr-jingsr}】、【{%_pcr-jingsr}】、【{%_pcr-jingsr}】、【{%_pcr-jingsr}】",
		"{%_pcr-jing-c}"],
	"_pcr-jing-c":[
		"在这期间共抽到了4个其他三星角色，分别是:\n【{%_pcr-jingsr}】、【{%_pcr-jingsr}】、【{%_pcr-jingsr}】、【{%_pcr-jingsr}】",
		"在这期间共抽到了11个其他三星角色，分别是:\n【{%_pcr-jingsr}】、【{%_pcr-jingsr}】、【{%_pcr-jingsr}】、【{%_pcr-jingsr}】、【{%_pcr-jingsr}】、【{%_pcr-jingsr}】、【{%_pcr-jingsr}】、【{%_pcr-jingsr}】、【{%_pcr-jingsr}】、【{%_pcr-jingsr}】、【{%_pcr-jingsr}】",
		"{%_pcr-jing-d}"],
	"_pcr-jing-d":[
		"在这期间共抽到了3个其他三星角色，分别是:\n【{%_pcr-jingsr}】、【{%_pcr-jingsr}】、【{%_pcr-jingsr}】",
		"在这期间共抽到了12个其他三星角色，分别是:\n【{%_pcr-jingsr}】、【{%_pcr-jingsr}】、【{%_pcr-jingsr}】、【{%_pcr-jingsr}】、【{%_pcr-jingsr}】、【{%_pcr-jingsr}】、【{%_pcr-jingsr}】、【{%_pcr-jingsr}】、【{%_pcr-jingsr}】、【{%_pcr-jingsr}】、【{%_pcr-jingsr}】、【{%_pcr-jingsr}】",
		"{%_pcr-jing-e}"],
	"_pcr-jing-e":[
		"在这期间共抽到了2个其他三星角色，分别是:\n【{%_pcr-jingsr}】、【{%_pcr-jingsr}】",
		"在这期间共抽到了13个其他三星角色，分别是:\n【{%_pcr-jingsr}】、【{%_pcr-jingsr}】、【{%_pcr-jingsr}】、【{%_pcr-jingsr}】、【{%_pcr-jingsr}】、【{%_pcr-jingsr}】、【{%_pcr-jingsr}】、【{%_pcr-jingsr}】、【{%_pcr-jingsr}】、【{%_pcr-jingsr}】、【{%_pcr-jingsr}】、【{%_pcr-jingsr}】、【{%_pcr-jingsr}】",
		"{%_pcr-jing-f}"],
	"_pcr-jing-f":[
		"在这期间共抽到了1个其他三星角色，分别是:\n【{%_pcr-jingsr}】",
		"在这期间共抽到了14个其他三星角色，分别是:\n【{%_pcr-jingsr}】、【{%_pcr-jingsr}】、【{%_pcr-jingsr}】、【{%_pcr-jingsr}】、【{%_pcr-jingsr}】、【{%_pcr-jingsr}】、【{%_pcr-jingsr}】、【{%_pcr-jingsr}】、【{%_pcr-jingsr}】、【{%_pcr-jingsr}】、【{%_pcr-jingsr}】、【{%_pcr-jingsr}】、【{%_pcr-jingsr}】、【{%_pcr-jingsr}】",
		"{%_pcr-jing-g}"],
	"_pcr-jing-g":[
		"在这期间共抽到了15个其他三星角色，分别是:\n【{%_pcr-jingsr}】、【{%_pcr-jingsr}】、【{%_pcr-jingsr}】、【{%_pcr-jingsr}】、【{%_pcr-jingsr}】、【{%_pcr-jingsr}】、【{%_pcr-jingsr}】、【{%_pcr-jingsr}】、【{%_pcr-jingsr}】、【{%_pcr-jingsr}】、【{%_pcr-jingsr}】、【{%_pcr-jingsr}】、【{%_pcr-jingsr}】、【{%_pcr-jingsr}】、【{%_pcr-jingsr}】",
		"在这期间共抽到了15个其他三星角色，分别是:\n【{%_pcr-jingsr}】、【{%_pcr-jingsr}】、【{%_pcr-jingsr}】、【{%_pcr-jingsr}】、【{%_pcr-jingsr}】、【{%_pcr-jingsr}】、【{%_pcr-jingsr}】、【{%_pcr-jingsr}】、【{%_pcr-jingsr}】、【{%_pcr-jingsr}】、【{%_pcr-jingsr}】、【{%_pcr-jingsr}】、【{%_pcr-jingsr}】、【{%_pcr-jingsr}】、【{%_pcr-jingsr}】",
		"显然你酋长附体，这300发并没有抽到其他三星角色"],
	"公主连结一井":["{%公主连接一井}"],
	"公主连接一井":[
		"钻石-45000，Pt+300\n本次300连抽的结果如下：\n你在第[1d300]发的时候出货，抽出了本次的目标【{%_pcr-upjing}】\n合计兑换女神的秘石[1d700+800]\n{%_pcr-jing}",
		"钻石-45000，Pt+300\n本次300连抽的结果如下：\n你在第[1d300]发的时候出货，抽出了本次的目标【{%_pcr-upjing}】\n合计兑换女神的秘石[1d700+800]\n{%_pcr-jing}",
		"钻石-45000，Pt+300\n本次300连抽的结果如下：\n你在第[1d300]发的时候出货，抽出了本次的目标【{%_pcr-upjing}】\n合计兑换女神的秘石[1d700+800]\n{%_pcr-jing}",
		"钻石-45000，Pt+300\n本次300连抽的结果如下：\n你在第[1d300]发的时候出货，抽出了本次的目标【{%_pcr-upjing}】\n合计兑换女神的秘石[1d700+800]\n{%_pcr-jing}",
		"钻石-45000，Pt+300\n本次300连抽的结果如下：\n你在第[1d300]发的时候出货，抽出了本次的目标【{%_pcr-upjing}】\n合计兑换女神的秘石[1d700+800]\n{%_pcr-jing}",
		"钻石-45000，Pt+300\n本次300连抽的结果如下：\n你在第[1d300]发的时候出货，抽出了本次的目标【{%_pcr-upjing}】\n合计兑换女神的秘石[1d700+800]\n{%_pcr-jing}",
		"钻石-45000，Pt+300\n本次300连抽的结果如下：\n你在第[1d300]发的时候出货，抽出了本次的目标【{%_pcr-upjing}】\n合计兑换女神的秘石[1d700+800]\n{%_pcr-jing}",
		"钻石-45000，Pt+300\n本次300连抽的结果如下：\n很遗憾你300发沉船了，最后你不得不用300Pt换了【{%_pcr-upjing}】\n合计兑换女神的秘石[1d700+800]\n{%_pcr-jing}"],
	"_pcr-quanjuese":["杏奈","真步","璃乃","初音","伊绪","咲恋","望","妮侬","秋乃","真琴","静流","莫妮卡","姬塔","纯","亚里莎","镜华","伊莉亚","茜里","宫子","雪","铃奈","香织","美美","惠里子","忍","真阳","栞","千歌","空花","珠希","美冬","深月","铃","绫音","美里","日和莉","怜","未奏希","胡桃","依里","铃梅","由加莉","碧","美咲","莉玛"],
	"_pcr-pao":[
		"第一名，恭喜，钻石+500。\n她{%_pcr-pao-0}，{%_pcr-pao-5}，{%_pcr-pao-1}",
		"第二名，还不错，钻石+400。\n她{%_pcr-pao-0}，{%_pcr-pao-5}，{%_pcr-pao-2}",
		"第三名，可惜，钻石+300。\n她{%_pcr-pao-0}，{%_pcr-pao-5}，{%_pcr-pao-3}",
		"第四名，很遗憾，钻石+250。\n她{%_pcr-pao-0}，{%_pcr-pao-5}，{%_pcr-pao-4}"],
	"_pcr-pao-0":[
		"一开始遭遇了一排石头",
		"一开始遭遇了一好几只猴子",
		"一开始遭遇了一好几扇门",
		"从开始一路都很顺利",
		"起步就跑得飞快",
		"上来就踩着加速带往前冲"],
	"_pcr-pao-5":[
		"中间跳过了[1d3]颗石头、打了[1d3]个猴子、撞开了[1d2]扇门",
		"中间跳过了[1d3]颗石头、打了[1d3]个猴子",
		"中间跳过了[1d3]颗石头",
		"中间打了[1d3]个猴子、撞开了[1d2]扇门",
		"中间打了[1d3]个猴子",
		"中间跳过了[1d3]颗石头、撞开了[1d2]扇门",
		"中间撞开了[1d2]扇门"],
	"_pcr-pao-1":[
		"接着踩到了加速法阵，一溜烟超过了其他选手",
		"接着抓到了一个气球，一口气飞到了终点",
		"接着踩到了传送法阵，直接传送到了终点前",
		"其他所有选手都被各种陷阱绊住了脚步，最终她一溜小跑冲进了终点",
		"在马上到达终点的时候，一个加速，超过了第一名冲进了终点",
		"接着踩到了一个弹簧，飞速地往前飞了一段，以绝对的优势拿下了第一名",
		"在路上吃了一大块蛋糕，虽然花了点时间，但是之后一口气冲刺抢回了第一名"],
	"_pcr-pao-2":[
		"在马上到达终点的时候，旁边的选手一个加速，以一个身位之差超过了她",
		"接着踩到了加速法阵，一路超过了第三名和第二名，但是还是无缘第一",
		"在终点前踩到了一滩水，遗憾地错失了第一名",
		"在终点被一颗石头绊住了脚步，错失了第一名",
		"在路上吃了一大块蛋糕花费了不少时间，之后虽然迅速冲刺了起来，但还是没能拿到第一",
		"在路上踩到了传送法阵，但是由于之前落后太多，没能拿到第一",
		"接着踩到了一个弹簧，飞速地往前飞了一段，第二个冲过了终点"],
	"_pcr-pao-3":[
		"由于一系列的打怪和脚滑，最终勉强不是最后一名",
		"在马上到达终点的时候，旁边的选手一个加速，以一个身位之差超过了她",
		"接着踩到了加速法阵，勉强超过了第三名",
		"在终点前踩到了一滩水，失去了本来的第一名",
		"在路上吃了一大块蛋糕花费了不少时间，之后虽然迅速冲刺了起来，但因为耽误了太多时间，只拿到了第三名",
		"在路上踩到了传送法阵，但是由于之前落后太多，没能拿到第一",
		"接着踩到了一个弹簧，飞速地往前飞了一段，第三个冲过了终点"],
	"_pcr-pao-4":["在终点前她遭遇了一大滩水，只能眼睁睁地看着其他选手一个个超过自己",
		"由于一系列的打怪和脚滑，运气实在太差，其他人都已经到了终点半天了",
		"在马上到达终点的时候，旁边的第四名一个加速，以一个身位之差超过了她",
		"接着踩到了加速法阵，但是前面落后的实在太多了",
		"在路上吃了一大块蛋糕花费了不少时间，之后虽然迅速冲刺了起来，但是已经耽误了太多时间",
		"接着踩到了一个弹簧，飞速地往前飞了一段，但是还是最后一个冲进了终点"],
	"公主连结赛跑":["{%公主连接赛跑}"],
	"公主连接赛跑":[
		"第一届兰德索尔杯田径比赛开始了，本轮选手分别为是\n{_pcr-quanjuese}、{_pcr-quanjuese}、{_pcr-quanjuese}、{_pcr-quanjuese}\n你选择的选手这次跑了{%_pcr-pao}"]
}