{
  "!明日方舟卡池牌堆By仑质":[
    "明日方舟卡池version.{%_arknightsUPVersion}\n作者:仑质\n干员档案数据与卡池数据全部来自ArknightsWiKi，文案版权属于鹰角网络。\n在这里，你甚至可以抽出绝版暴行"
  ],
  "_arknightsUPVersion":[
    "210314"
  ],
  "arknights卡池列表":[
    "以下为卡池名称：\n限定寻访：{%_arknights限定寻访名称}\n限时寻访：{%_arknights限时寻访名称}\n常驻寻访：{%_arknights常驻寻访名称}"
  ],
  "_arknights限定寻访名称":[
    "新手专属/地生五金/遗愿焰火/勿忘我/地生五金复刻/月隐晦明/进攻防守战术交汇"
  ],
  "_arknights限时寻访名称":[
    "银灰色的荣耀/搅动潮汐之剑/鞘中赤红/龙门特别行动专员寻访/深夏的守夜人/久铸尘铁/火舞之人/冰封原野/联合行动第一期/锁与匙的守卫者/凝电之钻/热情膨胀爆发/百种兵器/草垛上的风笛声/往日幻象/联合行动第二期/雾漫荒林/雪落晨心/君影轻灵/流沙涡旋/不羁逆流/燃钢之心暴躁铁皮/不羁逆流返场/燃钢之心暴躁铁皮返场/无拘熔火/搅动潮汐之剑复刻/瑕光微明/联合行动第三期/锁与匙的守卫者复刻/自由的囚徒/麦穗与赞美诗"
  ],
  "_arknights常驻寻访名称":[
    "轮换零一/轮换零二/轮换零三/轮换零四/轮换零五/轮换零六/轮换零七/轮换零八/轮换零九/轮换一零/轮换一一/轮换一二/轮换一三/轮换一四/轮换一五/轮换一六/轮换一七/轮换一八/轮换一九/轮换二零/轮换二一/轮换二二/轮换二三/轮换二四/轮换二五/轮换二六/轮换二七/轮换二八/轮换二九/轮换三零/轮换三一/轮换三二/轮换三三/轮换三四/轮换三五/轮换三六/轮换三七/轮换三八/轮换三九/轮换四零/轮换四一/轮换四二/轮换四三/轮换四四/轮换四五/轮换四六/轮换四七/轮换四八/轮换四九"
  ],
  "arknights卡池":[
    "::7::{%arknights限定寻访}",
    "::30::{%arknights限时寻访}",
    "::49::{%arknights常驻寻访}"
  ],
  "arknights限定寻访":[
    "限定|{%arknights新手专属}",
    "限定|{%arknights地生五金}",
    "限定|{%arknights遗愿焰火}",
    "限定|{%arknights勿忘我}",
    "限定|{%arknights地生五金复刻}",
    "限定|{%arknights月隐晦明}",
    "限定|{%arknights进攻防守战术交汇}"
  ],
  "arknights限时寻访":[
    "限时|{%arknights银灰色的荣耀}",
    "限时|{%arknights搅动潮汐之剑}",
    "限时|{%arknights鞘中赤红}",
    "限时|{%arknights龙门特别行动专员寻访}",
    "限时|{%arknights深夏的守夜人}",
    "限时|{%arknights久铸尘铁}",
    "限时|{%arknights火舞之人}",
    "限时|{%arknights冰封原野}",
    "限时|{%arknights联合行动第一期}",
    "限时|{%arknights锁与匙的守卫者}",
    "限时|{%arknights凝电之钻}",
    "限时|{%arknights热情膨胀爆发}",
    "限时|{%arknights百种兵器}",
    "限时|{%arknights草垛上的风笛声}",
    "限时|{%arknights往日幻象}",
    "限时|{%arknights联合行动第二期}",
    "限时|{%arknights雾漫荒林}",
    "限时|{%arknights雪落晨心}",
    "限时|{%arknights君影轻灵}",
    "限时|{%arknights流沙涡旋}",
    "限时|{%arknights不羁逆流}",
    "限时|{%arknights燃钢之心暴躁铁皮}",
    "限时|{%arknights不羁逆流返场}",
    "限时|{%arknights燃钢之心暴躁铁皮返场}",
    "限时|{%arknights无拘熔火}",
    "限时|{%arknights搅动潮汐之剑复刻}",
    "限时|{%arknights瑕光微明}",
    "限时|{%arknights联合行动第三期}",
    "限时|{%arknights锁与匙的守卫者复刻}",
    "限时|{%arknights自由的囚徒}",
    "限时|{%arknights麦穗与赞美诗}"
  ],
  "arknights常驻寻访":[
    "常驻|{%arknights轮换零一}",
    "常驻|{%arknights轮换零二}",
    "常驻|{%arknights轮换零三}",
    "常驻|{%arknights轮换零四}",
    "常驻|{%arknights轮换零五}",
    "常驻|{%arknights轮换零六}",
    "常驻|{%arknights轮换零七}",
    "常驻|{%arknights轮换零八}",
    "常驻|{%arknights轮换零九}",
    "常驻|{%arknights轮换一零}",
    "常驻|{%arknights轮换一一}",
    "常驻|{%arknights轮换一二}",
    "常驻|{%arknights轮换一三}",
    "常驻|{%arknights轮换一四}",
    "常驻|{%arknights轮换一五}",
    "常驻|{%arknights轮换一六}",
    "常驻|{%arknights轮换一七}",
    "常驻|{%arknights轮换一八}",
    "常驻|{%arknights轮换一九}",
    "常驻|{%arknights轮换二零}",
    "常驻|{%arknights轮换二一}",
    "常驻|{%arknights轮换二二}",
    "常驻|{%arknights轮换二三}",
    "常驻|{%arknights轮换二四}",
    "常驻|{%arknights轮换二五}",
    "常驻|{%arknights轮换二六}",
    "常驻|{%arknights轮换二七}",
    "常驻|{%arknights轮换二八}",
    "常驻|{%arknights轮换二九}",
    "常驻|{%arknights轮换三零}",
    "常驻|{%arknights轮换三一}",
    "常驻|{%arknights轮换三二}",
    "常驻|{%arknights轮换三三}",
    "常驻|{%arknights轮换三四}",
    "常驻|{%arknights轮换三五}",
    "常驻|{%arknights轮换三六}",
    "常驻|{%arknights轮换三七}",
    "常驻|{%arknights轮换三八}",
    "常驻|{%arknights轮换三九}",
    "常驻|{%arknights轮换四零}",
    "常驻|{%arknights轮换四一}",
    "常驻|{%arknights轮换四二}",
    "常驻|{%arknights轮换四三}",
    "常驻|{%arknights轮换四四}",
    "常驻|{%arknights轮换四五}",
    "常驻|{%arknights轮换四六}",
    "常驻|{%arknights轮换四七}",
    "常驻|{%arknights轮换四八}",
    "常驻|{%arknights轮换四九}"
  ],

  "arknights新手专属":[
    "新手专属推荐干员寻访:{%_arknights新手专属单}{%_arknights新手专属单}{%_arknights新手专属单}{%_arknights新手专属单}{%_arknights新手专属单}{%_arknights新手专属单}{%_arknights新手专属单}{%_arknights新手专属单}{%_arknights新手专属单}{%_arknights新手专属单}"
  ],
  "_arknights新手专属单":[
    "::20::{%_三星干员简}",
    "::25::{%_四星干员简}",
    "::4::{%_五星干员简}",
    "::1::{%_arknights新手专属六星}"
  ],
  "_arknights新手专属六星":[
    "\n★★★★★★|狙击 能天使",
    "\n★★★★★★|先锋 推进之王",
    "\n★★★★★★|辅助 安洁莉娜",
    "\n★★★★★★|医疗 闪灵",
    "\n★★★★★★|重装 星熊",
    "\n★★★★★★|近卫 银灰"
  ],

  "arknights地生五金":[
    "地生五金-[年(限定)/阿]:{%_arknights地生五金单}{%_arknights地生五金单}{%_arknights地生五金单}{%_arknights地生五金单}{%_arknights地生五金单}{%_arknights地生五金单}{%_arknights地生五金单}{%_arknights地生五金单}{%_arknights地生五金单}{%_arknights地生五金单}"
  ],
  "_arknights地生五金单":[
    "::200::{%_三星干员简}",
    "::250::{%_四星干员简}",
    "::20::{%_arknights地生五金五星}",
    "::20::{%_五星干员简}",
    "::7::{%_arknights地生五金六星}",
    "::3::{%_六星干员简}"
  ],
  "_arknights地生五金六星":[
    "\n★★★★★★|重装 年",
    "\n★★★★★★|特种 阿"
  ],
  "_arknights地生五金五星":[
    "\n★★★★★☆|重装 吽"
  ],

  "arknights遗愿焰火":[
    "遗愿焰火-[W(限定)/温蒂]:{%_arknights遗愿焰火单}{%_arknights遗愿焰火单}{%_arknights遗愿焰火单}{%_arknights遗愿焰火单}{%_arknights遗愿焰火单}{%_arknights遗愿焰火单}{%_arknights遗愿焰火单}{%_arknights遗愿焰火单}{%_arknights遗愿焰火单}{%_arknights遗愿焰火单}"
  ],
  "_arknights遗愿焰火单":[
    "::200::{%_三星干员简}",
    "::250::{%_四星干员简}",
    "::20::{%_arknights遗愿焰火五星}",
    "::20::{%_五星干员简}",
    "::7::{%_arknights遗愿焰火六星}",
    "::3::{%_六星干员简}"
  ],
  "_arknights遗愿焰火六星":[
    "\n★★★★★★|狙击 W",
    "\n★★★★★★|特种 温蒂"
  ],
  "_arknights遗愿焰火五星":[
    "\n★★★★★☆|先锋 极境"
  ],

  "arknights勿忘我":[
    "勿忘我-[迷迭香(限定)/泥岩]:{%_arknights勿忘我单}{%_arknights勿忘我单}{%_arknights勿忘我单}{%_arknights勿忘我单}{%_arknights勿忘我单}{%_arknights勿忘我单}{%_arknights勿忘我单}{%_arknights勿忘我单}{%_arknights勿忘我单}{%_arknights勿忘我单}"
  ],
  "_arknights勿忘我单":[
    "::200::{%_三星干员简}",
    "::50::{%_arknights勿忘我四星}",
    "::200::{%_四星干员简}",
    "::20::{%_arknights勿忘我五星}",
    "::20::{%_五星干员简}",
    "::7::{%_arknights勿忘我六星}",
    "::3::{%_六星干员简}"
  ],
  "_arknights勿忘我六星":[
    "\n★★★★★★|狙击 迷迭香",
    "\n★★★★★★|重装 泥岩"
  ],
  "_arknights勿忘我五星":[
    "\n★★★★★☆|医疗 絮雨"
  ],
  "_arknights勿忘我四星":[
    "\n★★★★☆☆|近卫 杰克"
  ],

  "arknights地生五金复刻":[
    "地生五金-[年(限定)/阿]:{%_arknights地生五金单}{%_arknights地生五金单}{%_arknights地生五金单}{%_arknights地生五金单}{%_arknights地生五金单}{%_arknights地生五金单}{%_arknights地生五金单}{%_arknights地生五金单}{%_arknights地生五金单}{%_arknights地生五金单}"
  ],

  "arknights月隐晦明":[
    "月隐晦明-[夕(限定)/阿]:{%_arknights月隐晦明单}{%_arknights月隐晦明单}{%_arknights月隐晦明单}{%_arknights月隐晦明单}{%_arknights月隐晦明单}{%_arknights月隐晦明单}{%_arknights月隐晦明单}{%_arknights月隐晦明单}{%_arknights月隐晦明单}{%_arknights月隐晦明单}"
  ],
  "_arknights月隐晦明单":[
    "::200::{%_三星干员简}",
    "::250::{%_四星干员简}",
    "::20::{%_arknights月隐晦明五星}",
    "::20::{%_五星干员简}",
    "::7::{%_arknights月隐晦明六星}",
    "::3::{%_六星干员简}"
  ],
  "_arknights月隐晦明六星":[
    "\n★★★★★★|术士 夕",
    "\n★★★★★★|先锋 嵯峨"
  ],
  "_arknights月隐晦明五星":[
    "\n★★★★★☆|特种 乌有"
  ],

  "arknights进攻防守战术交汇":[
    "进攻防守战术交汇-[灰烬(限定)]:{%_arknights进攻防守战术交汇单}{%_arknights进攻防守战术交汇单}{%_arknights进攻防守战术交汇单}{%_arknights进攻防守战术交汇单}{%_arknights进攻防守战术交汇单}{%_arknights进攻防守战术交汇单}{%_arknights进攻防守战术交汇单}{%_arknights进攻防守战术交汇单}{%_arknights进攻防守战术交汇单}{%_arknights进攻防守战术交汇单}"
  ],
  "_arknights进攻防守战术交汇单":[
    "::40::{%_三星干员简}",
    "::50::{%_四星干员简}",
    "::4::{%_arknights进攻防守战术交汇五星}",
    "::4::{%_五星干员简}",
    "::1::{%_arknights进攻防守战术交汇六星}",
    "::1::{%_六星干员简}"
  ],
  "_arknights进攻防守战术交汇六星":[
    "\n★★★★★★|狙击 灰烬"
  ],
  "_arknights进攻防守战术交汇五星":[
    "\n★★★★★☆|特种 霜华",
    "\n★★★★★☆|重装 闪击"
  ],



  "arknights银灰色的荣耀":[
    "银灰色的荣耀-[银灰]:{%_arknights银灰色的荣耀单}{%_arknights银灰色的荣耀单}{%_arknights银灰色的荣耀单}{%_arknights银灰色的荣耀单}{%_arknights银灰色的荣耀单}{%_arknights银灰色的荣耀单}{%_arknights银灰色的荣耀单}{%_arknights银灰色的荣耀单}{%_arknights银灰色的荣耀单}{%_arknights银灰色的荣耀单}"
  ],
  "_arknights银灰色的荣耀单":[
    "::40::{%_三星干员简}",
    "::10::{%_arknights银灰色的荣耀四星}",
    "::40::{%_四星干员简}",
    "::4::{%_arknights银灰色的荣耀五星}",
    "::4::{%_五星干员简}",
    "::1::{%_arknights银灰色的荣耀六星}",
    "::1::{%_六星干员简}"
  ],
  "_arknights银灰色的荣耀六星":[
    "\n★★★★★★|近卫 银灰"
  ],
  "_arknights银灰色的荣耀五星":[
    "\n★★★★★☆|辅助 初雪",
    "\n★★★★★☆|特种 崖心"
  ],
  "_arknights银灰色的荣耀四星":[
    "\n★★★★☆☆|重装 角峰"
  ],

  "arknights搅动潮汐之剑":[
    "搅动潮汐之剑-[斯卡蒂]:{%_arknights搅动潮汐之剑单}{%_arknights搅动潮汐之剑单}{%_arknights搅动潮汐之剑单}{%_arknights搅动潮汐之剑单}{%_arknights搅动潮汐之剑单}{%_arknights搅动潮汐之剑单}{%_arknights搅动潮汐之剑单}{%_arknights搅动潮汐之剑单}{%_arknights搅动潮汐之剑单}{%_arknights搅动潮汐之剑单}"
  ],
  "_arknights搅动潮汐之剑单":[
    "::40::{%_三星干员简}",
    "::10::{%_arknights搅动潮汐之剑四星}",
    "::40::{%_四星干员简}",
    "::4::{%_arknights搅动潮汐之剑五星}",
    "::4::{%_五星干员简}",
    "::1::{%_arknights搅动潮汐之剑六星}",
    "::1::{%_六星干员简}"
  ],
  "_arknights搅动潮汐之剑六星":[
    "\n★★★★★★|近卫 斯卡蒂"
  ],
  "_arknights搅动潮汐之剑五星":[
    "\n★★★★★☆|术士 夜魔",
    "\n★★★★★☆|重装 临光"
  ],
  "_arknights搅动潮汐之剑四星":[
    "\n★★★★☆☆|近卫 猎蜂",
    "\n★★★★☆☆|特种 暗索"
  ],

  "arknights鞘中赤红":[
    "鞘中赤红-[陈]:{%_arknights鞘中赤红单}{%_arknights鞘中赤红单}{%_arknights鞘中赤红单}{%_arknights鞘中赤红单}{%_arknights鞘中赤红单}{%_arknights鞘中赤红单}{%_arknights鞘中赤红单}{%_arknights鞘中赤红单}{%_arknights鞘中赤红单}{%_arknights鞘中赤红单}"
  ],
  "_arknights鞘中赤红单":[
    "::40::{%_三星干员简}",
    "::10::{%_arknights鞘中赤红四星}",
    "::40::{%_四星干员简}",
    "::4::{%_arknights鞘中赤红五星}",
    "::4::{%_五星干员简}",
    "::1::{%_arknights鞘中赤红六星}",
    "::1::{%_六星干员简}"
  ],
  "_arknights鞘中赤红六星":[
    "\n★★★★★★|近卫 陈"
  ],
  "_arknights鞘中赤红五星":[
    "\n★★★★★☆|近卫 诗怀雅",
    "\n★★★★★☆|特种 食铁兽"
  ],
  "_arknights鞘中赤红四星":[
    "\n★★★★☆☆|术士 格雷伊"
  ],

  "arknights龙门特别行动专员寻访":[
    "龙门特别行动专员寻访-[星熊]:{%_arknights龙门特别行动专员寻访单}{%_arknights龙门特别行动专员寻访单}{%_arknights龙门特别行动专员寻访单}{%_arknights龙门特别行动专员寻访单}{%_arknights龙门特别行动专员寻访单}{%_arknights龙门特别行动专员寻访单}{%_arknights龙门特别行动专员寻访单}{%_arknights龙门特别行动专员寻访单}{%_arknights龙门特别行动专员寻访单}{%_arknights龙门特别行动专员寻访单}"
  ],
  "_arknights龙门特别行动专员寻访单":[
    "::40::{%_三星干员简}",
    "::50::{%_四星干员简}",
    "::4::{%_arknights龙门特别行动专员寻访五星}",
    "::4::{%_五星干员简}",
    "::1::{%_arknights龙门特别行动专员寻访六星}",
    "::1::{%_六星干员简}"
  ],
  "_arknights龙门特别行动专员寻访六星":[
    "\n★★★★★★|重装 星熊"
  ],
  "_arknights龙门特别行动专员寻访五星":[
    "\n★★★★★☆|重装 雷蛇",
    "\n★★★★★☆|狙击 陨星"
  ],

  "arknights深夏的守夜人":[
    "深夏的守夜人-[黑]:{%_arknights深夏的守夜人单}{%_arknights深夏的守夜人单}{%_arknights深夏的守夜人单}{%_arknights深夏的守夜人单}{%_arknights深夏的守夜人单}{%_arknights深夏的守夜人单}{%_arknights深夏的守夜人单}{%_arknights深夏的守夜人单}{%_arknights深夏的守夜人单}{%_arknights深夏的守夜人单}"
  ],
  "_arknights深夏的守夜人单":[
    "::40::{%_三星干员简}",
    "::10::{%_arknights深夏的守夜人四星}",
    "::40::{%_四星干员简}",
    "::4::{%_arknights深夏的守夜人五星}",
    "::4::{%_五星干员简}",
    "::1::{%_arknights深夏的守夜人六星}",
    "::1::{%_六星干员简}"
  ],
  "_arknights深夏的守夜人六星":[
    "\n★★★★★★|狙击 黑"
  ],
  "_arknights深夏的守夜人五星":[
    "\n★★★★★☆|辅助 格劳克斯",
    "\n★★★★★☆|狙击 蓝毒"
  ],
  "_arknights深夏的守夜人四星":[
    "\n★★★★☆☆|医疗 苏苏洛"
  ],

  "arknights久铸尘铁":[
    "久铸尘铁-[赫拉格]:{%_arknights久铸尘铁单}{%_arknights久铸尘铁单}{%_arknights久铸尘铁单}{%_arknights久铸尘铁单}{%_arknights久铸尘铁单}{%_arknights久铸尘铁单}{%_arknights久铸尘铁单}{%_arknights久铸尘铁单}{%_arknights久铸尘铁单}{%_arknights久铸尘铁单}"
  ],
  "_arknights久铸尘铁单":[
    "::40::{%_三星干员简}",
    "::10::{%_arknights久铸尘铁四星}",
    "::40::{%_四星干员简}",
    "::4::{%_arknights久铸尘铁五星}",
    "::4::{%_五星干员简}",
    "::1::{%_arknights久铸尘铁六星}",
    "::1::{%_六星干员简}"
  ],
  "_arknights久铸尘铁六星":[
    "\n★★★★★★|近卫 赫拉格"
  ],
  "_arknights久铸尘铁五星":[
    "\n★★★★★☆|近卫 星极",
    "\n★★★★★☆|重装 可颂"
  ],
  "_arknights久铸尘铁四星":[
    "\n★★★★☆☆|先锋 桃金娘"
  ],

  "arknights火舞之人":[
    "火舞之人-[艾雅法拉]:{%_arknights火舞之人单}{%_arknights火舞之人单}{%_arknights火舞之人单}{%_arknights火舞之人单}{%_arknights火舞之人单}{%_arknights火舞之人单}{%_arknights火舞之人单}{%_arknights火舞之人单}{%_arknights火舞之人单}{%_arknights火舞之人单}"
  ],
  "_arknights火舞之人单":[
    "::40::{%_三星干员简}",
    "::50::{%_四星干员简}",
    "::4::{%_arknights火舞之人五星}",
    "::4::{%_五星干员简}",
    "::1::{%_arknights火舞之人六星}",
    "::1::{%_六星干员简}"
  ],
  "_arknights火舞之人六星":[
    "\n★★★★★★|术士 艾雅法拉"
  ],
  "_arknights火舞之人五星":[
    "\n★★★★★☆|狙击 普罗旺斯",
    "\n★★★★★☆|近卫 幽灵鲨"
  ],

  "arknights冰封原野":[
    "冰封原野-[麦哲伦]:{%_arknights冰封原野单}{%_arknights冰封原野单}{%_arknights冰封原野单}{%_arknights冰封原野单}{%_arknights冰封原野单}{%_arknights冰封原野单}{%_arknights冰封原野单}{%_arknights冰封原野单}{%_arknights冰封原野单}{%_arknights冰封原野单}"
  ],
  "_arknights冰封原野单":[
    "::40::{%_三星干员简}",
    "::10::{%_arknights冰封原野四星}",
    "::40::{%_四星干员简}",
    "::4::{%_arknights冰封原野五星}",
    "::4::{%_五星干员简}",
    "::1::{%_arknights冰封原野六星}",
    "::1::{%_六星干员简}"
  ],
  "_arknights冰封原野六星":[
    "\n★★★★★★|辅助 麦哲伦"
  ],
  "_arknights冰封原野五星":[
    "\n★★★★★☆|狙击 送葬人",
    "\n★★★★★☆|医疗 赫默"
  ],
  "_arknights冰封原野四星":[
    "\n★★★★☆☆|狙击 红云"
  ],

  "arknights联合行动第一期":[
    "联合行动第一期-[陈/银灰/艾雅法拉/安洁莉娜]:{%_arknights联合行动第一期单}{%_arknights联合行动第一期单}{%_arknights联合行动第一期单}{%_arknights联合行动第一期单}{%_arknights联合行动第一期单}{%_arknights联合行动第一期单}{%_arknights联合行动第一期单}{%_arknights联合行动第一期单}{%_arknights联合行动第一期单}{%_arknights联合行动第一期单}"
  ],
  "_arknights联合行动第一期单":[
    "::20::{%_三星干员简}",
    "::25::{%_四星干员简}",
    "::4::{%_arknights联合行动第一期五星}",
    "::1::{%_arknights联合行动第一期六星}"
  ],
  "_arknights联合行动第一期六星":[
    "\n★★★★★★|近卫 陈",
    "\n★★★★★★|近卫 银灰",
    "\n★★★★★★|术士 艾雅法拉",
    "\n★★★★★★|辅助 安洁莉娜"
  ],
  "_arknights联合行动第一期五星":[
    "\n★★★★★☆|医疗 白面鸮",
    "\n★★★★★☆|先锋 德克萨斯",
    "\n★★★★★☆|狙击 白金",
    "\n★★★★★☆|重装 可颂",
    "\n★★★★★☆|特种 狮蝎",
    "\n★★★★★☆|近卫 诗怀雅"
  ],

  "arknights锁与匙的守卫者":[
    "锁与匙的守卫者-[莫斯提马]:{%_arknights锁与匙的守卫者单}{%_arknights锁与匙的守卫者单}{%_arknights锁与匙的守卫者单}{%_arknights锁与匙的守卫者单}{%_arknights锁与匙的守卫者单}{%_arknights锁与匙的守卫者单}{%_arknights锁与匙的守卫者单}{%_arknights锁与匙的守卫者单}{%_arknights锁与匙的守卫者单}{%_arknights锁与匙的守卫者单}"
  ],
  "_arknights锁与匙的守卫者单":[
    "::40::{%_三星干员简}",
    "::10::{%_arknights锁与匙的守卫者四星}",
    "::40::{%_四星干员简}",
    "::4::{%_arknights锁与匙的守卫者五星}",
    "::4::{%_五星干员简}",
    "::1::{%_arknights锁与匙的守卫者六星}",
    "::1::{%_六星干员简}"
  ],
  "_arknights锁与匙的守卫者六星":[
    "\n★★★★★★|术士 莫斯提马"
  ],
  "_arknights锁与匙的守卫者五星":[
    "\n★★★★★☆|特种 槐琥",
    "\n★★★★★☆|狙击 守林人"
  ],
  "_arknights锁与匙的守卫者四星":[
    "\n★★★★☆☆|狙击 梅"
  ],

  "arknights凝电之钻":[
    "凝电之钻-[韦草/布洛卡]:{%_arknights凝电之钻单}{%_arknights凝电之钻单}{%_arknights凝电之钻单}{%_arknights凝电之钻单}{%_arknights凝电之钻单}{%_arknights凝电之钻单}{%_arknights凝电之钻单}{%_arknights凝电之钻单}{%_arknights凝电之钻单}{%_arknights凝电之钻单}"
  ],
  "_arknights凝电之钻单":[
    "::40::{%_三星干员简}",
    "::50::{%_四星干员简}",
    "::4::{%_arknights凝电之钻五星}",
    "::4::{%_五星干员简}",
    "::1::{%_arknights凝电之钻六星}",
    "::1::{%_六星干员简}"
  ],
  "_arknights凝电之钻六星":[
    "\n★★★★★★|狙击 能天使"
  ],
  "_arknights凝电之钻五星":[
    "\n★★★★★☆|近卫 布洛卡",
    "\n★★★★★☆|先锋 韦草"
  ],

  "arknights热情膨胀爆发":[
    "热情膨胀爆发-[煌]:{%_arknights热情膨胀爆发单}{%_arknights热情膨胀爆发单}{%_arknights热情膨胀爆发单}{%_arknights热情膨胀爆发单}{%_arknights热情膨胀爆发单}{%_arknights热情膨胀爆发单}{%_arknights热情膨胀爆发单}{%_arknights热情膨胀爆发单}{%_arknights热情膨胀爆发单}{%_arknights热情膨胀爆发单}"
  ],
  "_arknights热情膨胀爆发单":[
    "::40::{%_三星干员简}",
    "::10::{%_arknights热情膨胀爆发四星}",
    "::40::{%_四星干员简}",
    "::4::{%_arknights热情膨胀爆发五星}",
    "::4::{%_五星干员简}",
    "::1::{%_arknights热情膨胀爆发六星}",
    "::1::{%_六星干员简}"
  ],
  "_arknights热情膨胀爆发六星":[
    "\n★★★★★★|近卫 煌"
  ],
  "_arknights热情膨胀爆发五星":[
    "\n★★★★★☆|狙击 灰喉",
    "\n★★★★★☆|术士 天火"
  ],
  "_arknights热情膨胀爆发四星":[
    "\n★★★★☆☆|狙击 安比尔"
  ],

  "arknights百种兵器":[
    "百种兵器-[刻俄柏]:{%_arknights百种兵器单}{%_arknights百种兵器单}{%_arknights百种兵器单}{%_arknights百种兵器单}{%_arknights百种兵器单}{%_arknights百种兵器单}{%_arknights百种兵器单}{%_arknights百种兵器单}{%_arknights百种兵器单}{%_arknights百种兵器单}"
  ],
  "_arknights百种兵器单":[
    "::40::{%_三星干员简}",
    "::50::{%_四星干员简}",
    "::4::{%_arknights百种兵器五星}",
    "::4::{%_五星干员简}",
    "::1::{%_arknights百种兵器六星}",
    "::1::{%_六星干员简}"
  ],
  "_arknights百种兵器六星":[
    "\n★★★★★★|术士 刻俄柏"
  ],
  "_arknights百种兵器五星":[
    "\n★★★★★☆|近卫 拉普兰德",
    "\n★★★★★☆|术士 惊蛰"
  ],

  "arknights草垛上的风笛声":[
    "草垛上的风笛声-[风笛]:{%_arknights草垛上的风笛声单}{%_arknights草垛上的风笛声单}{%_arknights草垛上的风笛声单}{%_arknights草垛上的风笛声单}{%_arknights草垛上的风笛声单}{%_arknights草垛上的风笛声单}{%_arknights草垛上的风笛声单}{%_arknights草垛上的风笛声单}{%_arknights草垛上的风笛声单}{%_arknights草垛上的风笛声单}"
  ],
  "_arknights草垛上的风笛声单":[
    "::40::{%_三星干员简}",
    "::10::{%_arknights草垛上的风笛声四星}",
    "::40::{%_四星干员简}",
    "::4::{%_arknights草垛上的风笛声五星}",
    "::4::{%_五星干员简}",
    "::1::{%_arknights草垛上的风笛声六星}",
    "::1::{%_六星干员简}"
  ],
  "_arknights草垛上的风笛声六星":[
    "\n★★★★★★|先锋 风笛"
  ],
  "_arknights草垛上的风笛声五星":[
    "\n★★★★★☆|狙击 慑砂",
    "\n★★★★★☆|先锋 凛冬"
  ],
  "_arknights草垛上的风笛声四星":[
    "\n★★★★☆☆|近卫 宴"
  ],

  "arknights往日幻象":[
    "往日幻象-[傀影]:{%_arknights往日幻象单}{%_arknights往日幻象单}{%_arknights往日幻象单}{%_arknights往日幻象单}{%_arknights往日幻象单}{%_arknights往日幻象单}{%_arknights往日幻象单}{%_arknights往日幻象单}{%_arknights往日幻象单}{%_arknights往日幻象单}"
  ],
  "_arknights往日幻象单":[
    "::40::{%_三星干员简}",
    "::10::{%_arknights往日幻象四星}",
    "::40::{%_四星干员简}",
    "::4::{%_arknights往日幻象五星}",
    "::4::{%_五星干员简}",
    "::1::{%_arknights往日幻象六星}",
    "::1::{%_六星干员简}"
  ],
  "_arknights往日幻象六星":[
    "\n★★★★★★|特种 傀影"
  ],
  "_arknights往日幻象五星":[
    "\n★★★★★☆|辅助 巫恋",
    "\n★★★★★☆|医疗 白面鸮"
  ],
  "_arknights往日幻象四星":[
    "\n★★★★☆☆|近卫 刻刀"
  ],

  "arknights联合行动第二期":[
    "联合行动第二期-[煌/塞雷娅/莫斯提马/赫拉格]:{%_arknights联合行动第二期单}{%_arknights联合行动第二期单}{%_arknights联合行动第二期单}{%_arknights联合行动第二期单}{%_arknights联合行动第二期单}{%_arknights联合行动第二期单}{%_arknights联合行动第二期单}{%_arknights联合行动第二期单}{%_arknights联合行动第二期单}{%_arknights联合行动第二期单}"
  ],
  "_arknights联合行动第二期单":[
    "::20::{%_三星干员简}",
    "::25::{%_四星干员简}",
    "::4::{%_arknights联合行动第二期五星}",
    "::1::{%_arknights联合行动第二期六星}"
  ],
  "_arknights联合行动第二期六星":[
    "\n★★★★★★|近卫 煌",
    "\n★★★★★★|重装 塞雷娅",
    "\n★★★★★★|术士 莫斯提马",
    "\n★★★★★★|近卫 赫拉格"
  ],
  "_arknights联合行动第二期五星":[
    "\n★★★★★☆|重装 临光",
    "\n★★★★★☆|狙击 守林人",
    "\n★★★★★☆|狙击 灰喉",
    "\n★★★★★☆|重装 吽",
    "\n★★★★★☆|狙击 送葬人",
    "\n★★★★★☆|辅助 格劳克斯"
  ],

  "arknights雾漫荒林":[
    "雾漫荒林-[石棉/月禾]:{%_arknights雾漫荒林单}{%_arknights雾漫荒林单}{%_arknights雾漫荒林单}{%_arknights雾漫荒林单}{%_arknights雾漫荒林单}{%_arknights雾漫荒林单}{%_arknights雾漫荒林单}{%_arknights雾漫荒林单}{%_arknights雾漫荒林单}{%_arknights雾漫荒林单}"
  ],
  "_arknights雾漫荒林单":[
    "::20::{%_三星干员简}",
    "::25::{%_四星干员简}",
    "::2::{%_arknights雾漫荒林五星}",
    "::2::{%_五星干员简}",
    "::1::{%_六星干员简}"
  ],
  "_arknights雾漫荒林五星":[
    "\n★★★★★☆|重装 石棉",
    "\n★★★★★☆|辅助 月禾"
  ],

  "arknights雪落晨心":[
    "雪落晨心-[早露]:{%_arknights雪落晨心单}{%_arknights雪落晨心单}{%_arknights雪落晨心单}{%_arknights雪落晨心单}{%_arknights雪落晨心单}{%_arknights雪落晨心单}{%_arknights雪落晨心单}{%_arknights雪落晨心单}{%_arknights雪落晨心单}{%_arknights雪落晨心单}"
  ],
  "_arknights雪落晨心单":[
    "::40::{%_三星干员简}",
    "::10::{%_arknights雪落晨心四星}",
    "::40::{%_四星干员简}",
    "::4::{%_arknights雪落晨心五星}",
    "::4::{%_五星干员简}",
    "::1::{%_arknights雪落晨心六星}",
    "::1::{%_六星干员简}"
  ],
  "_arknights雪落晨心六星":[
    "\n★★★★★★|狙击 早露"
  ],
  "_arknights雪落晨心五星":[
    "\n★★★★★☆|术士 莱恩哈特",
    "\n★★★★★☆|辅助 真理"
  ],
  "_arknights雪落晨心四星":[
    "\n★★★★☆☆|辅助 波登可"
  ],

  "arknights君影轻灵":[
    "君影轻灵-[铃兰]:{%_arknights君影轻灵单}{%_arknights君影轻灵单}{%_arknights君影轻灵单}{%_arknights君影轻灵单}{%_arknights君影轻灵单}{%_arknights君影轻灵单}{%_arknights君影轻灵单}{%_arknights君影轻灵单}{%_arknights君影轻灵单}{%_arknights君影轻灵单}"
  ],
  "_arknights君影轻灵单":[
    "::40::{%_三星干员简}",
    "::10::{%_arknights君影轻灵四星}",
    "::40::{%_四星干员简}",
    "::4::{%_arknights君影轻灵五星}",
    "::4::{%_五星干员简}",
    "::1::{%_arknights君影轻灵六星}",
    "::1::{%_六星干员简}"
  ],
  "_arknights君影轻灵六星":[
    "\n★★★★★★|辅助 铃兰"
  ],
  "_arknights君影轻灵五星":[
    "\n★★★★★☆|近卫 断崖",
    "\n★★★★★☆|术士 夜魔"
  ],
  "_arknights君影轻灵四星":[
    "\n★★★★☆☆|术士 卡达"
  ],

  "arknights流沙涡旋":[
    "流沙涡旋-[蜜蜡/贾维]:{%_arknights流沙涡旋单}{%_arknights流沙涡旋单}{%_arknights流沙涡旋单}{%_arknights流沙涡旋单}{%_arknights流沙涡旋单}{%_arknights流沙涡旋单}{%_arknights流沙涡旋单}{%_arknights流沙涡旋单}{%_arknights流沙涡旋单}{%_arknights流沙涡旋单}"
  ],
  "_arknights流沙涡旋单":[
    "::20::{%_三星干员简}",
    "::25::{%_四星干员简}",
    "::2::{%_arknights流沙涡旋五星}",
    "::2::{%_五星干员简}",
    "::1::{%_六星干员简}"
  ],
  "_arknights流沙涡旋五星":[
    "\n★★★★★☆|术士 蜜蜡",
    "\n★★★★★☆|先锋 贾维"
  ],

  "arknights不羁逆流":[
    "不羁逆流-[棘刺]:{%_arknights不羁逆流单}{%_arknights不羁逆流单}{%_arknights不羁逆流单}{%_arknights不羁逆流单}{%_arknights不羁逆流单}{%_arknights不羁逆流单}{%_arknights不羁逆流单}{%_arknights不羁逆流单}{%_arknights不羁逆流单}{%_arknights不羁逆流单}"
  ],
  "_arknights不羁逆流单":[
    "::40::{%_三星干员简}",
    "::10::{%_arknights不羁逆流四星}",
    "::40::{%_四星干员简}",
    "::4::{%_arknights不羁逆流五星}",
    "::4::{%_五星干员简}",
    "::1::{%_arknights不羁逆流六星}",
    "::1::{%_六星干员简}"
  ],
  "_arknights不羁逆流六星":[
    "\n★★★★★★|近卫 棘刺"
  ],
  "_arknights不羁逆流五星":[
    "\n★★★★★☆|狙击 安哲拉",
    "\n★★★★★☆|狙击 普罗旺斯"
  ],
  "_arknights不羁逆流四星":[
    "\n★★★★☆☆|特种 孑"
  ],

  "arknights燃钢之心暴躁铁皮":[
    "燃钢之心暴躁铁皮-[森蚺]:{%_arknights燃钢之心暴躁铁皮单}{%_arknights燃钢之心暴躁铁皮单}{%_arknights燃钢之心暴躁铁皮单}{%_arknights燃钢之心暴躁铁皮单}{%_arknights燃钢之心暴躁铁皮单}{%_arknights燃钢之心暴躁铁皮单}{%_arknights燃钢之心暴躁铁皮单}{%_arknights燃钢之心暴躁铁皮单}{%_arknights燃钢之心暴躁铁皮单}{%_arknights燃钢之心暴躁铁皮单}"
  ],
  "_arknights燃钢之心暴躁铁皮单":[
    "::40::{%_三星干员简}",
    "::10::{%_arknights燃钢之心暴躁铁皮四星}",
    "::40::{%_四星干员简}",
    "::4::{%_arknights燃钢之心暴躁铁皮五星}",
    "::4::{%_五星干员简}",
    "::1::{%_arknights燃钢之心暴躁铁皮六星}",
    "::1::{%_六星干员简}"
  ],
  "_arknights燃钢之心暴躁铁皮六星":[
    "\n★★★★★★|重装 森蚺"
  ],
  "_arknights燃钢之心暴躁铁皮五星":[
    "\n★★★★★☆|近卫 燧石",
    "\n★★★★★☆|狙击 陨星"
  ],
  "_arknights燃钢之心暴躁铁皮四星":[
    "\n★★★★☆☆|狙击 酸糖"
  ],

  "arknights不羁逆流返场":[
    "不羁逆流(返场)-[棘刺]:{%_arknights不羁逆流单}{%_arknights不羁逆流单}{%_arknights不羁逆流单}{%_arknights不羁逆流单}{%_arknights不羁逆流单}{%_arknights不羁逆流单}{%_arknights不羁逆流单}{%_arknights不羁逆流单}{%_arknights不羁逆流单}{%_arknights不羁逆流单}"
  ],

  "arknights燃钢之心暴躁铁皮返场":[
    "燃钢之心暴躁铁皮(返场)-[森蚺]:{%_arknights燃钢之心暴躁铁皮单}{%_arknights燃钢之心暴躁铁皮单}{%_arknights燃钢之心暴躁铁皮单}{%_arknights燃钢之心暴躁铁皮单}{%_arknights燃钢之心暴躁铁皮单}{%_arknights燃钢之心暴躁铁皮单}{%_arknights燃钢之心暴躁铁皮单}{%_arknights燃钢之心暴躁铁皮单}{%_arknights燃钢之心暴躁铁皮单}{%_arknights燃钢之心暴躁铁皮单}"
  ],

  "arknights无拘熔火":[
    "无拘熔火-[史尔特尔]:{%_arknights无拘熔火单}{%_arknights无拘熔火单}{%_arknights无拘熔火单}{%_arknights无拘熔火单}{%_arknights无拘熔火单}{%_arknights无拘熔火单}{%_arknights无拘熔火单}{%_arknights无拘熔火单}{%_arknights无拘熔火单}{%_arknights无拘熔火单}"
  ],
  "_arknights无拘熔火单":[
    "::40::{%_三星干员简}",
    "::10::{%_arknights无拘熔火四星}",
    "::40::{%_四星干员简}",
    "::4::{%_arknights无拘熔火五星}",
    "::4::{%_五星干员简}",
    "::1::{%_arknights无拘熔火六星}",
    "::1::{%_六星干员简}"
  ],
  "_arknights无拘熔火六星":[
    "\n★★★★★★|近卫 史尔特尔"
  ],
  "_arknights无拘熔火五星":[
    "\n★★★★★☆|狙击 四月",
    "\n★★★★★☆|先锋 极境"
  ],
  "_arknights无拘熔火四星":[
    "\n★★★★☆☆|近卫 芳汀"
  ],

  "arknights搅动潮汐之剑复刻":[
    "搅动潮汐之剑(复刻)-[斯卡蒂]:{%_arknights搅动潮汐之剑单}{%_arknights搅动潮汐之剑单}{%_arknights搅动潮汐之剑单}{%_arknights搅动潮汐之剑单}{%_arknights搅动潮汐之剑单}{%_arknights搅动潮汐之剑单}{%_arknights搅动潮汐之剑单}{%_arknights搅动潮汐之剑单}{%_arknights搅动潮汐之剑单}{%_arknights搅动潮汐之剑单}"
  ],

  "arknights瑕光微明":[
    "瑕光微明-[瑕光]:{%_arknights瑕光微明单}{%_arknights瑕光微明单}{%_arknights瑕光微明单}{%_arknights瑕光微明单}{%_arknights瑕光微明单}{%_arknights瑕光微明单}{%_arknights瑕光微明单}{%_arknights瑕光微明单}{%_arknights瑕光微明单}{%_arknights瑕光微明单}"
  ],
  "_arknights瑕光微明单":[
    "::40::{%_三星干员简}",
    "::10::{%_arknights瑕光微明四星}",
    "::40::{%_四星干员简}",
    "::4::{%_arknights瑕光微明五星}",
    "::4::{%_五星干员简}",
    "::1::{%_arknights瑕光微明六星}",
    "::1::{%_六星干员简}"
  ],
  "_arknights瑕光微明六星":[
    "\n★★★★★★|重装 瑕光"
  ],
  "_arknights瑕光微明五星":[
    "\n★★★★★☆|狙击 白金",
    "\n★★★★★☆|狙击 奥斯塔"
  ],
  "_arknights瑕光微明四星":[
    "\n★★★★☆☆|重装 泡泡"
  ],

  "arknights联合行动第三期":[
    "联合行动第三期-[星熊/阿/刻俄柏/风笛]:{%_arknights联合行动第三期单}{%_arknights联合行动第三期单}{%_arknights联合行动第三期单}{%_arknights联合行动第三期单}{%_arknights联合行动第三期单}{%_arknights联合行动第三期单}{%_arknights联合行动第三期单}{%_arknights联合行动第三期单}{%_arknights联合行动第三期单}{%_arknights联合行动第三期单}"
  ],
  "_arknights联合行动第三期单":[
    "::20::{%_三星干员简}",
    "::25::{%_四星干员简}",
    "::4::{%_arknights联合行动第三期五星}",
    "::1::{%_arknights联合行动第三期六星}"
  ],
  "_arknights联合行动第三期六星":[
    "\n★★★★★★|重装 星熊",
    "\n★★★★★★|特种 阿",
    "\n★★★★★★|术士 刻俄柏",
    "\n★★★★★★|先锋 风笛"
  ],
  "_arknights联合行动第三期五星":[
    "\n★★★★★☆|狙击 蓝毒",
    "\n★★★★★☆|辅助 真理",
    "\n★★★★★☆|医疗 华法琳",
    "\n★★★★★☆|近卫 星极",
    "\n★★★★★☆|近卫 布洛卡",
    "\n★★★★★☆|重装 石棉"
  ],

  "arknights锁与匙的守卫者复刻":[
    "锁与匙的守卫者-[莫斯提马]:{%_arknights锁与匙的守卫者单}{%_arknights锁与匙的守卫者单}{%_arknights锁与匙的守卫者单}{%_arknights锁与匙的守卫者单}{%_arknights锁与匙的守卫者单}{%_arknights锁与匙的守卫者单}{%_arknights锁与匙的守卫者单}{%_arknights锁与匙的守卫者单}{%_arknights锁与匙的守卫者单}{%_arknights锁与匙的守卫者单}"
  ],

  "arknights自由的囚徒":[
    "自由的囚徒-[山]:{%_arknights自由的囚徒单}{%_arknights自由的囚徒单}{%_arknights自由的囚徒单}{%_arknights自由的囚徒单}{%_arknights自由的囚徒单}{%_arknights自由的囚徒单}{%_arknights自由的囚徒单}{%_arknights自由的囚徒单}{%_arknights自由的囚徒单}{%_arknights自由的囚徒单}"
  ],
  "_arknights自由的囚徒单":[
    "::40::{%_三星干员简}",
    "::10::{%_arknights自由的囚徒四星}",
    "::40::{%_四星干员简}",
    "::4::{%_arknights自由的囚徒五星}",
    "::4::{%_五星干员简}",
    "::1::{%_arknights自由的囚徒六星}",
    "::1::{%_六星干员简}"
  ],
  "_arknights自由的囚徒六星":[
    "\n★★★★★★|近卫 山"
  ],
  "_arknights自由的囚徒五星":[
    "\n★★★★★☆|医疗 赫默",
    "\n★★★★★☆|特种 卡夫卡"
  ],
  "_arknights自由的囚徒四星":[
    "\n★★★★☆☆|狙击 松果"
  ],

  "arknights麦穗与赞美诗":[
  "麦穗与赞美诗-[空弦]:{%_arknights麦穗与赞美诗单}{%_arknights麦穗与赞美诗单}{%_arknights麦穗与赞美诗单}{%_arknights麦穗与赞美诗单}{%_arknights麦穗与赞美诗单}{%_arknights麦穗与赞美诗单}{%_arknights麦穗与赞美诗单}{%_arknights麦穗与赞美诗单}{%_arknights麦穗与赞美诗单}{%_arknights麦穗与赞美诗单}"
  ],
  "_arknights麦穗与赞美诗单":[
    "::40::{%_三星干员简}",
    "::10::{%_arknights麦穗与赞美诗四星}",
    "::40::{%_四星干员简}",
    "::4::{%_arknights麦穗与赞美诗五星}",
    "::4::{%_五星干员简}",
    "::1::{%_arknights麦穗与赞美诗六星}",
    "::1::{%_六星干员简}"
  ],
  "_arknights麦穗与赞美诗六星":[
    "\n★★★★★★|狙击 空弦"
  ],
  "_arknights麦穗与赞美诗五星":[
    "\n★★★★★☆|先锋 贾维",
    "\n★★★★★☆|术士 爱丽丝"
  ],
  "_arknights麦穗与赞美诗四星":[
    "\n★★★★☆☆|先锋 豆苗"
  ],



  "arknights轮换零一":[
    "轮换01-[安洁莉娜/能天使]:{%_arknights轮换零一单}{%_arknights轮换零一单}{%_arknights轮换零一单}{%_arknights轮换零一单}{%_arknights轮换零一单}{%_arknights轮换零一单}{%_arknights轮换零一单}{%_arknights轮换零一单}{%_arknights轮换零一单}{%_arknights轮换零一单}"
  ],
  "_arknights轮换零一单":[
    "::40::{%_三星干员简}",
    "::50::{%_四星干员简}",
    "::4::{%_arknights轮换零一五星}",
    "::4::{%_五星干员简}",
    "::1::{%_arknights轮换零一六星}",
    "::1::{%_六星干员简}"
  ],
  "_arknights轮换零一六星":[
    "\n★★★★★★|狙击 能天使",
    "\n★★★★★★|辅助 安洁莉娜"
  ],
  "_arknights轮换零一五星":[
    "\n★★★★★☆|重装 可颂",
    "\n★★★★★☆|术士 天火",
    "\n★★★★★☆|先锋 凛冬"
  ],

  "arknights轮换零二":[
    "轮换02-[推进之王/夜莺]:{%_arknights轮换零二单}{%_arknights轮换零二单}{%_arknights轮换零二单}{%_arknights轮换零二单}{%_arknights轮换零二单}{%_arknights轮换零二单}{%_arknights轮换零二单}{%_arknights轮换零二单}{%_arknights轮换零二单}{%_arknights轮换零二单}"
  ],
  "_arknights轮换零二单":[
    "::40::{%_三星干员简}",
    "::50::{%_四星干员简}",
    "::4::{%_arknights轮换零二五星}",
    "::4::{%_五星干员简}",
    "::1::{%_arknights轮换零二六星}",
    "::1::{%_六星干员简}"
  ],
  "_arknights轮换零二六星":[
    "\n★★★★★★|医疗 夜莺",
    "\n★★★★★★|先锋 推进之王"
  ],
  "_arknights轮换零二五星":[
    "\n★★★★★☆|先锋 德克萨斯",
    "\n★★★★★☆|狙击 白金",
    "\n★★★★★☆|近卫 芙兰卡"
  ],

  "arknights轮换零三":[
    "轮换03-[伊芙利特/艾雅法拉]:{%_arknights轮换零三单}{%_arknights轮换零三单}{%_arknights轮换零三单}{%_arknights轮换零三单}{%_arknights轮换零三单}{%_arknights轮换零三单}{%_arknights轮换零三单}{%_arknights轮换零三单}{%_arknights轮换零三单}{%_arknights轮换零三单}"
  ],
  "_arknights轮换零三单":[
    "::40::{%_三星干员简}",
    "::50::{%_四星干员简}",
    "::4::{%_arknights轮换零三五星}",
    "::4::{%_五星干员简}",
    "::1::{%_arknights轮换零三六星}",
    "::1::{%_六星干员简}"
  ],
  "_arknights轮换零三六星":[
    "\n★★★★★★|术士 伊芙利特",
    "\n★★★★★★|术士 艾雅法拉"
  ],
  "_arknights轮换零三五星":[
    "\n★★★★★☆|近卫 拉普兰德",
    "\n★★★★★☆|辅助 梅尔",
    "\n★★★★★☆|医疗 赫默"
  ],

  "arknights轮换零四":[
    "轮换04-[塞雷娅/闪灵]:{%_arknights轮换零四单}{%_arknights轮换零四单}{%_arknights轮换零四单}{%_arknights轮换零四单}{%_arknights轮换零四单}{%_arknights轮换零四单}{%_arknights轮换零四单}{%_arknights轮换零四单}{%_arknights轮换零四单}{%_arknights轮换零四单}"
  ],
  "_arknights轮换零四单":[
    "::40::{%_三星干员简}",
    "::50::{%_四星干员简}",
    "::4::{%_arknights轮换零四五星}",
    "::4::{%_五星干员简}",
    "::1::{%_arknights轮换零四六星}",
    "::1::{%_六星干员简}"
  ],
  "_arknights轮换零四六星":[
    "\n★★★★★★|重装 塞雷娅",
    "\n★★★★★★|医疗 闪灵"
  ],
  "_arknights轮换零四五星":[
    "\n★★★★★☆|近卫 幽灵鲨",
    "\n★★★★★☆|辅助 真理",
    "\n★★★★★☆|特种 红"
  ],

  "arknights轮换零五":[
    "轮换05-[夜莺/银灰]:{%_arknights轮换零五单}{%_arknights轮换零五单}{%_arknights轮换零五单}{%_arknights轮换零五单}{%_arknights轮换零五单}{%_arknights轮换零五单}{%_arknights轮换零五单}{%_arknights轮换零五单}{%_arknights轮换零五单}{%_arknights轮换零五单}"
  ],
  "_arknights轮换零五单":[
    "::40::{%_三星干员简}",
    "::50::{%_四星干员简}",
    "::4::{%_arknights轮换零五五星}",
    "::4::{%_五星干员简}",
    "::1::{%_arknights轮换零五六星}",
    "::1::{%_六星干员简}"
  ],
  "_arknights轮换零五六星":[
    "\n★★★★★★|医疗 夜莺",
    "\n★★★★★★|近卫 银灰"
  ],
  "_arknights轮换零五五星":[
    "\n★★★★★☆|狙击 蓝毒",
    "\n★★★★★☆|辅助 空",
    "\n★★★★★☆|医疗 白面鸮"
  ],

  "arknights轮换零六":[
    "轮换06-[推进之王/安洁莉娜]:{%_arknights轮换零六单}{%_arknights轮换零六单}{%_arknights轮换零六单}{%_arknights轮换零六单}{%_arknights轮换零六单}{%_arknights轮换零六单}{%_arknights轮换零六单}{%_arknights轮换零六单}{%_arknights轮换零六单}{%_arknights轮换零六单}"
  ],
  "_arknights轮换零六单":[
    "::40::{%_三星干员简}",
    "::50::{%_四星干员简}",
    "::4::{%_arknights轮换零六五星}",
    "::4::{%_五星干员简}",
    "::1::{%_arknights轮换零六六星}",
    "::1::{%_六星干员简}"
  ],
  "_arknights轮换零六六星":[
    "\n★★★★★★|先锋 推进之王",
    "\n★★★★★★|辅助 安洁莉娜"
  ],
  "_arknights轮换零六五星":[
    "\n★★★★★☆|医疗 华法琳",
    "\n★★★★★☆|特种 狮蝎",
    "\n★★★★★☆|狙击 守林人"
  ],

  "arknights轮换零七":[
    "轮换07-[塞雷娅/艾雅法拉]:{%_arknights轮换零七单}{%_arknights轮换零七单}{%_arknights轮换零七单}{%_arknights轮换零七单}{%_arknights轮换零七单}{%_arknights轮换零七单}{%_arknights轮换零七单}{%_arknights轮换零七单}{%_arknights轮换零七单}{%_arknights轮换零七单}"
  ],
  "_arknights轮换零七单":[
    "::40::{%_三星干员简}",
    "::50::{%_四星干员简}",
    "::4::{%_arknights轮换零七五星}",
    "::4::{%_五星干员简}",
    "::1::{%_arknights轮换零七六星}",
    "::1::{%_六星干员简}"
  ],
  "_arknights轮换零七六星":[
    "\n★★★★★★|重装 塞雷娅",
    "\n★★★★★★|术士 艾雅法拉"
  ],
  "_arknights轮换零七五星":[
    "\n★★★★★☆|特种 红",
    "\n★★★★★☆|狙击 普罗旺斯",
    "\n★★★★★☆|近卫 芙兰卡"
  ],

  "arknights轮换零八":[
    "轮换08-[能天使/伊芙利特]:{%_arknights轮换零八单}{%_arknights轮换零八单}{%_arknights轮换零八单}{%_arknights轮换零八单}{%_arknights轮换零八单}{%_arknights轮换零八单}{%_arknights轮换零八单}{%_arknights轮换零八单}{%_arknights轮换零八单}{%_arknights轮换零八单}"
  ],
  "_arknights轮换零八单":[
    "::40::{%_三星干员简}",
    "::50::{%_四星干员简}",
    "::4::{%_arknights轮换零八五星}",
    "::4::{%_五星干员简}",
    "::1::{%_arknights轮换零八六星}",
    "::1::{%_六星干员简}"
  ],
  "_arknights轮换零八六星":[
    "\n★★★★★★|狙击 能天使",
    "\n★★★★★★|术士 伊芙利特"
  ],
  "_arknights轮换零八五星":[
    "\n★★★★★☆|辅助 初雪",
    "\n★★★★★☆|先锋 凛冬",
    "\n★★★★★☆|狙击 白金"
  ],

  "arknights轮换零九":[
    "轮换09-[闪灵/斯卡蒂]:{%_arknights轮换零九单}{%_arknights轮换零九单}{%_arknights轮换零九单}{%_arknights轮换零九单}{%_arknights轮换零九单}{%_arknights轮换零九单}{%_arknights轮换零九单}{%_arknights轮换零九单}{%_arknights轮换零九单}{%_arknights轮换零九单}"
  ],
  "_arknights轮换零九单":[
    "::40::{%_三星干员简}",
    "::50::{%_四星干员简}",
    "::4::{%_arknights轮换零九五星}",
    "::4::{%_五星干员简}",
    "::1::{%_arknights轮换零九六星}",
    "::1::{%_六星干员简}"
  ],
  "_arknights轮换零九六星":[
    "\n★★★★★★|医疗 闪灵",
    "\n★★★★★★|近卫 斯卡蒂"
  ],
  "_arknights轮换零九五星":[
    "\n★★★★★☆|术士 天火",
    "\n★★★★★☆|特种 崖心",
    "\n★★★★★☆|重装 临光"
  ],

  "arknights轮换一零":[
    "轮换10-[安洁莉娜/星熊]:{%_arknights轮换一零单}{%_arknights轮换一零单}{%_arknights轮换一零单}{%_arknights轮换一零单}{%_arknights轮换一零单}{%_arknights轮换一零单}{%_arknights轮换一零单}{%_arknights轮换一零单}{%_arknights轮换一零单}{%_arknights轮换一零单}"
  ],
  "_arknights轮换一零单":[
    "::40::{%_三星干员简}",
    "::50::{%_四星干员简}",
    "::4::{%_arknights轮换一零五星}",
    "::4::{%_五星干员简}",
    "::1::{%_arknights轮换一零六星}",
    "::1::{%_六星干员简}"
  ],
  "_arknights轮换一零六星":[
    "\n★★★★★★|辅助 安洁莉娜",
    "\n★★★★★★|重装 星熊"
  ],
  "_arknights轮换一零五星":[
    "\n★★★★★☆|医疗 白面鸮",
    "\n★★★★★☆|近卫 拉普兰德",
    "\n★★★★★☆|辅助 空"
  ],

  "arknights轮换一一":[
    "轮换11-[推进之王/能天使]:{%_arknights轮换一一单}{%_arknights轮换一一单}{%_arknights轮换一一单}{%_arknights轮换一一单}{%_arknights轮换一一单}{%_arknights轮换一一单}{%_arknights轮换一一单}{%_arknights轮换一一单}{%_arknights轮换一一单}{%_arknights轮换一一单}"
  ],
  "_arknights轮换一一单":[
    "::40::{%_三星干员简}",
    "::50::{%_四星干员简}",
    "::4::{%_arknights轮换一一五星}",
    "::4::{%_五星干员简}",
    "::1::{%_arknights轮换一一六星}",
    "::1::{%_六星干员简}"
  ],
  "_arknights轮换一一六星":[
    "\n★★★★★★|先锋 推进之王",
    "\n★★★★★★|狙击 能天使"
  ],
  "_arknights轮换一一五星":[
    "\n★★★★★☆|狙击 守林人",
    "\n★★★★★☆|术士 夜魔",
    "\n★★★★★☆|辅助 德克萨斯"
  ],

  "arknights轮换一二":[
    "轮换12-[银灰/伊芙利特]:{%_arknights轮换一二单}{%_arknights轮换一二单}{%_arknights轮换一二单}{%_arknights轮换一二单}{%_arknights轮换一二单}{%_arknights轮换一二单}{%_arknights轮换一二单}{%_arknights轮换一二单}{%_arknights轮换一二单}{%_arknights轮换一二单}"
  ],
  "_arknights轮换一二单":[
    "::40::{%_三星干员简}",
    "::50::{%_四星干员简}",
    "::4::{%_arknights轮换一二五星}",
    "::4::{%_五星干员简}",
    "::1::{%_arknights轮换一二六星}",
    "::1::{%_六星干员简}"
  ],
  "_arknights轮换一二六星":[
    "\n★★★★★★|近卫 银灰",
    "\n★★★★★★|术士 伊芙利特"
  ],
  "_arknights轮换一二五星":[
    "\n★★★★★☆|重装 雷蛇",
    "\n★★★★★☆|辅助 梅尔",
    "\n★★★★★☆|医疗 华法琳"
  ],

  "arknights轮换一三":[
    "轮换13-[塞雷娅/斯卡蒂]:{%_arknights轮换一三单}{%_arknights轮换一三单}{%_arknights轮换一三单}{%_arknights轮换一三单}{%_arknights轮换一三单}{%_arknights轮换一三单}{%_arknights轮换一三单}{%_arknights轮换一三单}{%_arknights轮换一三单}{%_arknights轮换一三单}"
  ],
  "_arknights轮换一三单":[
    "::40::{%_三星干员简}",
    "::50::{%_四星干员简}",
    "::4::{%_arknights轮换一三五星}",
    "::4::{%_五星干员简}",
    "::1::{%_arknights轮换一三六星}",
    "::1::{%_六星干员简}"
  ],
  "_arknights轮换一三六星":[
    "\n★★★★★★|重装 塞雷娅",
    "\n★★★★★★|近卫 斯卡蒂"
  ],
  "_arknights轮换一三五星":[
    "\n★★★★★☆|狙击 陨星",
    "\n★★★★★☆|特种 食铁兽",
    "\n★★★★★☆|辅助 真理"
  ],

  "arknights轮换一四":[
    "轮换14-[闪灵/夜莺]:{%_arknights轮换一四单}{%_arknights轮换一四单}{%_arknights轮换一四单}{%_arknights轮换一四单}{%_arknights轮换一四单}{%_arknights轮换一四单}{%_arknights轮换一四单}{%_arknights轮换一四单}{%_arknights轮换一四单}{%_arknights轮换一四单}"
  ],
  "_arknights轮换一四单":[
    "::40::{%_三星干员简}",
    "::50::{%_四星干员简}",
    "::4::{%_arknights轮换一四五星}",
    "::4::{%_五星干员简}",
    "::1::{%_arknights轮换一四六星}",
    "::1::{%_六星干员简}"
  ],
  "_arknights轮换一四六星":[
    "\n★★★★★★|医疗 闪灵",
    "\n★★★★★★|医疗 夜莺"
  ],
  "_arknights轮换一四五星":[
    "\n★★★★★☆|重装 临光",
    "\n★★★★★☆|辅助 初雪",
    "\n★★★★★☆|近卫 拉普兰德"
  ],

  "arknights轮换一五":[
    "轮换15-[星熊/推进之王]:{%_arknights轮换一五单}{%_arknights轮换一五单}{%_arknights轮换一五单}{%_arknights轮换一五单}{%_arknights轮换一五单}{%_arknights轮换一五单}{%_arknights轮换一五单}{%_arknights轮换一五单}{%_arknights轮换一五单}{%_arknights轮换一五单}"
  ],
  "_arknights轮换一五单":[
    "::40::{%_三星干员简}",
    "::50::{%_四星干员简}",
    "::4::{%_arknights轮换一五五星}",
    "::4::{%_五星干员简}",
    "::1::{%_arknights轮换一五六星}",
    "::1::{%_六星干员简}"
  ],
  "_arknights轮换一五六星":[
    "\n★★★★★★|重装 星熊",
    "\n★★★★★★|先锋 推进之王"
  ],
  "_arknights轮换一五五星":[
    "\n★★★★★☆|辅助 空",
    "\n★★★★★☆|辅助 格劳克斯",
    "\n★★★★★☆|狙击 蓝毒"
  ],

  "arknights轮换一六":[
    "轮换16-[伊芙利特/塞雷娅]:{%_arknights轮换一六单}{%_arknights轮换一六单}{%_arknights轮换一六单}{%_arknights轮换一六单}{%_arknights轮换一六单}{%_arknights轮换一六单}{%_arknights轮换一六单}{%_arknights轮换一六单}{%_arknights轮换一六单}{%_arknights轮换一六单}"
  ],
  "_arknights轮换一六单":[
    "::40::{%_三星干员简}",
    "::50::{%_四星干员简}",
    "::4::{%_arknights轮换一六五星}",
    "::4::{%_五星干员简}",
    "::1::{%_arknights轮换一六六星}",
    "::1::{%_六星干员简}"
  ],
  "_arknights轮换一六六星":[
    "\n★★★★★★|术士 伊芙利特",
    "\n★★★★★★|重装 塞雷娅"
  ],
  "_arknights轮换一六五星":[
    "\n★★★★★☆|辅助 梅尔",
    "\n★★★★★☆|先锋 凛冬",
    "\n★★★★★☆|特种 红"
  ],

  "arknights轮换一七":[
    "轮换17-[夜莺/黑]:{%_arknights轮换一七单}{%_arknights轮换一七单}{%_arknights轮换一七单}{%_arknights轮换一七单}{%_arknights轮换一七单}{%_arknights轮换一七单}{%_arknights轮换一七单}{%_arknights轮换一七单}{%_arknights轮换一七单}{%_arknights轮换一七单}"
  ],
  "_arknights轮换一七单":[
    "::40::{%_三星干员简}",
    "::50::{%_四星干员简}",
    "::4::{%_arknights轮换一七五星}",
    "::4::{%_五星干员简}",
    "::1::{%_arknights轮换一七六星}",
    "::1::{%_六星干员简}"
  ],
  "_arknights轮换一七六星":[
    "\n★★★★★★|医疗 夜莺",
    "\n★★★★★★|狙击 黑"
  ],
  "_arknights轮换一七五星":[
    "\n★★★★★☆|狙击 白金",
    "\n★★★★★☆|近卫 星极",
    "\n★★★★★☆|特种 崖心"
  ],

  "arknights轮换一八":[
    "轮换18-[安洁莉娜/银灰]:{%_arknights轮换一八单}{%_arknights轮换一八单}{%_arknights轮换一八单}{%_arknights轮换一八单}{%_arknights轮换一八单}{%_arknights轮换一八单}{%_arknights轮换一八单}{%_arknights轮换一八单}{%_arknights轮换一八单}{%_arknights轮换一八单}"
  ],
  "_arknights轮换一八单":[
    "::40::{%_三星干员简}",
    "::50::{%_四星干员简}",
    "::4::{%_arknights轮换一八五星}",
    "::4::{%_五星干员简}",
    "::1::{%_arknights轮换一八六星}",
    "::1::{%_六星干员简}"
  ],
  "_arknights轮换一八六星":[
    "\n★★★★★★|辅助 安洁莉娜",
    "\n★★★★★★|近卫 银灰"
  ],
  "_arknights轮换一八五星":[
    "\n★★★★★☆|近卫 芙兰卡",
    "\n★★★★★☆|辅助 初雪",
    "\n★★★★★☆|特种 食铁兽"
  ],

  "arknights轮换一九":[
    "轮换19-[闪灵/赫拉格]:{%_arknights轮换一九单}{%_arknights轮换一九单}{%_arknights轮换一九单}{%_arknights轮换一九单}{%_arknights轮换一九单}{%_arknights轮换一九单}{%_arknights轮换一九单}{%_arknights轮换一九单}{%_arknights轮换一九单}{%_arknights轮换一九单}"
  ],
  "_arknights轮换一九单":[
    "::40::{%_三星干员简}",
    "::50::{%_四星干员简}",
    "::4::{%_arknights轮换一九五星}",
    "::4::{%_五星干员简}",
    "::1::{%_arknights轮换一九六星}",
    "::1::{%_六星干员简}"
  ],
  "_arknights轮换一九六星":[
    "\n★★★★★★|医疗 闪灵",
    "\n★★★★★★|近卫 赫拉格"
  ],
  "_arknights轮换一九五星":[
    "\n★★★★★☆|特种 狮蝎",
    "\n★★★★★☆|先锋 凛冬",
    "\n★★★★★☆|医疗 华法琳"
  ],

  "arknights轮换二零":[
    "轮换20-[推进之王/陈]:{%_arknights轮换二零单}{%_arknights轮换二零单}{%_arknights轮换二零单}{%_arknights轮换二零单}{%_arknights轮换二零单}{%_arknights轮换二零单}{%_arknights轮换二零单}{%_arknights轮换二零单}{%_arknights轮换二零单}{%_arknights轮换二零单}"
  ],
  "_arknights轮换二零单":[
    "::40::{%_三星干员简}",
    "::50::{%_四星干员简}",
    "::4::{%_arknights轮换二零五星}",
    "::4::{%_五星干员简}",
    "::1::{%_arknights轮换二零六星}",
    "::1::{%_六星干员简}"
  ],
  "_arknights轮换二零六星":[
    "\n★★★★★★|先锋 推进之王",
    "\n★★★★★★|近卫 陈"
  ],
  "_arknights轮换二零五星":[
    "\n★★★★★☆|辅助 真理",
    "\n★★★★★☆|重装 雷蛇",
    "\n★★★★★☆|先锋 德克萨斯"
  ],

  "arknights轮换二一":[
    "轮换21-[艾雅法拉/斯卡蒂]:{%_arknights轮换二一单}{%_arknights轮换二一单}{%_arknights轮换二一单}{%_arknights轮换二一单}{%_arknights轮换二一单}{%_arknights轮换二一单}{%_arknights轮换二一单}{%_arknights轮换二一单}{%_arknights轮换二一单}{%_arknights轮换二一单}"
  ],
  "_arknights轮换二一单":[
    "::40::{%_三星干员简}",
    "::50::{%_四星干员简}",
    "::4::{%_arknights轮换二一五星}",
    "::4::{%_五星干员简}",
    "::1::{%_arknights轮换二一六星}",
    "::1::{%_六星干员简}"
  ],
  "_arknights轮换二一六星":[
    "\n★★★★★★|术士 艾雅法拉",
    "\n★★★★★★|近卫 斯卡蒂"
  ],
  "_arknights轮换二一五星":[
    "\n★★★★★☆|医疗 赫默",
    "\n★★★★★☆|术士 夜魔",
    "\n★★★★★☆|近卫 诗怀雅"
  ],

  "arknights轮换二二":[
    "轮换22-[星熊/麦哲伦]:{%_arknights轮换二二单}{%_arknights轮换二二单}{%_arknights轮换二二单}{%_arknights轮换二二单}{%_arknights轮换二二单}{%_arknights轮换二二单}{%_arknights轮换二二单}{%_arknights轮换二二单}{%_arknights轮换二二单}{%_arknights轮换二二单}"
  ],
  "_arknights轮换二二单":[
    "::40::{%_三星干员简}",
    "::50::{%_四星干员简}",
    "::4::{%_arknights轮换二二五星}",
    "::4::{%_五星干员简}",
    "::1::{%_arknights轮换二二六星}",
    "::1::{%_六星干员简}"
  ],
  "_arknights轮换二二六星":[
    "\n★★★★★★|重装 星熊",
    "\n★★★★★★|辅助 麦哲伦"
  ],
  "_arknights轮换二二五星":[
    "\n★★★★★☆|特种 红",
    "\n★★★★★☆|狙击 送葬人",
    "\n★★★★★☆|医疗 白面鸮"
  ],

  "arknights轮换二三":[
    "轮换23-[塞雷娅/银灰]:{%_arknights轮换二三单}{%_arknights轮换二三单}{%_arknights轮换二三单}{%_arknights轮换二三单}{%_arknights轮换二三单}{%_arknights轮换二三单}{%_arknights轮换二三单}{%_arknights轮换二三单}{%_arknights轮换二三单}{%_arknights轮换二三单}"
  ],
  "_arknights轮换二三单":[
    "::40::{%_三星干员简}",
    "::50::{%_四星干员简}",
    "::4::{%_arknights轮换二三五星}",
    "::4::{%_五星干员简}",
    "::1::{%_arknights轮换二三六星}",
    "::1::{%_六星干员简}"
  ],
  "_arknights轮换二三六星":[
    "\n★★★★★★|重装 塞雷娅",
    "\n★★★★★★|近卫 银灰"
  ],
  "_arknights轮换二三五星":[
    "\n★★★★★☆|特种 崖心",
    "\n★★★★★☆|先锋 苇草",
    "\n★★★★★☆|狙击 蓝毒"
  ],

  "arknights轮换二四":[
    "轮换24-[能天使/夜莺]:{%_arknights轮换二四单}{%_arknights轮换二四单}{%_arknights轮换二四单}{%_arknights轮换二四单}{%_arknights轮换二四单}{%_arknights轮换二四单}{%_arknights轮换二四单}{%_arknights轮换二四单}{%_arknights轮换二四单}{%_arknights轮换二四单}"
  ],
  "_arknights轮换二四单":[
    "::40::{%_三星干员简}",
    "::50::{%_四星干员简}",
    "::4::{%_arknights轮换二四五星}",
    "::4::{%_五星干员简}",
    "::1::{%_arknights轮换二四六星}",
    "::1::{%_六星干员简}"
  ],
  "_arknights轮换二四六星":[
    "\n★★★★★★|狙击 能天使",
    "\n★★★★★★|医疗 夜莺"
  ],
  "_arknights轮换二四五星":[
    "\n★★★★★☆|狙击 普罗旺斯",
    "\n★★★★★☆|近卫 布洛卡",
    "\n★★★★★☆|辅助 梅尔"
  ],

  "arknights轮换二五":[
    "轮换25-[伊芙利特/莫斯提马]:{%_arknights轮换二五单}{%_arknights轮换二五单}{%_arknights轮换二五单}{%_arknights轮换二五单}{%_arknights轮换二五单}{%_arknights轮换二五单}{%_arknights轮换二五单}{%_arknights轮换二五单}{%_arknights轮换二五单}{%_arknights轮换二五单}"
  ],
  "_arknights轮换二五单":[
    "::40::{%_三星干员简}",
    "::50::{%_四星干员简}",
    "::4::{%_arknights轮换二五五星}",
    "::4::{%_五星干员简}",
    "::1::{%_arknights轮换二五六星}",
    "::1::{%_六星干员简}"
  ],
  "_arknights轮换二五六星":[
    "\n★★★★★★|术士 伊芙利特",
    "\n★★★★★★|术士 莫斯提马"
  ],
  "_arknights轮换二五五星":[
    "\n★★★★★☆|特种 食铁兽",
    "\n★★★★★☆|近卫 幽灵鲨",
    "\n★★★★★☆|特种 槐琥"
  ],

  "arknights轮换二六":[
    "轮换26-[闪灵/陈]:{%_arknights轮换二六单}{%_arknights轮换二六单}{%_arknights轮换二六单}{%_arknights轮换二六单}{%_arknights轮换二六单}{%_arknights轮换二六单}{%_arknights轮换二六单}{%_arknights轮换二六单}{%_arknights轮换二六单}{%_arknights轮换二六单}"
  ],
  "_arknights轮换二六单":[
    "::40::{%_三星干员简}",
    "::50::{%_四星干员简}",
    "::4::{%_arknights轮换二六五星}",
    "::4::{%_五星干员简}",
    "::1::{%_arknights轮换二六六星}",
    "::1::{%_六星干员简}"
  ],
  "_arknights轮换二六六星":[
    "\n★★★★★★|医疗 闪灵",
    "\n★★★★★★|近卫 陈"
  ],
  "_arknights轮换二六五星":[
    "\n★★★★★☆|先锋 凛冬",
    "\n★★★★★☆|重装 可颂",
    "\n★★★★★☆|狙击 陨星"
  ],

  "arknights轮换二七":[
    "轮换27-[斯卡蒂/安洁莉娜]:{%_arknights轮换二七单}{%_arknights轮换二七单}{%_arknights轮换二七单}{%_arknights轮换二七单}{%_arknights轮换二七单}{%_arknights轮换二七单}{%_arknights轮换二七单}{%_arknights轮换二七单}{%_arknights轮换二七单}{%_arknights轮换二七单}"
  ],
  "_arknights轮换二七单":[
    "::40::{%_三星干员简}",
    "::50::{%_四星干员简}",
    "::4::{%_arknights轮换二七五星}",
    "::4::{%_五星干员简}",
    "::1::{%_arknights轮换二七六星}",
    "::1::{%_六星干员简}"
  ],
  "_arknights轮换二七六星":[
    "\n★★★★★★|近卫 斯卡蒂",
    "\n★★★★★★|辅助 安洁莉娜"
  ],
  "_arknights轮换二七五星":[
    "\n★★★★★☆|术士 夜魔",
    "\n★★★★★☆|近卫 拉普兰德",
    "\n★★★★★☆|辅助 空"
  ],

  "arknights轮换二八":[
    "轮换28-[推进之王/黑]:{%_arknights轮换二八单}{%_arknights轮换二八单}{%_arknights轮换二八单}{%_arknights轮换二八单}{%_arknights轮换二八单}{%_arknights轮换二八单}{%_arknights轮换二八单}{%_arknights轮换二八单}{%_arknights轮换二八单}{%_arknights轮换二八单}"
  ],
  "_arknights轮换二八单":[
    "::40::{%_三星干员简}",
    "::50::{%_四星干员简}",
    "::4::{%_arknights轮换二八五星}",
    "::4::{%_五星干员简}",
    "::1::{%_arknights轮换二八六星}",
    "::1::{%_六星干员简}"
  ],
  "_arknights轮换二八六星":[
    "\n★★★★★★|先锋 推进之王",
    "\n★★★★★★|狙击 黑"
  ],
  "_arknights轮换二八五星":[
    "\n★★★★★☆|近卫 诗怀雅",
    "\n★★★★★☆|重装 雷蛇",
    "\n★★★★★☆|特种 红"
  ],

  "arknights轮换二九":[
    "轮换29-[艾雅法拉/阿]:{%_arknights轮换二九单}{%_arknights轮换二九单}{%_arknights轮换二九单}{%_arknights轮换二九单}{%_arknights轮换二九单}{%_arknights轮换二九单}{%_arknights轮换二九单}{%_arknights轮换二九单}{%_arknights轮换二九单}{%_arknights轮换二九单}"
  ],
  "_arknights轮换二九单":[
    "::40::{%_三星干员简}",
    "::50::{%_四星干员简}",
    "::4::{%_arknights轮换二九五星}",
    "::4::{%_五星干员简}",
    "::1::{%_arknights轮换二九六星}",
    "::1::{%_六星干员简}"
  ],
  "_arknights轮换二九六星":[
    "\n★★★★★★|术士 艾雅法拉",
    "\n★★★★★★|特种 阿"
  ],
  "_arknights轮换二九五星":[
    "\n★★★★★☆|医疗 华法琳",
    "\n★★★★★☆|特种 狮蝎",
    "\n★★★★★☆|术士 惊蛰"
  ],

  "arknights轮换三零":[
    "轮换30-[星熊/麦哲伦]:{%_arknights轮换三零单}{%_arknights轮换三零单}{%_arknights轮换三零单}{%_arknights轮换三零单}{%_arknights轮换三零单}{%_arknights轮换三零单}{%_arknights轮换三零单}{%_arknights轮换三零单}{%_arknights轮换三零单}{%_arknights轮换三零单}"
  ],
  "_arknights轮换三零单":[
    "::40::{%_三星干员简}",
    "::50::{%_四星干员简}",
    "::4::{%_arknights轮换三零五星}",
    "::4::{%_五星干员简}",
    "::1::{%_arknights轮换三零六星}",
    "::1::{%_六星干员简}"
  ],
  "_arknights轮换三零六星":[
    "\n★★★★★★|重装 星熊",
    "\n★★★★★★|辅助 麦哲伦"
  ],
  "_arknights轮换三零五星":[
    "\n★★★★★☆|先锋 德克萨斯",
    "\n★★★★★☆|辅助 真理",
    "\n★★★★★☆|医疗 白面鸮"
  ],

  "arknights轮换三一":[
    "轮换31-[陈/能天使]:{%_arknights轮换三一单}{%_arknights轮换三一单}{%_arknights轮换三一单}{%_arknights轮换三一单}{%_arknights轮换三一单}{%_arknights轮换三一单}{%_arknights轮换三一单}{%_arknights轮换三一单}{%_arknights轮换三一单}{%_arknights轮换三一单}"
  ],
  "_arknights轮换三一单":[
    "::40::{%_三星干员简}",
    "::50::{%_四星干员简}",
    "::4::{%_arknights轮换三一五星}",
    "::4::{%_五星干员简}",
    "::1::{%_arknights轮换三一六星}",
    "::1::{%_六星干员简}"
  ],
  "_arknights轮换三一六星":[
    "\n★★★★★★|近卫 陈",
    "\n★★★★★★|狙击 能天使"
  ],
  "_arknights轮换三一五星":[
    "\n★★★★★☆|狙击 蓝毒",
    "\n★★★★★☆|近卫 布洛卡",
    "\n★★★★★☆|辅助 梅尔"
  ],

  "arknights轮换三二":[
    "轮换32-[夜莺/莫斯提马]:{%_arknights轮换三二单}{%_arknights轮换三二单}{%_arknights轮换三二单}{%_arknights轮换三二单}{%_arknights轮换三二单}{%_arknights轮换三二单}{%_arknights轮换三二单}{%_arknights轮换三二单}{%_arknights轮换三二单}{%_arknights轮换三二单}"
  ],
  "_arknights轮换三二单":[
    "::40::{%_三星干员简}",
    "::50::{%_四星干员简}",
    "::4::{%_arknights轮换三二五星}",
    "::4::{%_五星干员简}",
    "::1::{%_arknights轮换三二六星}",
    "::1::{%_六星干员简}"
  ],
  "_arknights轮换三二六星":[
    "\n★★★★★★|医疗 夜莺",
    "\n★★★★★★|术士 莫斯提马"
  ],
  "_arknights轮换三二五星":[
    "\n★★★★★☆|近卫 星极",
    "\n★★★★★☆|近卫 芙兰卡",
    "\n★★★★★☆|辅助 初雪"
  ],

  "arknights轮换三三":[
    "轮换33-[安洁莉娜/风笛]:{%_arknights轮换三三单}{%_arknights轮换三三单}{%_arknights轮换三三单}{%_arknights轮换三三单}{%_arknights轮换三三单}{%_arknights轮换三三单}{%_arknights轮换三三单}{%_arknights轮换三三单}{%_arknights轮换三三单}{%_arknights轮换三三单}"
  ],
  "_arknights轮换三三单":[
    "::40::{%_三星干员简}",
    "::50::{%_四星干员简}",
    "::4::{%_arknights轮换三三五星}",
    "::4::{%_五星干员简}",
    "::1::{%_arknights轮换三三六星}",
    "::1::{%_六星干员简}"
  ],
  "_arknights轮换三三六星":[
    "\n★★★★★★|辅助 安洁莉娜",
    "\n★★★★★★|先锋 风笛"
  ],
  "_arknights轮换三三五星":[
    "\n★★★★★☆|重装 临光",
    "\n★★★★★☆|特种 槐琥",
    "\n★★★★★☆|狙击 慑砂"
  ],

  "arknights轮换三四":[
    "轮换34-[黑/斯卡蒂]:{%_arknights轮换三四单}{%_arknights轮换三四单}{%_arknights轮换三四单}{%_arknights轮换三四单}{%_arknights轮换三四单}{%_arknights轮换三四单}{%_arknights轮换三四单}{%_arknights轮换三四单}{%_arknights轮换三四单}{%_arknights轮换三四单}"
  ],
  "_arknights轮换三四单":[
    "::40::{%_三星干员简}",
    "::50::{%_四星干员简}",
    "::4::{%_arknights轮换三四五星}",
    "::4::{%_五星干员简}",
    "::1::{%_arknights轮换三四六星}",
    "::1::{%_六星干员简}"
  ],
  "_arknights轮换三四六星":[
    "\n★★★★★★|狙击 黑",
    "\n★★★★★★|近卫 斯卡蒂"
  ],
  "_arknights轮换三四五星":[
    "\n★★★★★☆|狙击 白金",
    "\n★★★★★☆|先锋 苇草",
    "\n★★★★★☆|术士 天火"
  ],

  "arknights轮换三五":[
    "轮换35-[银灰/刻俄柏]:{%_arknights轮换三五单}{%_arknights轮换三五单}{%_arknights轮换三五单}{%_arknights轮换三五单}{%_arknights轮换三五单}{%_arknights轮换三五单}{%_arknights轮换三五单}{%_arknights轮换三五单}{%_arknights轮换三五单}{%_arknights轮换三五单}"
  ],
  "_arknights轮换三五单":[
    "::40::{%_三星干员简}",
    "::50::{%_四星干员简}",
    "::4::{%_arknights轮换三五五星}",
    "::4::{%_五星干员简}",
    "::1::{%_arknights轮换三五六星}",
    "::1::{%_六星干员简}"
  ],
  "_arknights轮换三五六星":[
    "\n★★★★★★|近卫 银灰",
    "\n★★★★★★|术士 刻俄柏"
  ],
  "_arknights轮换三五五星":[
    "\n★★★★★☆|重装 可颂",
    "\n★★★★★☆|辅助 空",
    "\n★★★★★☆|辅助 巫恋"
  ],

  "arknights轮换三六":[
    "轮换36-[闪灵/煌]:{%_arknights轮换三六单}{%_arknights轮换三六单}{%_arknights轮换三六单}{%_arknights轮换三六单}{%_arknights轮换三六单}{%_arknights轮换三六单}{%_arknights轮换三六单}{%_arknights轮换三六单}{%_arknights轮换三六单}{%_arknights轮换三六单}"
  ],
  "_arknights轮换三六单":[
    "::40::{%_三星干员简}",
    "::50::{%_四星干员简}",
    "::4::{%_arknights轮换三六五星}",
    "::4::{%_五星干员简}",
    "::1::{%_arknights轮换三六六星}",
    "::1::{%_六星干员简}"
  ],
  "_arknights轮换三六六星":[
    "\n★★★★★★|医疗 闪灵",
    "\n★★★★★★|近卫 煌"
  ],
  "_arknights轮换三六五星":[
    "\n★★★★★☆|近卫 幽灵鲨",
    "\n★★★★★☆|医疗 赫默",
    "\n★★★★★☆|特种 崖心"
  ],

  "arknights轮换三七":[
    "轮换37-[赫拉格/伊芙利特]:{%_arknights轮换三七单}{%_arknights轮换三七单}{%_arknights轮换三七单}{%_arknights轮换三七单}{%_arknights轮换三七单}{%_arknights轮换三七单}{%_arknights轮换三七单}{%_arknights轮换三七单}{%_arknights轮换三七单}{%_arknights轮换三七单}"
  ],
  "_arknights轮换三七单":[
    "::40::{%_三星干员简}",
    "::50::{%_四星干员简}",
    "::4::{%_arknights轮换三七五星}",
    "::4::{%_五星干员简}",
    "::1::{%_arknights轮换三七六星}",
    "::1::{%_六星干员简}"
  ],
  "_arknights轮换三七六星":[
    "\n★★★★★★|近卫 赫拉格",
    "\n★★★★★★|术士 伊芙利特"
  ],
  "_arknights轮换三七五星":[
    "\n★★★★★☆|重装 雷蛇",
    "\n★★★★★☆|先锋 凛冬",
    "\n★★★★★☆|术士 惊蛰"
  ],

  "arknights轮换三八":[
    "轮换38-[塞雷娅/温蒂]:{%_arknights轮换三八单}{%_arknights轮换三八单}{%_arknights轮换三八单}{%_arknights轮换三八单}{%_arknights轮换三八单}{%_arknights轮换三八单}{%_arknights轮换三八单}{%_arknights轮换三八单}{%_arknights轮换三八单}{%_arknights轮换三八单}"
  ],
  "_arknights轮换三八单":[
    "::40::{%_三星干员简}",
    "::50::{%_四星干员简}",
    "::4::{%_arknights轮换三八五星}",
    "::4::{%_五星干员简}",
    "::1::{%_arknights轮换三八六星}",
    "::1::{%_六星干员简}"
  ],
  "_arknights轮换三八六星":[
    "\n★★★★★★|重装 塞雷娅",
    "\n★★★★★★|特种 温蒂"
  ],
  "_arknights轮换三八五星":[
    "\n★★★★★☆|特种 食铁兽",
    "\n★★★★★☆|近卫 拉普兰德",
    "\n★★★★★☆|狙击 送葬人"
  ],

  "arknights轮换三九":[
    "轮换39-[推进之王/傀影]:{%_arknights轮换三九单}{%_arknights轮换三九单}{%_arknights轮换三九单}{%_arknights轮换三九单}{%_arknights轮换三九单}{%_arknights轮换三九单}{%_arknights轮换三九单}{%_arknights轮换三九单}{%_arknights轮换三九单}{%_arknights轮换三九单}"
  ],
  "_arknights轮换三九单":[
    "::40::{%_三星干员简}",
    "::50::{%_四星干员简}",
    "::4::{%_arknights轮换三九五星}",
    "::4::{%_五星干员简}",
    "::1::{%_arknights轮换三九六星}",
    "::1::{%_六星干员简}"
  ],
  "_arknights轮换三九六星":[
    "\n★★★★★★|先锋 推进之王",
    "\n★★★★★★|特种 傀影"
  ],
  "_arknights轮换三九五星":[
    "\n★★★★★☆|狙击 格劳克斯",
    "\n★★★★★☆|特种 狮蝎",
    "\n★★★★★☆|辅助 梅尔"
  ],

  "arknights轮换四零":[
    "轮换40-[麦哲伦/艾雅法拉]:{%_arknights轮换四零单}{%_arknights轮换四零单}{%_arknights轮换四零单}{%_arknights轮换四零单}{%_arknights轮换四零单}{%_arknights轮换四零单}{%_arknights轮换四零单}{%_arknights轮换四零单}{%_arknights轮换四零单}{%_arknights轮换四零单}"
  ],
  "_arknights轮换四零单":[
    "::40::{%_三星干员简}",
    "::50::{%_四星干员简}",
    "::4::{%_arknights轮换四零五星}",
    "::4::{%_五星干员简}",
    "::1::{%_arknights轮换四零六星}",
    "::1::{%_六星干员简}"
  ],
  "_arknights轮换四零六星":[
    "\n★★★★★★|辅助 麦哲伦",
    "\n★★★★★★|术士 艾雅法拉"
  ],
  "_arknights轮换四零五星":[
    "\n★★★★★☆|狙击 灰喉",
    "\n★★★★★☆|近卫 诗怀雅",
    "\n★★★★★☆|重装 吽"
  ],

  "arknights轮换四一":[
    "轮换41-[早露/夜莺]:{%_arknights轮换四一单}{%_arknights轮换四一单}{%_arknights轮换四一单}{%_arknights轮换四一单}{%_arknights轮换四一单}{%_arknights轮换四一单}{%_arknights轮换四一单}{%_arknights轮换四一单}{%_arknights轮换四一单}{%_arknights轮换四一单}"
  ],
  "_arknights轮换四一单":[
    "::40::{%_三星干员简}",
    "::50::{%_四星干员简}",
    "::4::{%_arknights轮换四一五星}",
    "::4::{%_五星干员简}",
    "::1::{%_arknights轮换四一六星}",
    "::1::{%_六星干员简}"
  ],
  "_arknights轮换四一六星":[
    "\n★★★★★★|狙击 早露",
    "\n★★★★★★|医疗 夜莺"
  ],
  "_arknights轮换四一五星":[
    "\n★★★★★☆|特种 红",
    "\n★★★★★☆|医疗 白面鸮",
    "\n★★★★★☆|辅助 月禾"
  ],

  "arknights轮换四二":[
    "轮换42-[能天使/安洁莉娜]:{%_arknights轮换四二单}{%_arknights轮换四二单}{%_arknights轮换四二单}{%_arknights轮换四二单}{%_arknights轮换四二单}{%_arknights轮换四二单}{%_arknights轮换四二单}{%_arknights轮换四二单}{%_arknights轮换四二单}{%_arknights轮换四二单}"
  ],
  "_arknights轮换四二单":[
    "::40::{%_三星干员简}",
    "::50::{%_四星干员简}",
    "::4::{%_arknights轮换四二五星}",
    "::4::{%_五星干员简}",
    "::1::{%_arknights轮换四二六星}",
    "::1::{%_六星干员简}"
  ],
  "_arknights轮换四二六星":[
    "\n★★★★★★|辅助 安洁莉娜",
    "\n★★★★★★|狙击 能天使"
  ],
  "_arknights轮换四二五星":[
    "\n★★★★★☆|辅助 初雪",
    "\n★★★★★☆|先锋 德克萨斯",
    "\n★★★★★☆|近卫 断崖"
  ],

  "arknights轮换四三":[
    "轮换43-[煌/铃兰]:{%_arknights轮换四三单}{%_arknights轮换四三单}{%_arknights轮换四三单}{%_arknights轮换四三单}{%_arknights轮换四三单}{%_arknights轮换四三单}{%_arknights轮换四三单}{%_arknights轮换四三单}{%_arknights轮换四三单}{%_arknights轮换四三单}"
  ],
  "_arknights轮换四三单":[
    "::40::{%_三星干员简}",
    "::50::{%_四星干员简}",
    "::4::{%_arknights轮换四三五星}",
    "::4::{%_五星干员简}",
    "::1::{%_arknights轮换四三六星}",
    "::1::{%_六星干员简}"
  ],
  "_arknights轮换四三六星":[
    "\n★★★★★★|近卫 煌",
    "\n★★★★★★|辅助 铃兰"
  ],
  "_arknights轮换四三五星":[
    "\n★★★★★☆|先锋 苇草",
    "\n★★★★★☆|狙击 慑砂",
    "\n★★★★★☆|术士 莱恩哈特"
  ],

  "arknights轮换四四":[
    "轮换44-[斯卡蒂/塞雷亚]:{%_arknights轮换四四单}{%_arknights轮换四四单}{%_arknights轮换四四单}{%_arknights轮换四四单}{%_arknights轮换四四单}{%_arknights轮换四四单}{%_arknights轮换四四单}{%_arknights轮换四四单}{%_arknights轮换四四单}{%_arknights轮换四四单}"
  ],
  "_arknights轮换四四单":[
    "::40::{%_三星干员简}",
    "::50::{%_四星干员简}",
    "::4::{%_arknights轮换四四五星}",
    "::4::{%_五星干员简}",
    "::1::{%_arknights轮换四四六星}",
    "::1::{%_六星干员简}"
  ],
  "_arknights轮换四四六星":[
    "\n★★★★★★|近卫 斯卡蒂",
    "\n★★★★★★|重装 塞雷亚"
  ],
  "_arknights轮换四四五星":[
    "\n★★★★★☆|近卫 芙兰卡",
    "\n★★★★★☆|狙击 白金",
    "\n★★★★★☆|先锋 极境"
  ],

  "arknights轮换四五":[
    "轮换45-[闪灵/银灰]:{%_arknights轮换四五单}{%_arknights轮换四五单}{%_arknights轮换四五单}{%_arknights轮换四五单}{%_arknights轮换四五单}{%_arknights轮换四五单}{%_arknights轮换四五单}{%_arknights轮换四五单}{%_arknights轮换四五单}{%_arknights轮换四五单}"
  ],
  "_arknights轮换四五单":[
    "::40::{%_三星干员简}",
    "::50::{%_四星干员简}",
    "::4::{%_arknights轮换四五五星}",
    "::4::{%_五星干员简}",
    "::1::{%_arknights轮换四五六星}",
    "::1::{%_六星干员简}"
  ],
  "_arknights轮换四五六星":[
    "\n★★★★★★|医疗 闪灵",
    "\n★★★★★★|近卫 银灰"
  ],
  "_arknights轮换四五五星":[
    "\n★★★★★☆|术士 天火",
    "\n★★★★★☆|术士 蜜蜡",
    "\n★★★★★☆|狙击 安哲拉"
  ],

  "arknights轮换四六":[
    "轮换46-[陈/推进之王]:{%_arknights轮换四六单}{%_arknights轮换四六单}{%_arknights轮换四六单}{%_arknights轮换四六单}{%_arknights轮换四六单}{%_arknights轮换四六单}{%_arknights轮换四六单}{%_arknights轮换四六单}{%_arknights轮换四六单}{%_arknights轮换四六单}"
  ],
  "_arknights轮换四六单":[
    "::40::{%_三星干员简}",
    "::50::{%_四星干员简}",
    "::4::{%_arknights轮换四六五星}",
    "::4::{%_五星干员简}",
    "::1::{%_arknights轮换四六六星}",
    "::1::{%_六星干员简}"
  ],
  "_arknights轮换四六六星":[
    "\n★★★★★★|近卫 陈",
    "\n★★★★★★|先锋 推进之王"
  ],
  "_arknights轮换四六五星":[
    "\n★★★★★☆|重装 可颂",
    "\n★★★★★☆|重装 临光",
    "\n★★★★★☆|近卫 燧石"
  ],

  "arknights轮换四七":[
    "轮换47-[莫斯提马/棘刺]:{%_arknights轮换四七单}{%_arknights轮换四七单}{%_arknights轮换四七单}{%_arknights轮换四七单}{%_arknights轮换四七单}{%_arknights轮换四七单}{%_arknights轮换四七单}{%_arknights轮换四七单}{%_arknights轮换四七单}{%_arknights轮换四七单}"
  ],
  "_arknights轮换四七单":[
    "::40::{%_三星干员简}",
    "::50::{%_四星干员简}",
    "::4::{%_arknights轮换四七五星}",
    "::4::{%_五星干员简}",
    "::1::{%_arknights轮换四七六星}",
    "::1::{%_六星干员简}"
  ],
  "_arknights轮换四七六星":[
    "\n★★★★★★|术士 莫斯提马",
    "\n★★★★★★|近卫 棘刺"
  ],
  "_arknights轮换四七五星":[
    "\n★★★★★☆|辅助 空",
    "\n★★★★★☆|辅助 梅尔",
    "\n★★★★★☆|狙击 四月"
  ],

  "arknights轮换四八":[
    "轮换48-[伊芙利特/森蚺]:{%_arknights轮换四八单}{%_arknights轮换四八单}{%_arknights轮换四八单}{%_arknights轮换四八单}{%_arknights轮换四八单}{%_arknights轮换四八单}{%_arknights轮换四八单}{%_arknights轮换四八单}{%_arknights轮换四八单}{%_arknights轮换四八单}"
  ],
  "_arknights轮换四八单":[
    "::40::{%_三星干员简}",
    "::50::{%_四星干员简}",
    "::4::{%_arknights轮换四八五星}",
    "::4::{%_五星干员简}",
    "::1::{%_arknights轮换四八六星}",
    "::1::{%_六星干员简}"
  ],
  "_arknights轮换四八六星":[
    "\n★★★★★★|术士 伊芙利特",
    "\n★★★★★★|重装 森蚺"
  ],
  "_arknights轮换四八五星":[
    "\n★★★★★☆|术士 惊蛰",
    "\n★★★★★☆|近卫 幽灵鲨",
    "\n★★★★★☆|特种 食铁兽"
  ],

  "arknights轮换四九":[
    "轮换49-[黑/史尔特尔]:{%_arknights轮换四九单}{%_arknights轮换四九单}{%_arknights轮换四九单}{%_arknights轮换四九单}{%_arknights轮换四九单}{%_arknights轮换四九单}{%_arknights轮换四九单}{%_arknights轮换四九单}{%_arknights轮换四九单}{%_arknights轮换四九单}"
  ],
  "_arknights轮换四九单":[
    "::40::{%_三星干员简}",
    "::50::{%_四星干员简}",
    "::4::{%_arknights轮换四九五星}",
    "::4::{%_五星干员简}",
    "::1::{%_arknights轮换四九六星}",
    "::1::{%_六星干员简}"
  ],
  "_arknights轮换四九六星":[
    "\n★★★★★★|狙击 黑",
    "\n★★★★★★|近卫 史尔特尔"
  ],
  "_arknights轮换四九五星":[
    "\n★★★★★☆|重装 雷蛇",
    "\n★★★★★☆|特种 崖心",
    "\n★★★★★☆|狙击 奥斯塔"
  ]
}
