{
  "!明日方舟牌堆By仑质":[
    "明日方舟干员寻访version.{%_arknightsVersion}\n作者:仑质\n干员档案数据全部来自ArknightsWiKi，文案版权属于鹰角网络。\n在这里，你甚至可以抽出绝版暴行"
  ],
  "_arknightsVersion":[
    "210314"
  ],
  "arknights单抽":[
    "{%_三星干员}",
    "{%_三星干员}",
    "{%_三星干员}",
    "{%_三星干员}",
    "{%_三星干员}",
    "{%_三星干员}",
    "{%_三星干员}",
    "{%_三星干员}",
    "{%_三星干员}",
    "{%_三星干员}",
    "{%_三星干员}",
    "{%_三星干员}",
    "{%_三星干员}",
    "{%_三星干员}",
    "{%_三星干员}",
    "{%_三星干员}",
    "{%_三星干员}",
    "{%_三星干员}",
    "{%_三星干员}",
    "{%_三星干员}",
    "{%_四星干员}",
    "{%_四星干员}",
    "{%_四星干员}",
    "{%_四星干员}",
    "{%_四星干员}",
    "{%_四星干员}",
    "{%_四星干员}",
    "{%_四星干员}",
    "{%_四星干员}",
    "{%_四星干员}",
    "{%_四星干员}",
    "{%_四星干员}",
    "{%_四星干员}",
    "{%_四星干员}",
    "{%_四星干员}",
    "{%_四星干员}",
    "{%_四星干员}",
    "{%_四星干员}",
    "{%_四星干员}",
    "{%_四星干员}",
    "{%_四星干员}",
    "{%_四星干员}",
    "{%_四星干员}",
    "{%_四星干员}",
    "{%_四星干员}",
    "{%_五星干员}",
    "{%_五星干员}",
    "{%_五星干员}",
    "{%_五星干员}",
    "{%_六星干员}"
  ],
  "arknights十连":[
    "十次寻访结果如下:{%_单次简}{%_单次简}{%_单次简}{%_单次简}{%_单次简}{%_单次简}{%_单次简}{%_单次简}{%_单次简}{%_单次简}"
  ],
  "_单次简":[
    "{%_三星干员简}",
    "{%_三星干员简}",
    "{%_三星干员简}",
    "{%_三星干员简}",
    "{%_三星干员简}",
    "{%_三星干员简}",
    "{%_三星干员简}",
    "{%_三星干员简}",
    "{%_三星干员简}",
    "{%_三星干员简}",
    "{%_三星干员简}",
    "{%_三星干员简}",
    "{%_三星干员简}",
    "{%_三星干员简}",
    "{%_三星干员简}",
    "{%_三星干员简}",
    "{%_三星干员简}",
    "{%_三星干员简}",
    "{%_三星干员简}",
    "{%_三星干员简}",
    "{%_四星干员简}",
    "{%_四星干员简}",
    "{%_四星干员简}",
    "{%_四星干员简}",
    "{%_四星干员简}",
    "{%_四星干员简}",
    "{%_四星干员简}",
    "{%_四星干员简}",
    "{%_四星干员简}",
    "{%_四星干员简}",
    "{%_四星干员简}",
    "{%_四星干员简}",
    "{%_四星干员简}",
    "{%_四星干员简}",
    "{%_四星干员简}",
    "{%_四星干员简}",
    "{%_四星干员简}",
    "{%_四星干员简}",
    "{%_四星干员简}",
    "{%_四星干员简}",
    "{%_四星干员简}",
    "{%_四星干员简}",
    "{%_四星干员简}",
    "{%_四星干员简}",
    "{%_四星干员简}",
    "{%_五星干员简}",
    "{%_五星干员简}",
    "{%_五星干员简}",
    "{%_五星干员简}",
    "{%_六星干员简}"
  ],
  "_一星干员":[
    "|★☆☆☆☆☆|{%_一星干员档案}"
  ],
  "_二星干员":[
    "|★★☆☆☆☆|{%_二星干员档案}"
  ],
  "_三星干员":[
    "|★★★☆☆☆|{%_三星干员档案}"
  ],
  "_四星干员":[
    "|★★★★☆☆|{%_四星干员档案}"
  ],
  "_五星干员":[
    "|★★★★★☆|{%_五星干员档案}"
  ],
  "_六星干员":[
    "|★★★★★★|{%_六星干员档案}"
  ],
  "_一星干员简":[
    "\n★☆☆☆☆☆|{%_一星干员档案简}"
  ],
  "_二星干员简":[
    "\n★★☆☆☆☆|{%_二星干员档案简}"
  ],
  "_三星干员简":[
    "\n★★★☆☆☆|{%_三星干员档案简}"
  ],
  "_四星干员简":[
    "\n★★★★☆☆|{%_四星干员档案简}"
  ],
  "_五星干员简":[
    "\n★★★★★☆|{%_五星干员档案简}"
  ],
  "_六星干员简":[
    "\n★★★★★★|{%_六星干员档案简}"
  ],
  "_一星干员档案":[
    "\n干员职业:医疗\n干员代号:Lancet-2\n“嗨，你好，博士。你在期待我能对你多说些什么，但我不能，毕竟我只是一台医疗机器人......”",
    "\n干员职业:近卫\n干员代号:Castle-3\n“您好，博士，欢迎使用Castle-3！请点击任意位置以开始初始化首选项。”",
    "\n干员职业:特种\n干员代号:THRM-EX\n“诞生于雷神工业，改进于伟大的梅尔之手，膨胀的炙热之心——Thermal-EX ，前来助阵！”"
  ],
  "_二星干员档案":[
    "\n干员职业:先锋\n干员代号:夜刀\n“先锋干员夜刀，你——就是我要保护的人吗？”",
    "\n干员职业:术士\n干员代号:杜林\n“喂——喂！能听到我说话吗？低头看下面啦！初次见面，大个子的博士，我是术师，杜林哦。”",
    "\n干员职业:术士\n干员代号:12F\n“感谢阁下让我加入这里，从今天开始，我将尽全力为您效劳——作为一名术师。一直以来我都没有名字，如果感觉不方便的话，今后请用12F称呼我。”",
    "\n干员职业:狙击\n干员代号:巡林者\n“狙击干员巡林者，等候差遣。”",
    "\n干员职业:重装\n干员代号:黑角\n“重装干员黑角，要员保护的活儿就交给俺吧。”"
  ],
  "_三星干员档案":[
    "\n干员职业:先锋\n干员代号:翎羽\n“翎羽，原属拉特兰戍卫队，愿意成为你的戟、你的羽翼，为了你的生命而战。”",
    "\n干员职业:先锋\n干员代号:芬\n“我是芬，长枪手，现在正担任着行动预备组A1的队长一职。我和我的小队一定会竭尽全力，成为罗德岛可靠的战力。”",
    "\n干员职业:先锋\n干员代号:香草\n“香草，以受训干员的身份前来学习。博士阁下，今后就请您多多指教了。”",
    "\n干员职业:狙击\n干员代号:克洛丝\n“嗨~嗨~我是克洛丝哦~我还不成熟，从今天开始会加油的~”",
    "\n干员职业:狙击\n干员代号:安德切尔\n“我是拉特兰出身，担任狙击干员的安德切尔。虽然我还没有得到铳的使用权，不过说到弩的灵活运用，我不会输给前辈们的！”",
    "\n干员职业:狙击\n干员代号:空爆\n“行动预备组A6，空爆，前来报道！哎呀~我一眼就能看出来，你和那个死板的，啊不，令人尊敬的教官杜宾小姐，可是一点都不一样，对吧？”",
    "\n干员职业:医疗\n干员代号:安赛尔\n“我是实习医生安赛尔，今后将承担一些外科医疗方面的辅助工作，还请您多多指教。”",
    "\n干员职业:医疗\n干员代号:芙蓉\n“实习医生芙蓉，今天开始，我会负责您和罗德岛各位干员的健康管理项目，请多多关照！”",
    "\n干员职业:术士\n干员代号:史都华德\n“术师史都华德，从今天开始，还请您多多关照。”",
    "\n干员职业:术士\n干员代号:炎熔\n“炎熔、术师。因为无聊想找点事做，所以就随便加入你们这了......但听说我的天敌也在这里，所以我能现在就辞职吗？”",
    "\n干员职业:近卫\n干员代号:月见夜\n“请露出你最美的笑容来，客人，在我的身边，幸福乃理应获得之物。月见夜，今后也随时恭候您的指名。”",
    "\n干员职业:近卫\n干员代号:泡普卡\n“行动预备组A6，泡普卡，报道。那个，A6组的大家，总是很吵闹，让博士担心了......泡普卡，知道该怎么做......”",
    "\n干员职业:近卫\n干员代号:玫兰莎\n“......玫兰莎。从现在起，我的利刃将为您所用。”",
    "\n干员职业:重装\n干员代号:卡缇\n“你——好！我第一次来到这么大的移动设施里面，现在超兴奋的！我是卡缇族的梅莉，您就是博士吗？”",
    "\n干员职业:重装\n干员代号:斑点\n“你好，我是隶属行动预备组A6的斑点，职责大概是保护预备组每天都在闹腾的另外几个家伙。”",
    "\n干员职业:重装\n干员代号:米格鲁\n“我是米格鲁！虽然，招募评定的成绩不太理想，但就算作为实习生我也会努力帮忙的！”",
    "\n干员职业:辅助\n干员代号:梓兰\n“预备行动组A6的组长，梓兰，前来报道。您就是Dr.{self}吗，接下来的工作请多多关照。”"
  ],
  "_四星干员档案":[
    "\n干员职业:先锋\n干员代号:桃金娘\n“我来报到啦！你就是博士对吧？可以叫我桃金娘，杜林族的桃金娘。杜林说在这里能找到工作，所以，有什么我能做的事吗？别看我个子小，我还挺厉害的哦。”",
    "\n干员职业:先锋\n干员代号:清道夫\n“我是清道夫，肮脏的工作我来做，你和那些家伙一样，只要付钱就行了。”",
    "\n干员职业:先锋\n干员代号:红豆\n“请问，这里是Dr.{self}的办公室吗，我找博士很久了，麻烦你......什么？你就是博士？哼哼，干员红豆来报到了！”",
    "\n干员职业:先锋\n干员代号:讯使\n“尊敬的罗德岛领袖，您的盟友，雪境的讯使在此。您与银灰老板的契约期内，碰上困难，就试着打个响指呼唤在下吧。”",
    "\n干员职业:先锋\n干员代号:豆苗\n“你好，博士，我是豆苗，从今天起加入......欸，包里？啊，这个小家伙叫豌豆黄。来，豆豆，和博士打个招呼吧。”",
    "\n干员职业:狙击\n干员代号:杰西卡\n“请问是Dr.{self}吗......您好，我是黑钢国际的杰西卡，我，我不太擅长自我介绍，呜......”",
    "\n干员职业:狙击\n干员代号:梅\n“我是皇家侦探，梅，请配合我的调查！欸？你说我找错地方了？不可能！我有那个企鹅潜藏在这里的证据！”",
    "\n干员职业:狙击\n干员代号:流星\n“你好，我是流星，来自森林的弓箭手。您需要擅长远程援护的干员吗？”",
    "\n干员职业:狙击\n干员代号:白雪\n“白雪，依照文月公主的嘱托，协助陈小姐行动，并听从你的差遣。”",
    "\n干员职业:狙击\n干员代号:红云\n“红云，猎人。给我工作吧，你不会失望的。”",
    "\n干员职业:狙击\n干员代号:安比尔\n“安比尔，狙击手，拉特兰出身......说明身份什么真麻烦，就这样吧。喏，刚开包的巧克力，你也来一根。”",
    "\n干员职业:狙击\n干员代号:酸糖\n“干员，酸糖，这块滑板是登记的装备，嗯，有什么问题尽管交给我吧。”",
    "\n干员职业:狙击\n干员代号:松果\n“代号松果.....今天开始为罗德岛工作，唔......请问您看见我的便携蓄电池了吗？”",
    "\n干员职业:医疗\n干员代号:嘉维尔\n“我是医疗术师嘉维尔。先说好了，对我，可不能以貌取人，明白吗？”",
    "\n干员职业:医疗\n干员代号:末药\n“那个，我是草药师末药.....这个代号是凯尔希医生为我指定的，据说，它指的是“生命的短暂”，医生说，她希望我要牢记这个寓意......”",
    "\n干员职业:医疗\n干员代号:苏苏洛\n“医疗干员苏苏洛向您报道。即使博士您身兼多种要职，是干员们的导师，但医生的话，您也是要听的哦。”",
    "\n干员职业:医疗\n干员代号:调香师\n“初次见面，博士。我是调香师莱娜。您听说过调香师这种职业吗？”",
    "\n干员职业:术士\n干员代号:夜烟\n“你好~叫我夜烟~我喜欢轻轻松松的工作环境，和一个不会向我问这问那的雇主~”",
    "\n干员职业:术士\n干员代号:格雷伊\n“您、您好，我是格雷伊，电能相关的工作，还算擅长......那个，谢、谢谢您愿意收留我......！”",
    "\n干员职业:术士\n干员代号:远山\n“遵从阿尔克纳的指引，我的命运终于与您交汇了，博士。”",
    "\n干员职业:术士\n干员代号:卡达\n“大家好，这里是卡达的频道！唉？不能在博士房间拍素材？好吧......”",
    "\n干员职业:近卫\n干员代号:慕斯\n“你好......请、请叫我慕斯......那个，我的手，请您不要盯着我的手看......”",
    "\n干员职业:近卫\n干员代号:杜宾\n“敬礼！曾属玻利瓦尔国民警备队，我是教官杜宾。长话短说，请把需受训干员的名单给我看一下。”",
    "\n干员职业:近卫\n干员代号:猎蜂\n“哟！老板您眼光不错嘛！世上最强的地下拳手，就是我猎蜂！”",
    "\n干员职业:近卫\n干员代号:缠丸\n“缠丸，现在正式加入罗德岛！我来负责战斗，指挥就交给博士你了！”",
    "\n干员职业:近卫\n干员代号:艾丝黛尔\n“您、您好......那个，呃，对不起......我的角不小心把您办公室的门捅穿......了......”",
    "\n干员职业:近卫\n干员代号:霜叶\n“霜叶，前佣兵，现在，是你的干员。随意调遣我吧，我什么都能做。”",
    "\n干员职业:近卫\n干员代号:宴\n“你好呀博士，我是刚当上干员没多久的宴，兴趣是......嗯，不用那么详细吗？那，以后就请您多多关照了哦。”",
    "\n干员职业:近卫\n干员代号:断罪者\n“我乃断罪者，就以这个充满信念的名号作为代号吧。你问我有何才能？我懂得致命而美丽的断罪艺术！这就足够了！”",
    "\n干员职业:近卫\n干员代号:刻刀\n“刻刀，只是个普通的雇佣兵。我得了矿石病，所以打算用我的能力换取治疗机会，这把刀应该还能派上些用场......嗯，就是这样。”",
    "\n干员职业:近卫\n干员代号:芳汀\n“代号芳汀，今天起正式加入。你就是博士啊......那就让我们试着好好相处吧，博士老师。”",
    "\n干员职业:近卫\n干员代号:杰克\n“博士你好！我是新加入的干员，代号杰克！我过去在哥伦比亚担任辅警，让我们好好相处吧！”",
    "\n干员职业:重装\n干员代号:古米\n“我是古米！您就是博士吗？感谢您和罗德岛的大家一起帮助了我们！古米没有特别的能力，但只要是能做到的就一定竭尽全力！就让古米成为博士的力量吧！”",
    "\n干员职业:重装\n干员代号:坚雷\n“磐石般坚硬，雷霆般致命，那就是我，坚雷。请多指教哦，博士。”",
    "\n干员职业:重装\n干员代号:蛇屠箱\n“欸？这里是什么地方？我是谁？”",
    "\n干员职业:重装\n干员代号:角峰\n“同盟者，在此对您致以雪境之礼。我是银灰老爷此次派驻的护卫之一，代号为角峰。”",
    "\n干员职业:重装\n干员代号:泡泡\n“你就是训练营的老大吗，你叫博士吗？嗯......但你看起来不壮啊......算了，我叫泡泡，是部落里最弱的，你要负责把我训练成第二强的哦。”",
    "\n干员职业:辅助\n干员代号:地灵\n“地灵，地质学者兼术师，向你报道。我每天的工作时间是八小时，如果加班的话要额外支付加班费。”",
    "\n干员职业:辅助\n干员代号:深海色\n“请叫我“深海色”。我的职业是画家，对，只是一个“画家”哦。”",
    "\n干员职业:辅助\n干员代号:波登可\n“博士，波登可向你问好！有空的话，博士也来温室坐坐吧！”",
    "\n干员职业:特种\n干员代号:伊桑\n“你问我在哪儿？就在你面前！叫我伊桑吧。你问我刚才发生了啥？哈哈，现在还不能说哦！”",
    "\n干员职业:特种\n干员代号:暗索\n“我叫暗索，很高兴认识你。啊对了，你的饭卡还在这里，别忘记拿了。唔？为什么在我这儿？这是秘·密·哦。”",
    "\n干员职业:特种\n干员代号:砾\n“啾——嗯？怎么脸红了？这只是初见的问候，可没什么其他的意思哦。那么，卡西米尔骑士砾，就请您多有包涵啦，嘻嘻。”",
    "\n干员职业:特种\n干员代号:阿消\n“朋友长官您好，龙门消防署警员阿消向您报道！”",
    "\n干员职业:特种\n干员代号:孑\n“老板好，我叫孑。星熊警官说我更适合在这里做事，我就来了。我懂水产，会做菜，刀功也还可以，应该能帮上忙。”"
  ],
  "_五星干员档案":[
    "\n干员职业:先锋\n干员代号:凛冬\n“凛冬，乌萨斯学生自治团团长。我自己怎么样无所谓，但现在我的同伴需要一个安身之处。好了，快给我安排些工作，我知道在这里生活不是免费的。”",
    "\n干员职业:先锋\n干员代号:德克萨斯\n“代号德克萨斯，职能包括载具驾驶、货物搬运以及人员安全保障。关于任务的说明，请尽量简单些。”",
    "\n干员职业:先锋\n干员代号:格拉尼\n“骑警格拉尼，听到了朋友你求助的声音！没问题的，从今天开始，我会拼尽全力保护你！”",
    "\n干员职业:先锋\n干员代号:苇草\n“是你们......救起了我吗？想知道我的名字？......就叫我“苇草”吧......就像池边的芦苇，怎么样，都可以的......”",
    "\n干员职业:先锋\n干员代号:极境\n“三号作战小队，先锋通讯员极境，前来报到。这应该还是头一次不是机械通讯，而是直接与你对话吧，博士？”",
    "\n干员职业:先锋\n干员代号:贾维\n“嘿，你就是博士吧？你好你好，幸会幸会，小爷贾维，今天起就是你的手下了！”",
    "\n干员职业:狙击\n干员代号:守林人\n“狙击手守林人。为了复仇，我需要强大力量的帮助。”",
    "\n干员职业:狙击\n干员代号:普罗旺斯\n“我是普罗旺斯，是个普通的天灾工作者~您这样盯着我看，是在意我的尾巴吗~？”",
    "\n干员职业:狙击\n干员代号:白金\n“卡西米尔无胄盟刺客，依约而来。怎么称呼？嗯......就叫我白金吧，请多关照咯。”",
    "\n干员职业:狙击\n干员代号:蓝毒\n“初次见面，我是蓝毒，想必您已经听凯尔希医生提起过我，那么，该如何运用我这“毒物”的能力，就交由您来决定了。”",
    "\n干员职业:狙击\n干员代号:送葬人\n“罗德岛的博士，你好。我是与贵司签署了清理协议的拉特兰公民，这里是我的证件。一定要知道怎么称呼我？你可以叫我送葬人，如果你坚持的话。”",
    "\n干员职业:狙击\n干员代号:陨星\n“代号陨星，职业是自由佣兵。如你所见，是萨卡兹人。即使这样，你还依然打算雇佣我吗？”",
    "\n干员职业:狙击\n干员代号:灰喉\n“你就是博士？我听阿米娅提起过你，我就是灰喉，请不要让我失望。”",
    "\n干员职业:狙击\n干员代号:慑砂\n“我知道你在寻找什么，罗德岛的博士，你渴望真相和强大！而我慑砂，愿意赐予你这份力量......哎别，别这样，别推我出门啊，我是认真来求职的！”",
    "\n干员职业:狙击\n干员代号:安哲拉\n“我之前是莫妮卡......哦，现在应该叫她白炽了，反正算是她的保镖吧。这次她终于找到了正经工作，我也可以做些别的事了，总之，请多关照。”",
    "\n干员职业:狙击\n干员代号:四月\n“罗德岛的设施和待遇竟然这么好......啊，抱歉，博士，我只是有些吃惊。我的代号就叫四月吧，嗯，来源是我最喜欢的一首歌哦。”",
    "\n干员职业:狙击\n干员代号:奥斯塔\n“博士，你好。我叫奥斯塔。之前承蒙照顾，我们三个人才没有被干掉。不嫌弃的话，请让我们在这里工作一段时间吧。”",
    "\n干员职业:医疗\n干员代号:华法琳\n“我，华法琳，血液学专科医师。比起普通的治疗法术，我会利用血液学相关知识和经验，为你们提供比常规方式更好的医疗保障。那么，请多关照啦。”",
    "\n干员职业:医疗\n干员代号:微风\n“微风，来自多伦郡的游学者，很荣幸见到您，博士。正式的礼仪太麻烦了，所以就免了吧。”",
    "\n干员职业:医疗\n干员代号:白面鸮\n“前莱茵生命数据维护员白面鸮，如果方便的话，请使用命令行完成您所需的操作。”",
    "\n干员职业:医疗\n干员代号:赫默\n“奥利维亚·赫默，莱茵生命医学研究所的源石研究者。清除这个世界上所有的矿石病，这是我的愿望，即使为此面临生命危险也不会改变。”",
    "\n干员职业:医疗\n干员代号:锡兰\n“你好，我是锡兰，维多利亚国立大学毕业，专攻方向是源石研究，经过凯尔希医生批准，从今天起在罗德岛实习，请多关照，博士。”",
    "\n干员职业:医疗\n干员代号:清流\n“您好！我是城邦水道清理人，代号清流！今后贵舰的用水卫生安全就请放心交给我~啊，这是我从老家带来的腌菜，大家都可以尝尝，保证好吃~”",
    "\n干员职业:医疗\n干员代号:亚叶\n“我是医疗部的亚叶，现在开始参加战地医疗任务，同时应凯尔希老师的要求，对您的健康情况进行管理，请多指教。”",
    "\n干员职业:医疗\n干员代号:絮雨\n“我的代号是絮雨，不过是一介巡游医师。如果可以的话，就将我当做在屋檐下避雨的旅人吧，请不要太在意我的事......”",
    "\n干员职业:医疗\n干员代号:图耶\n“博士？他们说在这里你懂得比谁都多，那我可要好好看看。”",
    "\n干员职业:术士\n干员代号:夜魔\n“夜魔......啊，这只是我的代号。我的名字是葛罗莉亚，如果能叫我的名字，我会很高兴的......我很害怕，那个代号......”",
    "\n干员职业:术士\n干员代号:天火\n““王者之杖”所属，天火。在达成目的之前，我会暂时在罗德岛停留。目的？当然是将整合运动焚烧殆尽。”",
    "\n干员职业:术士\n干员代号:阿米娅\n“博士，能再见到您......真是太好了。今后我们同行的路还很长，所以，请您多多关照！”",
    "\n干员职业:术士\n干员代号:惊蛰\n“我已经同贵司签订了搜查协议，不必多虑，这完全是个人行为。如果你想，可以称呼我，惊蛰。问我是谁？忘了在哪见过我？什么？！”",
    "\n干员职业:术士\n干员代号:莱恩哈特\n“天灾信使莱恩哈特，不知道博士你之前有没有在哪听说过？没有？啊，那就好办了，看来我不用像之前被人事姐姐缠住时一样再讲一遍故事了。”",
    "\n干员职业:术士\n干员代号:苦艾\n“感谢救助，我这条命算是欠你们的。虽然能做的不多，但以后如果有用得着我的地方，尽管说。代号？......嗯，就叫我苦艾吧。”",
    "\n干员职业:术士\n干员代号:蜜蜡\n“......。啊，抱歉，我走神了。你好，博士，我是，我的代号是，呃......对了，我想起来了，是蜜蜡。好听吗？这是最近我的家族的人给我取的！”",
    "\n干员职业:术士\n干员代号:特米米\n“您好，博士。呃我不是来捣乱的，我是，嗯，学习，对，来学习的。嘉维尔都过来了，我也不好一个人待在家乡，对吧。”",
    "\n干员职业:术士\n干员代号:薄绿\n“谢谢你陪我一起搬这些书，放在这里就可以了。那个，我的代号是薄绿，你呢？......欸，博士？你就是天火学姐说的那个博士吗？”",
    "\n干员职业:术士\n干员代号:爱丽丝\n“我是爱丽丝，梦城堡的主人，摇篮的守门人。按照约定，前来归还曾被客人寄存在城堡的东西......奇怪，我怎么找不到那位客人在哪里？”",
    "\n干员职业:术士\n干员代号:炎狱炎熔\n“喂，等等，谁让你不敲门进来的——啊，是博士啊。为什么要换上这身？啊......准备去训练场再试探一下自身技艺的极限。要来看看吗，博士？”",
    "\n干员职业:近卫\n干员代号:因陀罗\n“老子是因陀罗，没什么乱七八糟的能力，干架靠的就是这双拳头。那么，请多关照！”",
    "\n干员职业:近卫\n干员代号:幽灵鲨\n“幽灵鲨......那些‘死者’都这样称呼我。那位医生告诉我，继续获得治疗的条件，是为罗德岛而战。嗯，我会的，我会把我的力量，全都献给你们。”",
    "\n干员职业:近卫\n干员代号:拉普兰德\n“暴虐的恶人阻断正义的道路，我的主人啊，以复仇与恶意为名，引领弱小的人吧。”",
    "\n干员职业:近卫\n干员代号:星极\n“星象学者，星极，以近卫干员身份任职，今后就由您差遣了，博士。”",
    "\n干员职业:近卫\n干员代号:暴行\n“Dr.{self}，来自雷姆必拓的干员暴行向你报道！我一得到你和阿米娅的消息，就立刻赶过来帮忙啦！什么？你什么都不记得？唉唉？！”",
    "\n干员职业:近卫\n干员代号:炎客\n“又见面了，朋友。不要紧，我知道你现在的情况，也对你没有威胁。请把我当做武器来运用，博士。”",
    "\n干员职业:近卫\n干员代号:芙兰卡\n“防化干员芙兰卡，为了最大限度抑制矿石带来的污染，就让我贡献一份力量吧。”",
    "\n干员职业:近卫\n干员代号:诗怀雅\n“龙门高级警司诗怀雅，现在，作为训练顾问，受聘于罗德岛。Dr.{self}，为了龙门的未来，我们两人可得好好相处！”",
    "\n干员职业:近卫\n干员代号:布洛卡\n“既然贾维决定加入你们，我也没什么好说的。你可以叫我布洛卡，我会听你的命令，但别指望我做多余的事，我对你们这样的大组织可没有好感。”",
    "\n干员职业:近卫\n干员代号:柏喙\n“你，你好博士......我的代号是柏喙......请问，这儿有针织缝纫室吗？”",
    "\n干员职业:近卫\n干员代号:铸铁\n“初次见面，新雇主，本人是科林尼亚的雇佣兵，铸铁。手续已经完成了，接下来请期待我的工作成果。”",
    "\n干员职业:近卫\n干员代号:断崖\n“天灾信使护卫，断崖。 合作愉快。”",
    "\n干员职业:近卫\n干员代号:燧石\n“又见面了啊，我是我们部族最高大强壮的战士，燧石。听说你们这里有很多很强的家伙？很好，我会挨个去挑战。啊对了，你知道在哪儿能找到煌大头目吗？”",
    "\n干员职业:近卫\n干员代号:鞭刃\n“啊，这里就是罗德岛了吧？鞭刃佐菲娅，就这么叫我吧。作为卡西米尔的前竞技骑士，我会好好训练你的雇员的。”",
    "\n干员职业:近卫\n干员代号:阿米娅\n“博士，见到你真好。我这样子？唔，别害怕......我会解释的。不过，放心吧博士，不管发生什么，我都不会让你受到一点伤害。我发誓。”",
    "\n干员职业:近卫\n干员代号:战车\n“彩虹小队成员，代号战车。我准备好了，你将把我派去何方？”",
    "\n干员职业:重装\n干员代号:临光\n“玛嘉烈·临光，卡西米尔耀骑士......不，就让我作为一名罗德岛干员，用这面盾牌捍卫您的生命、您的荣耀。”",
    "\n干员职业:重装\n干员代号:可颂\n“我是可颂。老板您的运气可真好，能得到我这样安全可靠刀枪不入的优质干员！另外，现在雇佣我的话，还可以给您打八折哦！”",
    "\n干员职业:重装\n干员代号:拜松\n“初次见面，博士，我是拜松。按照合约内容，接下来我也会作为罗德岛的一员行动，请多指教。”",
    "\n干员职业:重装\n干员代号:火神\n“他们都叫我火神。如果需要的话，我可以给你们损毁的武器做维护，另外......我需要的锻冶设备就在这张图纸里。”",
    "\n干员职业:重装\n干员代号:雷蛇\n“重装干员雷蛇，待命中。我曾参与数次要人保全、据点攻坚、人质解救、威胁肃清的特种行动。在此次派遣行动期间，我会严格保障您的人身安全。”",
    "\n干员职业:重装\n干员代号:吽\n“您就是老鲤说的博士了吧，您好，我是吽，擅长的是安保工作和机械修理，您要是出门缺个保镖，或者电视冰箱坏了，都可以叫我。”",
    "\n干员职业:重装\n干员代号:石棉\n“虽然我一年里至少有一半时间在外探险，但工资我要正常待遇，也要给我留一间宿舍，你要这样的员工？......要了？哈？啧，神经。”",
    "\n干员职业:重装\n干员代号:闪击\n“彩虹小队成员，代号闪击。你下令，我就把盾拍在目标脸上！”",
    "\n干员职业:辅助\n干员代号:初雪\n“嘘，我是偷偷跑出来——啊，嗯，人事主管你也在啊，是的，我是来协助罗德岛的。喀兰圣女，初雪，向你献上至洁的祝福。”",
    "\n干员职业:辅助\n干员代号:格劳克斯\n“干员格劳克斯，今日报到。请问我可以回房间了吗？”",
    "\n干员职业:辅助\n干员代号:梅尔\n“莱茵生命所属，鲁特拉工作室，竭诚为您服务。是的，没有其他成员，我一人就是整个工作室。很厉害吧！”",
    "\n干员职业:辅助\n干员代号:真理\n“我是真理，虽然还是一名学生，却因为会使用法术，所以就被招募了......是啊，身为学生却站在这种地方，真是奇怪，不是吗？”",
    "\n干员职业:辅助\n干员代号:空\n“嗨！我是来自MSR的，大家的偶像空~！呃，抱歉抱歉~这种风格的自我介绍，好像不太适合罗德岛吧。呜......”",
    "\n干员职业:辅助\n干员代号:巫恋\n“新名字是巫恋......这是小莫提......至于其他的事情......你最好不要知道，小莫提说过，这对大家都不好......”",
    "\n干员职业:辅助\n干员代号:月禾\n“初次见面，忘了介绍的礼数可不行。吾乃月禾，曾是东国一地的小小“灾巡”，能成为您的下属，真是不胜荣幸。”",
    "\n干员职业:辅助\n干员代号:稀音\n“摄影师稀音与摄影辅助机器人镜头，很高兴能认识你。”",
    "\n干员职业:特种\n干员代号:崖心\n“我就是将要触摸天际的崖心，请多关照！”",
    "\n干员职业:特种\n干员代号:槐琥\n“请问这里就是罗德岛吗？你好，我是今天起在这里打工的槐琥，请严格要求我，我一定能满足各位的工作需求。嗯，一定。”",
    "\n干员职业:特种\n干员代号:狮蝎\n“我是狮蝎，能力是，悄无声息地夺走别人的生命......请别害怕，这次的目标，不是你......”",
    "\n干员职业:特种\n干员代号:红\n“猎狼人，红，闻到了狼的气息。”",
    "\n干员职业:特种\n干员代号:食铁兽\n“以前在哪儿见过我？那肯定是在银幕上啦~不过现在的我叫食铁兽呢，以后的工作安排就麻烦你了哦。”",
    "\n干员职业:特种\n干员代号:雪雉\n“呜，我的头！不好意思，您、您就是博士？初次见面，我叫雪雉，对不起，不该低着头走路的......”",
    "\n干员职业:特种\n干员代号:罗宾\n“你好，博士，我是新加入的干员，请叫我罗宾就好。我很缺钱，所以如果不嫌弃的话，请尽管差遣我吧。”",
    "\n干员职业:特种\n干员代号:卡夫卡\n“找卡夫卡有什么事吗......喂，不要当着这么多人说出来啊。当我是个普通的园艺师就好啦。”",
    "\n干员职业:特种\n干员代号:霜华\n“彩虹小队所属，代号霜华，请下命令吧，长官。”"
  ],
  "_六星干员档案":[
    "\n干员职业:先锋\n干员代号:推进之王\n“力量测试已经通过了吧。那么，请给我些任务，别让这把锤子太无聊。代号？大家都叫我“推进之王”，不是很好记，但我觉得还不错。”",
    "\n干员职业:先锋\n干员代号:风笛\n“你好！你就是博士，对不对？龙门的陈警司说我可以在这找到帮手！要先签名？嗯，风——笛——好了！欸？“成为干员”？“全日驻舰”？那是什么呀！”",
    "\n干员职业:先锋\n干员代号:嵯峨\n“你就是博士？你好......啊，这种时候应该严肃一些对吧？咳咳，小僧名唤嵯峨，是一名云游僧，如果有用得到小僧的地方，任凭差遣！”",
    "\n干员职业:狙击\n干员代号:能天使\n“口令是“企鹅帝国万岁”，你就是雇主吗？叫我能天使。我和那个冷淡的鲁珀人可不一样，你要是想找点有趣的事做，随时都可以来叫我！”",
    "\n干员职业:狙击\n干员代号:黑\n“我是锡兰小姐的私人保镖，黑，跟随小姐加入罗德岛。可能的话，希望尽量让我和小姐一起行动。”",
    "\n干员职业:狙击\n干员代号:W\n“萨卡兹佣兵，W，真是好久不见，虽然这个“好久”可能含义不同。但没关系，既然现在的你不是我要找的你，那你暂时是安全的，暂时哦。”",
    "\n干员职业:狙击\n干员代号:早露\n“你好，博士，请允许我再次向罗德岛表达谢意，感谢你们能够收留我和我的朋友们。我已经在后勤部门休息得够久了，现在也让我做一些凛冬她们在做的事吧。”",
    "\n干员职业:狙击\n干员代号:迷迭香\n“你好博士，精英干员迷迭香来报道了。凯尔希批准了，你现在可以指挥我和我的小队。把我的能力用在对的地方吧，博士。对了，我很容易忘事，记得提醒我。”",
    "\n干员职业:狙击\n干员代号:空弦\n“兰登修道院所属修士，干员空弦，为了重建闻名遐迩的兰登修道院，今日起与贵司正式合作，请博士务必过目一下这些商务合作条款！”",
    "\n干员职业:狙击\n干员代号:灰烬\n“彩虹小队成员，代号灰烬，已获得行动授权，请开始部署任务。”",
    "\n干员职业:医疗\n干员代号:夜莺\n“丽兹，这是我真正的名字。除此之外的事情，我都不记得了......”",
    "\n干员职业:医疗\n干员代号:闪灵\n“巡回医师闪灵。你在哪里见过我吗？或许在旅途中，我们也曾擦肩而过。”",
    "\n干员职业:术士\n干员代号:伊芙利特\n“我就是伊芙利特！赫默说罗德岛是个好地方，但我不喜欢你们这些穿白大衣的家伙......除了赫默之外。”",
    "\n干员职业:术士\n干员代号:艾雅法拉\n“我是艾雅法拉，加入罗德岛前一直在研究火山地质。因为矿石病的影响，我的听力不太好，也许，以后要多多麻烦您了，前辈~”",
    "\n干员职业:术士\n干员代号:莫斯提马\n“你好，博士，我是莫斯提马。你应该听大帝说过，我不受罗德岛与企鹅物流的合约约束，可以自由行动。不过，闲时我也会在罗德岛逗留。那么，请多指教。”",
    "\n干员职业:术士\n干员代号:刻俄柏\n“你好像还挺和善的，是叫博士对吧。我是刻俄柏，要是觉得拗口可以叫我小刻，以后就在你这儿待着了。”",
    "\n干员职业:术士\n干员代号:夕\n“啊？博士？又是合同？好了好了，签了以后你可别再来烦我。拿去......事先讲好，夕我，从不送画，谁都不送。也不接单！”",
    "\n干员职业:近卫\n干员代号:斯卡蒂\n“斯卡蒂，赏金猎人。你真要签下我？我可是那种，会给你带来灾祸的人哦。”",
    "\n干员职业:近卫\n干员代号:赫拉格\n“赫拉格，一介被感染了的武夫。为了重建我的诊所“阿撒兹勒”以及保护我的家人，我愿意和罗德岛合作。事先声明，我不懂医术。”",
    "\n干员职业:近卫\n干员代号:银灰\n“银灰，你的盟友，前来助力。你不会让我失望的，对吗。”",
    "\n干员职业:近卫\n干员代号:陈\n“陈，龙门近卫局特别督察组组长。基于一些特殊原因，我要暂时留在这里一段时间。之前的合作中，我想我们已经彼此了解了，请马上带我去工作现场吧”",
    "\n干员职业:近卫\n干员代号:煌\n“罗德岛干员，煌，向你报道。拿着，这是可以直接调遣我的权限认可书，凯尔希医生已经签了名了。好了博士，就让其他小队看看我们的本事吧！”",
    "\n干员职业:近卫\n干员代号:棘刺\n“你就是博士吗，自我介绍一下，代号棘刺，今天起就任——嗯？我的裤脚卷起来了？......不要在意，这是常有的事。”",
    "\n干员职业:近卫\n干员代号:史尔特尔\n“我是史尔特尔，你就是他们说的博士吗。今后我会在罗德岛工作，希望你们不要让我觉得无聊。”",
    "\n干员职业:近卫\n干员代号:山\n“既然你们救了我，那我也必须对你们诚实，博士。我的目标是莱茵生命中的某个部门，不想破坏你们的友谊的话，你现在还有机会让我离开。”",
    "\n干员职业:重装\n干员代号:塞雷娅\n“塞雷娅，原莱茵生命研究所实验组成员。至于现在......为了让偏离传统的事物回归正途，我需要罗德岛的协助。”",
    "\n干员职业:重装\n干员代号:星熊\n“星熊，重装干员，今后将是您的盾、您的利器、您的壁垒。请多多指教，博士。”",
    "\n干员职业:重装\n干员代号:年\n“有人吗？贵公司的员工和我说这里生活条件很好，免费食宿，还有多种多样的娱乐方式......闲杂人员不得入内？哎，别这样，给个面子嘛。”",
    "\n干员职业:重装\n干员代号:森蚺\n“测试我都通过了，现在我可以留在这里了吧？我想学习建造Lancet-2那样会说话的机器......唔，代号？我的名字是祖玛玛，用名字不行吗？”",
    "\n干员职业:重装\n干员代号:瑕光\n“卡西米尔骑士，代号“瑕光”，嘿——早就听姐姐说过很多你的事情啦，博士，直接喊我玛莉娅也可以哦？”",
    "\n干员职业:重装\n干员代号:泥岩\n“萨卡兹雇佣兵，泥岩......您就是博士吗，罗德岛救了我不止一次，现在，请让我回报您吧。”",
    "\n干员职业:辅助\n干员代号:安洁莉娜\n“我是来自叙拉古的信使，安心院安洁莉娜。嗯，叫我安洁莉娜就可以了。我能用朋友来称呼博士你吗？”",
    "\n干员职业:辅助\n干员代号:麦哲伦\n“莱茵生命科考专员麦哲伦，发现了一艘神秘的科研船？哇哇哇，你，你是罗德岛的博士吧，啊嗯......要不要加入我的探险队呢？很有趣的！”",
    "\n干员职业:辅助\n干员代号:铃兰\n“罗德岛干员丽萨......啊不对，是铃兰，干员铃兰！是我自己挑的代号喔，今天开始正式作为干员行动，请多指教！”",
    "\n干员职业:特种\n干员代号:阿\n“你就是博士吧？幸会幸会。我叫阿，对，就是阿——的阿。事务所在罗德岛有些事情要处理，所以我就来了。事先问问，你对医疗事故敏感吗？”",
    "\n干员职业:特种\n干员代号:傀影\n“代号傀影，黑夜中的幽灵，幕布后的幻影。告诉我，你的敌人在哪，是谁……”",
    "\n干员职业:特种\n干员代号:温蒂\n“你好，我是罗德岛工程部的温蒂，很早以前就听说过博士的大名了，希望之后能多多指教。啊，握手的话请用这边带着手套的右手。”"
  ],
  "_一星干员档案简":[
    "医疗 Lancet-2",
    "近卫 Castle-3",
    "特种 THRM-EX"
  ],
  "_二星干员档案简":[
    "先锋 夜刀",
    "术士 杜林",
    "术士 12F",
    "狙击 巡林者",
    "重装 黑角"
  ],
  "_三星干员档案简":[
    "先锋 翎羽",
    "先锋 芬",
    "先锋 香草",
    "狙击 克洛丝",
    "狙击 安德切尔",
    "狙击 空爆",
    "医疗 安赛尔",
    "医疗 芙蓉",
    "术士 史都华德",
    "术士 炎熔",
    "近卫 月见夜",
    "近卫 泡普卡",
    "近卫 玫兰莎",
    "重装 卡缇",
    "重装 斑点",
    "重装 米格鲁",
    "辅助 梓兰"
  ],
  "_四星干员档案简":[
    "先锋 桃金娘",
    "先锋 清道夫",
    "先锋 红豆",
    "先锋 讯使",
    "先锋 豆苗",
    "狙击 杰西卡",
    "狙击 梅",
    "狙击 流星",
    "狙击 白雪",
    "狙击 红云",
    "狙击 安比尔",
    "狙击 酸糖",
    "狙击 松果",
    "医疗 嘉维尔",
    "医疗 末药",
    "医疗 苏苏洛",
    "医疗 调香师",
    "术士 夜烟",
    "术士 格雷伊",
    "术士 远山",
    "术士 卡达",
    "近卫 慕斯",
    "近卫 杜宾",
    "近卫 猎蜂",
    "近卫 缠丸",
    "近卫 艾丝黛尔",
    "近卫 霜叶",
    "近卫 宴",
    "近卫 断罪者",
    "近卫 刻刀",
    "近卫 芳汀",
    "近卫 杰克",
    "重装 古米",
    "重装 坚雷",
    "重装 蛇屠箱",
    "重装 角峰",
    "重装 泡泡",
    "辅助 地灵",
    "辅助 深海色",
    "辅助 波登可",
    "特种 伊桑",
    "特种 暗索",
    "特种 砾",
    "特种 阿消",
    "特种 孑"
  ],
  "_五星干员档案简":[
    "先锋 凛冬",
    "先锋 德克萨斯",
    "先锋 格拉尼",
    "先锋 苇草",
    "先锋 极境",
    "先锋 贾维",
    "狙击 守林人",
    "狙击 普罗旺斯",
    "狙击 白金",
    "狙击 蓝毒",
    "狙击 送葬人",
    "狙击 陨星",
    "狙击 灰喉",
    "狙击 慑砂",
    "狙击 安哲拉",
    "狙击 四月",
    "狙击 奥斯塔",
    "医疗 华法琳",
    "医疗 微风",
    "医疗 白面鸮",
    "医疗 赫默",
    "医疗 锡兰",
    "医疗 清流",
    "医疗 亚叶",
    "医疗 絮雨",
    "医疗 图耶",
    "术士 夜魔",
    "术士 天火",
    "术士 阿米娅",
    "术士 惊蛰",
    "术士 莱恩哈特",
    "术士 苦艾",
    "术士 蜜蜡",
    "术士 特米米",
    "术士 薄绿",
    "术士 爱丽丝",
    "术士 炎狱炎熔",
    "近卫 因陀罗",
    "近卫 幽灵鲨",
    "近卫 拉普兰德",
    "近卫 星极",
    "近卫 暴行",
    "近卫 炎客",
    "近卫 芙兰卡",
    "近卫 诗怀雅",
    "近卫 布洛卡",
    "近卫 柏喙",
    "近卫 铸铁",
    "近卫 断崖",
    "近卫 燧石",
    "近卫 鞭刃",
    "近卫 阿米娅",
    "近卫 战车",
    "重装 临光",
    "重装 可颂",
    "重装 拜松",
    "重装 火神",
    "重装 雷蛇",
    "重装 吽",
    "重装 石棉",
    "重装 闪击",
    "辅助 初雪",
    "辅助 格劳克斯",
    "辅助 梅尔",
    "辅助 真理",
    "辅助 空",
    "辅助 巫恋",
    "辅助 月禾",
    "辅助 稀音",
    "特种 崖心",
    "特种 槐琥",
    "特种 狮蝎",
    "特种 红",
    "特种 食铁兽",
    "特种 雪雉",
    "特种 罗宾",
    "特种 卡夫卡",
    "特种 乌有",
    "特种 霜华"
  ],
  "_六星干员档案简":[
    "先锋 推进之王",
    "先锋 风笛",
    "先锋 嵯峨",
    "狙击 能天使",
    "狙击 黑",
    "狙击 W",
    "狙击 早露",
    "狙击 迷迭香",
    "狙击 灰烬",
    "医疗 夜莺",
    "医疗 闪灵",
    "术士 伊芙利特",
    "术士 艾雅法拉",
    "术士 莫斯提马",
    "术士 刻俄柏",
    "术士 夕",
    "近卫 斯卡蒂",
    "近卫 赫拉格",
    "近卫 银灰",
    "近卫 陈",
    "近卫 煌",
    "近卫 棘刺",
    "近卫 史尔特尔",
    "近卫 山",
    "重装 塞雷娅",
    "重装 星熊",
    "重装 年",
    "重装 森蚺",
    "重装 瑕光",
    "重装 泥岩",
    "辅助 安洁莉娜",
    "辅助 麦哲伦",
    "辅助 铃兰",
    "特种 阿",
    "特种 傀影",
    "特种 温蒂"
  ]
}
