﻿{
	"非想天则":["触手他要吃人了！！！使用的机体是:\n『{全人类}』，{喜怒哀乐}卡组"],
	"非想天则对局":["你连上了一个神秘的IP……\n这一把，你使用的机体是{非想天则机体}，卡组是{喜怒哀乐}，\对手是使用{非想天则机体}的{非想天则对手}。\n经过激烈战斗，最后的结果是{非想天则对局结果}。"],
	"全人类":["小小的百鬼夜行 伊吹萃香","幻想的境界 八云紫","天衣无缝的亡灵 西行寺幽幽子","永远的红色幼月 蕾米莉亚·斯卡雷特","半人半灵的庭师 魂魄妖梦","不动的大图书馆 帕秋莉·诺蕾姬","七色的人偶使 爱丽丝·玛格特罗伊德","完美潇洒的从者 十六夜咲夜","普通的魔法使 雾雨魔理沙","乐园的巫女 博丽灵梦","被祭祀着的风之人类 东风谷早苗","冰之妖精 琪露诺","华人少女 红美铃","热恼神之火 灵乌路空","土著神的顶点 洩矢诹访子","疯狂的红眼 铃仙·优昙华院·因幡","传统的幻想记者 射命丸文","三途河上的摆渡人 小野冢小町","美丽的绯之衣 永江衣玖","非想非非想天的少女 比那名居天子"],
	"非想天则机体":["瓜","紫","uu","蝙蝠","ym","姆Q","小爱","16","黑白","红白","苗机","⑨","美铃","高达","青蛙","兔子","文机","小町","19","天子"],
	"非想天则对手":["沙包","沙包","沙包","沙包","沙包","沙包","沙包","沙包","沙包","沙包","沙包","沙包","沙包","沙包","沙包","沙包","沙包","沙包","沙包","沙包","沙包","沙包","沙包","沙包","沙包","触手","触手","触手","触手","触手","触手","触手","触手","触手","触手","触手","触手","触手","触手","触手","触手","触手","触手","触手","触手","触手","触手","触手","触手","触手","旗鼓相当的对手","旗鼓相当的对手","旗鼓相当的对手","旗鼓相当的对手","旗鼓相当的对手","旗鼓相当的对手","旗鼓相当的对手","旗鼓相当的对手","旗鼓相当的对手","旗鼓相当的对手","旗鼓相当的对手","旗鼓相当的对手","旗鼓相当的对手","旗鼓相当的对手","旗鼓相当的对手","旗鼓相当的对手","旗鼓相当的对手","旗鼓相当的对手","旗鼓相当的对手","旗鼓相当的对手","旗鼓相当的对手","旗鼓相当的对手","旗鼓相当的对手","旗鼓相当的对手","旗鼓相当的对手","黑幕","黑幕","黑幕","黑幕","黑幕","黑幕","黑幕","黑幕","黑幕","黑幕","{非想天则机体}领袖","{非想天则机体}领袖","{非想天则机体}领袖","{非想天则机体}领袖","{非想天则机体}领袖","{非想天则机体}领袖","{非想天则机体}领袖","{非想天则机体}领袖","{非想天则机体}领袖","{非想天则机体}领袖","{非想天则机体}领袖","mian佬","mian佬","mian佬","mian佬","本卡堆的作者青蓝流星（对二菜鸡）"],
	"非想天则对局结果":["你努力拿到了一次一本，可惜最后还是差了一点啦","对方尽力拿到了你一本，双方都很强呢","你被双无伤了，令人同情呢","对方被你双无伤了，触手真可怕啊","你被对方用娱乐卡组戏弄了，真惨啊","对方被你用娱乐卡组戏弄了。说真的这还蛮谔谔的","你们之间平局了一把，然后你在最终战中拿到了决着。真是看到了珍奇无比的画面呢","你们之间平局了一把，然后对方在最终战中拿到了决着。尽力了尽力了","你拿到了2:0决着。实力很强，再接再厉","你被对方2:0决着了，实力还是差了一点点，加油练习吧"],
	"喜怒哀乐":["喜","怒","哀","乐"]
}